ISO-10303-21;
HEADER;
/* Generated by software containing ST-Developer
 * from STEP Tools, Inc. (www.steptools.com) 
 */
/* OPTION: strings as raw bytes, not using required /X/ escapes */

FILE_DESCRIPTION(
/* description */ ('Unknown'),
/* implementation_level */ '2;1');

FILE_NAME(
/* name */ 'Ball Bearing Door Hinge-2',
/* time_stamp */ '2026-02-02T16:57:55+05:00',
/* author */ ('Unknown'),
/* organization */ ('Unknown'),
/* preprocessor_version */ 'ST-DEVELOPER v16.7',
/* originating_system */ 'DEX',
/* authorisation */ $);

FILE_SCHEMA (('AUTOMOTIVE_DESIGN {1 0 10303 214 3 1 1}'));
ENDSEC;

DATA;
#10=PROPERTY_DEFINITION_REPRESENTATION(#14,#12);
#11=PROPERTY_DEFINITION_REPRESENTATION(#15,#13);
#12=REPRESENTATION('',(#16),#4821);
#13=REPRESENTATION('',(#17),#4821);
#14=PROPERTY_DEFINITION('pmi validation property','',#4838);
#15=PROPERTY_DEFINITION('pmi validation property','',#4838);
#16=VALUE_REPRESENTATION_ITEM('number of annotations',COUNT_MEASURE(0.));
#17=VALUE_REPRESENTATION_ITEM('number of views',COUNT_MEASURE(0.));
#18=VERTEX_LOOP('',#1481);
#19=VERTEX_LOOP('',#1482);
#20=VERTEX_LOOP('',#1483);
#21=VERTEX_LOOP('',#1484);
#22=VERTEX_LOOP('',#1485);
#23=VERTEX_LOOP('',#1486);
#24=VERTEX_LOOP('',#1487);
#25=VERTEX_LOOP('',#1488);
#26=VERTEX_LOOP('',#1489);
#27=VERTEX_LOOP('',#1490);
#28=VERTEX_LOOP('',#1491);
#29=SPHERICAL_SURFACE('',#3282,1.15);
#30=SPHERICAL_SURFACE('',#3283,1.15);
#31=SPHERICAL_SURFACE('',#3284,1.15);
#32=SPHERICAL_SURFACE('',#3285,1.15);
#33=SPHERICAL_SURFACE('',#3286,1.15);
#34=SPHERICAL_SURFACE('',#3287,1.15);
#35=SPHERICAL_SURFACE('',#3288,1.15);
#36=SPHERICAL_SURFACE('',#3289,1.15);
#37=SPHERICAL_SURFACE('',#3290,1.15);
#38=SPHERICAL_SURFACE('',#3291,1.15);
#39=SPHERICAL_SURFACE('',#3292,1.15);
#40=SPHERICAL_SURFACE('',#3375,12.);
#41=SPHERICAL_SURFACE('',#3376,12.);
#42=B_SPLINE_CURVE_WITH_KNOTS('',3,(#4495,#4496,#4497,#4498),
 .UNSPECIFIED.,.F.,.F.,(4,4),(5.42101086242752E-20,0.00288368860181811),
 .UNSPECIFIED.);
#43=B_SPLINE_CURVE_WITH_KNOTS('',3,(#4504,#4505,#4506,#4507),
 .UNSPECIFIED.,.F.,.F.,(4,4),(4.33680868994202E-19,0.00242599815242147),
 .UNSPECIFIED.);
#44=B_SPLINE_CURVE_WITH_KNOTS('',3,(#4511,#4512,#4513,#4514),
 .UNSPECIFIED.,.F.,.F.,(4,4),(2.37940648273931E-7,0.000493331316225413),
 .UNSPECIFIED.);
#45=B_SPLINE_CURVE_WITH_KNOTS('',3,(#4574,#4575,#4576,#4577),
 .UNSPECIFIED.,.F.,.F.,(4,4),(2.16840434497101E-19,0.00288788337268383),
 .UNSPECIFIED.);
#46=B_SPLINE_CURVE_WITH_KNOTS('',3,(#4587,#4588,#4589,#4590),
 .UNSPECIFIED.,.F.,.F.,(4,4),(4.33680868994202E-19,0.00242537236452934),
 .UNSPECIFIED.);
#47=B_SPLINE_CURVE_WITH_KNOTS('',3,(#4599,#4600,#4601,#4602),
 .UNSPECIFIED.,.F.,.F.,(4,4),(4.49849869417575E-7,0.000493543225446577),
 .UNSPECIFIED.);
#48=B_SPLINE_CURVE_WITH_KNOTS('',3,(#4745,#4746,#4747,#4748),
 .UNSPECIFIED.,.F.,.F.,(4,4),(0.,0.0016974942087909),.UNSPECIFIED.);
#49=B_SPLINE_CURVE_WITH_KNOTS('',3,(#4753,#4754,#4755,#4756),
 .UNSPECIFIED.,.F.,.F.,(4,4),(2.16840434497101E-19,0.0016974942087909),
 .UNSPECIFIED.);
#50=B_SPLINE_CURVE_WITH_KNOTS('',3,(#4770,#4771,#4772,#4773),
 .UNSPECIFIED.,.F.,.F.,(4,4),(0.,0.0016974942087909),.UNSPECIFIED.);
#51=B_SPLINE_CURVE_WITH_KNOTS('',3,(#4775,#4776,#4777,#4778),
 .UNSPECIFIED.,.F.,.F.,(4,4),(2.16840434497101E-19,0.0016974942087909),
 .UNSPECIFIED.);
#52=LINE('',#4203,#196);
#53=LINE('',#4207,#197);
#54=LINE('',#4211,#198);
#55=LINE('',#4213,#199);
#56=LINE('',#4215,#200);
#57=LINE('',#4219,#201);
#58=LINE('',#4224,#202);
#59=LINE('',#4228,#203);
#60=LINE('',#4230,#204);
#61=LINE('',#4232,#205);
#62=LINE('',#4236,#206);
#63=LINE('',#4240,#207);
#64=LINE('',#4242,#208);
#65=LINE('',#4243,#209);
#66=LINE('',#4245,#210);
#67=LINE('',#4250,#211);
#68=LINE('',#4254,#212);
#69=LINE('',#4256,#213);
#70=LINE('',#4258,#214);
#71=LINE('',#4262,#215);
#72=LINE('',#4266,#216);
#73=LINE('',#4271,#217);
#74=LINE('',#4273,#218);
#75=LINE('',#4275,#219);
#76=LINE('',#4279,#220);
#77=LINE('',#4283,#221);
#78=LINE('',#4287,#222);
#79=LINE('',#4288,#223);
#80=LINE('',#4290,#224);
#81=LINE('',#4292,#225);
#82=LINE('',#4294,#226);
#83=LINE('',#4296,#227);
#84=LINE('',#4298,#228);
#85=LINE('',#4300,#229);
#86=LINE('',#4302,#230);
#87=LINE('',#4304,#231);
#88=LINE('',#4306,#232);
#89=LINE('',#4308,#233);
#90=LINE('',#4310,#234);
#91=LINE('',#4314,#235);
#92=LINE('',#4316,#236);
#93=LINE('',#4320,#237);
#94=LINE('',#4322,#238);
#95=LINE('',#4332,#239);
#96=LINE('',#4335,#240);
#97=LINE('',#4337,#241);
#98=LINE('',#4338,#242);
#99=LINE('',#4339,#243);
#100=LINE('',#4349,#244);
#101=LINE('',#4352,#245);
#102=LINE('',#4353,#246);
#103=LINE('',#4354,#247);
#104=LINE('',#4356,#248);
#105=LINE('',#4358,#249);
#106=LINE('',#4361,#250);
#107=LINE('',#4365,#251);
#108=LINE('',#4367,#252);
#109=LINE('',#4369,#253);
#110=LINE('',#4373,#254);
#111=LINE('',#4379,#255);
#112=LINE('',#4382,#256);
#113=LINE('',#4383,#257);
#114=LINE('',#4385,#258);
#115=LINE('',#4386,#259);
#116=LINE('',#4388,#260);
#117=LINE('',#4390,#261);
#118=LINE('',#4392,#262);
#119=LINE('',#4394,#263);
#120=LINE('',#4396,#264);
#121=LINE('',#4397,#265);
#122=LINE('',#4399,#266);
#123=LINE('',#4400,#267);
#124=LINE('',#4404,#268);
#125=LINE('',#4406,#269);
#126=LINE('',#4408,#270);
#127=LINE('',#4410,#271);
#128=LINE('',#4423,#272);
#129=LINE('',#4426,#273);
#130=LINE('',#4428,#274);
#131=LINE('',#4430,#275);
#132=LINE('',#4432,#276);
#133=LINE('',#4437,#277);
#134=LINE('',#4441,#278);
#135=LINE('',#4443,#279);
#136=LINE('',#4445,#280);
#137=LINE('',#4449,#281);
#138=LINE('',#4453,#282);
#139=LINE('',#4458,#283);
#140=LINE('',#4460,#284);
#141=LINE('',#4462,#285);
#142=LINE('',#4466,#286);
#143=LINE('',#4470,#287);
#144=LINE('',#4474,#288);
#145=LINE('',#4475,#289);
#146=LINE('',#4477,#290);
#147=LINE('',#4480,#291);
#148=LINE('',#4482,#292);
#149=LINE('',#4484,#293);
#150=LINE('',#4486,#294);
#151=LINE('',#4488,#295);
#152=LINE('',#4491,#296);
#153=LINE('',#4493,#297);
#154=LINE('',#4500,#298);
#155=LINE('',#4502,#299);
#156=LINE('',#4509,#300);
#157=LINE('',#4516,#301);
#158=LINE('',#4518,#302);
#159=LINE('',#4520,#303);
#160=LINE('',#4522,#304);
#161=LINE('',#4524,#305);
#162=LINE('',#4526,#306);
#163=LINE('',#4528,#307);
#164=LINE('',#4530,#308);
#165=LINE('',#4532,#309);
#166=LINE('',#4543,#310);
#167=LINE('',#4545,#311);
#168=LINE('',#4547,#312);
#169=LINE('',#4548,#313);
#170=LINE('',#4558,#314);
#171=LINE('',#4559,#315);
#172=LINE('',#4561,#316);
#173=LINE('',#4563,#317);
#174=LINE('',#4565,#318);
#175=LINE('',#4567,#319);
#176=LINE('',#4570,#320);
#177=LINE('',#4580,#321);
#178=LINE('',#4582,#322);
#179=LINE('',#4583,#323);
#180=LINE('',#4585,#324);
#181=LINE('',#4592,#325);
#182=LINE('',#4594,#326);
#183=LINE('',#4597,#327);
#184=LINE('',#4603,#328);
#185=LINE('',#4605,#329);
#186=LINE('',#4607,#330);
#187=LINE('',#4609,#331);
#188=LINE('',#4611,#332);
#189=LINE('',#4613,#333);
#190=LINE('',#4751,#334);
#191=LINE('',#4758,#335);
#192=LINE('',#4762,#336);
#193=LINE('',#4766,#337);
#194=LINE('',#4780,#338);
#195=LINE('',#4784,#339);
#196=VECTOR('',#3493,1000.);
#197=VECTOR('',#3496,1000.);
#198=VECTOR('',#3499,1000.);
#199=VECTOR('',#3500,1000.);
#200=VECTOR('',#3501,1000.);
#201=VECTOR('',#3504,1000.);
#202=VECTOR('',#3509,1000.);
#203=VECTOR('',#3512,1000.);
#204=VECTOR('',#3513,1000.);
#205=VECTOR('',#3514,1000.);
#206=VECTOR('',#3517,1000.);
#207=VECTOR('',#3520,1000.);
#208=VECTOR('',#3523,1000.);
#209=VECTOR('',#3524,1000.);
#210=VECTOR('',#3527,1000.);
#211=VECTOR('',#3530,1000.);
#212=VECTOR('',#3533,1000.);
#213=VECTOR('',#3534,1000.);
#214=VECTOR('',#3535,1000.);
#215=VECTOR('',#3538,1000.);
#216=VECTOR('',#3543,1000.);
#217=VECTOR('',#3546,1000.);
#218=VECTOR('',#3547,1000.);
#219=VECTOR('',#3548,1000.);
#220=VECTOR('',#3551,1000.);
#221=VECTOR('',#3554,1000.);
#222=VECTOR('',#3559,1000.);
#223=VECTOR('',#3560,1000.);
#224=VECTOR('',#3563,1000.);
#225=VECTOR('',#3564,1000.);
#226=VECTOR('',#3565,1000.);
#227=VECTOR('',#3568,1000.);
#228=VECTOR('',#3569,1000.);
#229=VECTOR('',#3572,1000.);
#230=VECTOR('',#3573,1000.);
#231=VECTOR('',#3576,1000.);
#232=VECTOR('',#3577,1000.);
#233=VECTOR('',#3578,1000.);
#234=VECTOR('',#3581,1000.);
#235=VECTOR('',#3586,1000.);
#236=VECTOR('',#3587,1000.);
#237=VECTOR('',#3592,1000.);
#238=VECTOR('',#3593,1000.);
#239=VECTOR('',#3604,1000.);
#240=VECTOR('',#3605,1000.);
#241=VECTOR('',#3606,1000.);
#242=VECTOR('',#3607,1000.);
#243=VECTOR('',#3608,1000.);
#244=VECTOR('',#3619,1000.);
#245=VECTOR('',#3620,1000.);
#246=VECTOR('',#3621,1000.);
#247=VECTOR('',#3622,1000.);
#248=VECTOR('',#3623,1000.);
#249=VECTOR('',#3626,1000.);
#250=VECTOR('',#3629,1000.);
#251=VECTOR('',#3632,1000.);
#252=VECTOR('',#3633,1000.);
#253=VECTOR('',#3634,1000.);
#254=VECTOR('',#3637,1000.);
#255=VECTOR('',#3646,1000.);
#256=VECTOR('',#3651,1000.);
#257=VECTOR('',#3652,1000.);
#258=VECTOR('',#3655,1000.);
#259=VECTOR('',#3656,1000.);
#260=VECTOR('',#3659,1000.);
#261=VECTOR('',#3662,1000.);
#262=VECTOR('',#3665,1000.);
#263=VECTOR('',#3668,1000.);
#264=VECTOR('',#3671,1000.);
#265=VECTOR('',#3672,1000.);
#266=VECTOR('',#3675,1000.);
#267=VECTOR('',#3676,1000.);
#268=VECTOR('',#3683,1000.);
#269=VECTOR('',#3686,1000.);
#270=VECTOR('',#3689,1000.);
#271=VECTOR('',#3692,1000.);
#272=VECTOR('',#3717,1000.);
#273=VECTOR('',#3718,1000.);
#274=VECTOR('',#3719,1000.);
#275=VECTOR('',#3720,1000.);
#276=VECTOR('',#3723,1000.);
#277=VECTOR('',#3726,1000.);
#278=VECTOR('',#3729,1000.);
#279=VECTOR('',#3730,1000.);
#280=VECTOR('',#3731,1000.);
#281=VECTOR('',#3734,1000.);
#282=VECTOR('',#3739,1000.);
#283=VECTOR('',#3742,1000.);
#284=VECTOR('',#3743,1000.);
#285=VECTOR('',#3744,1000.);
#286=VECTOR('',#3747,1000.);
#287=VECTOR('',#3750,1000.);
#288=VECTOR('',#3755,1000.);
#289=VECTOR('',#3756,1000.);
#290=VECTOR('',#3759,1000.);
#291=VECTOR('',#3760,1000.);
#292=VECTOR('',#3761,1000.);
#293=VECTOR('',#3762,1000.);
#294=VECTOR('',#3765,1000.);
#295=VECTOR('',#3766,1000.);
#296=VECTOR('',#3771,1000.);
#297=VECTOR('',#3772,1000.);
#298=VECTOR('',#3773,1000.);
#299=VECTOR('',#3776,1000.);
#300=VECTOR('',#3777,1000.);
#301=VECTOR('',#3780,1000.);
#302=VECTOR('',#3781,1000.);
#303=VECTOR('',#3782,1000.);
#304=VECTOR('',#3785,1000.);
#305=VECTOR('',#3786,1000.);
#306=VECTOR('',#3789,1000.);
#307=VECTOR('',#3790,1000.);
#308=VECTOR('',#3791,1000.);
#309=VECTOR('',#3794,1000.);
#310=VECTOR('',#3807,1000.);
#311=VECTOR('',#3808,1000.);
#312=VECTOR('',#3809,1000.);
#313=VECTOR('',#3810,1000.);
#314=VECTOR('',#3821,1000.);
#315=VECTOR('',#3822,1000.);
#316=VECTOR('',#3823,1000.);
#317=VECTOR('',#3824,1000.);
#318=VECTOR('',#3827,1000.);
#319=VECTOR('',#3830,1000.);
#320=VECTOR('',#3835,1000.);
#321=VECTOR('',#3840,1000.);
#322=VECTOR('',#3841,1000.);
#323=VECTOR('',#3842,1000.);
#324=VECTOR('',#3845,1000.);
#325=VECTOR('',#3846,1000.);
#326=VECTOR('',#3849,1000.);
#327=VECTOR('',#3850,1000.);
#328=VECTOR('',#3851,1000.);
#329=VECTOR('',#3854,1000.);
#330=VECTOR('',#3855,1000.);
#331=VECTOR('',#3858,1000.);
#332=VECTOR('',#3859,1000.);
#333=VECTOR('',#3860,1000.);
#334=VECTOR('',#4047,1000.);
#335=VECTOR('',#4048,1000.);
#336=VECTOR('',#4051,1000.);
#337=VECTOR('',#4056,1000.);
#338=VECTOR('',#4061,1000.);
#339=VECTOR('',#4064,1000.);
#340=CONTEXT_DEPENDENT_SHAPE_REPRESENTATION(#368,#4840);
#341=CONTEXT_DEPENDENT_SHAPE_REPRESENTATION(#369,#4842);
#342=CONTEXT_DEPENDENT_SHAPE_REPRESENTATION(#370,#4844);
#343=CONTEXT_DEPENDENT_SHAPE_REPRESENTATION(#371,#4846);
#344=CONTEXT_DEPENDENT_SHAPE_REPRESENTATION(#372,#4848);
#345=CONTEXT_DEPENDENT_SHAPE_REPRESENTATION(#373,#4849);
#346=CONTEXT_DEPENDENT_SHAPE_REPRESENTATION(#374,#4851);
#347=CONTEXT_DEPENDENT_SHAPE_REPRESENTATION(#375,#4852);
#348=CONTEXT_DEPENDENT_SHAPE_REPRESENTATION(#376,#4853);
#349=CONTEXT_DEPENDENT_SHAPE_REPRESENTATION(#377,#4854);
#350=CONTEXT_DEPENDENT_SHAPE_REPRESENTATION(#378,#4855);
#351=CONTEXT_DEPENDENT_SHAPE_REPRESENTATION(#379,#4856);
#352=CONTEXT_DEPENDENT_SHAPE_REPRESENTATION(#380,#4857);
#353=CONTEXT_DEPENDENT_SHAPE_REPRESENTATION(#381,#4858);
#354=NEXT_ASSEMBLY_USAGE_OCCURRENCE('Pin, Ball Bearing Door Hinge',
'Pin, Ball Bearing Door Hinge','Pin, Ball Bearing Door Hinge',#4859,#4860,
'');
#355=NEXT_ASSEMBLY_USAGE_OCCURRENCE(
'Bottom Pin, Ball Bearing Door Hinge',
'Bottom Pin, Ball Bearing Door Hinge',
'Bottom Pin, Ball Bearing Door Hinge',#4859,#4861,'');
#356=NEXT_ASSEMBLY_USAGE_OCCURRENCE(
'Door Frame Leaf, Ball Bearing Door Hinge',
'Door Frame Leaf, Ball Bearing Door Hinge',
'Door Frame Leaf, Ball Bearing Door Hinge',#4859,#4862,'');
#357=NEXT_ASSEMBLY_USAGE_OCCURRENCE(
'Door Leaf, Ball Bearing Door Hinge',
'Door Leaf, Ball Bearing Door Hinge',
'Door Leaf, Ball Bearing Door Hinge',#4859,#4863,'');
#358=NEXT_ASSEMBLY_USAGE_OCCURRENCE('Bearing Assembly',
'Bearing Assembly','Bearing Assembly',#4859,#4864,'');
#359=NEXT_ASSEMBLY_USAGE_OCCURRENCE('Bearing Assembly',
'Bearing Assembly','Bearing Assembly',#4859,#4864,'');
#360=NEXT_ASSEMBLY_USAGE_OCCURRENCE('Countersunk screw DIN 964 A M6x8 ',
'Countersunk screw DIN 964 A M6x8 ','Countersunk screw DIN 964 A M6x8 ',
#4859,#4865,'');
#361=NEXT_ASSEMBLY_USAGE_OCCURRENCE('Countersunk screw DIN 964 A M6x8 ',
'Countersunk screw DIN 964 A M6x8 ','Countersunk screw DIN 964 A M6x8 ',
#4859,#4865,'');
#362=NEXT_ASSEMBLY_USAGE_OCCURRENCE('Countersunk screw DIN 964 A M6x8 ',
'Countersunk screw DIN 964 A M6x8 ','Countersunk screw DIN 964 A M6x8 ',
#4859,#4865,'');
#363=NEXT_ASSEMBLY_USAGE_OCCURRENCE('Countersunk screw DIN 964 A M6x8 ',
'Countersunk screw DIN 964 A M6x8 ','Countersunk screw DIN 964 A M6x8 ',
#4859,#4865,'');
#364=NEXT_ASSEMBLY_USAGE_OCCURRENCE('Countersunk screw DIN 964 A M6x8 ',
'Countersunk screw DIN 964 A M6x8 ','Countersunk screw DIN 964 A M6x8 ',
#4859,#4865,'');
#365=NEXT_ASSEMBLY_USAGE_OCCURRENCE('Countersunk screw DIN 964 A M6x8 ',
'Countersunk screw DIN 964 A M6x8 ','Countersunk screw DIN 964 A M6x8 ',
#4859,#4865,'');
#366=NEXT_ASSEMBLY_USAGE_OCCURRENCE('Countersunk screw DIN 964 A M6x8 ',
'Countersunk screw DIN 964 A M6x8 ','Countersunk screw DIN 964 A M6x8 ',
#4859,#4865,'');
#367=NEXT_ASSEMBLY_USAGE_OCCURRENCE('Countersunk screw DIN 964 A M6x8 ',
'Countersunk screw DIN 964 A M6x8 ','Countersunk screw DIN 964 A M6x8 ',
#4859,#4865,'');
#368=(
REPRESENTATION_RELATIONSHIP(' ',' ',#3081,#3082)
REPRESENTATION_RELATIONSHIP_WITH_TRANSFORMATION(#382)
SHAPE_REPRESENTATION_RELATIONSHIP()
);
#369=(
REPRESENTATION_RELATIONSHIP(' ',' ',#3083,#3082)
REPRESENTATION_RELATIONSHIP_WITH_TRANSFORMATION(#383)
SHAPE_REPRESENTATION_RELATIONSHIP()
);
#370=(
REPRESENTATION_RELATIONSHIP(' ',' ',#3084,#3082)
REPRESENTATION_RELATIONSHIP_WITH_TRANSFORMATION(#384)
SHAPE_REPRESENTATION_RELATIONSHIP()
);
#371=(
REPRESENTATION_RELATIONSHIP(' ',' ',#3085,#3082)
REPRESENTATION_RELATIONSHIP_WITH_TRANSFORMATION(#385)
SHAPE_REPRESENTATION_RELATIONSHIP()
);
#372=(
REPRESENTATION_RELATIONSHIP(' ',' ',#3086,#3082)
REPRESENTATION_RELATIONSHIP_WITH_TRANSFORMATION(#386)
SHAPE_REPRESENTATION_RELATIONSHIP()
);
#373=(
REPRESENTATION_RELATIONSHIP(' ',' ',#3086,#3082)
REPRESENTATION_RELATIONSHIP_WITH_TRANSFORMATION(#387)
SHAPE_REPRESENTATION_RELATIONSHIP()
);
#374=(
REPRESENTATION_RELATIONSHIP(' ',' ',#3087,#3082)
REPRESENTATION_RELATIONSHIP_WITH_TRANSFORMATION(#388)
SHAPE_REPRESENTATION_RELATIONSHIP()
);
#375=(
REPRESENTATION_RELATIONSHIP(' ',' ',#3087,#3082)
REPRESENTATION_RELATIONSHIP_WITH_TRANSFORMATION(#389)
SHAPE_REPRESENTATION_RELATIONSHIP()
);
#376=(
REPRESENTATION_RELATIONSHIP(' ',' ',#3087,#3082)
REPRESENTATION_RELATIONSHIP_WITH_TRANSFORMATION(#390)
SHAPE_REPRESENTATION_RELATIONSHIP()
);
#377=(
REPRESENTATION_RELATIONSHIP(' ',' ',#3087,#3082)
REPRESENTATION_RELATIONSHIP_WITH_TRANSFORMATION(#391)
SHAPE_REPRESENTATION_RELATIONSHIP()
);
#378=(
REPRESENTATION_RELATIONSHIP(' ',' ',#3087,#3082)
REPRESENTATION_RELATIONSHIP_WITH_TRANSFORMATION(#392)
SHAPE_REPRESENTATION_RELATIONSHIP()
);
#379=(
REPRESENTATION_RELATIONSHIP(' ',' ',#3087,#3082)
REPRESENTATION_RELATIONSHIP_WITH_TRANSFORMATION(#393)
SHAPE_REPRESENTATION_RELATIONSHIP()
);
#380=(
REPRESENTATION_RELATIONSHIP(' ',' ',#3087,#3082)
REPRESENTATION_RELATIONSHIP_WITH_TRANSFORMATION(#394)
SHAPE_REPRESENTATION_RELATIONSHIP()
);
#381=(
REPRESENTATION_RELATIONSHIP(' ',' ',#3087,#3082)
REPRESENTATION_RELATIONSHIP_WITH_TRANSFORMATION(#395)
SHAPE_REPRESENTATION_RELATIONSHIP()
);
#382=ITEM_DEFINED_TRANSFORMATION(' ',' ',#3088,#3116);
#383=ITEM_DEFINED_TRANSFORMATION(' ',' ',#3088,#3139);
#384=ITEM_DEFINED_TRANSFORMATION(' ',' ',#3088,#3214);
#385=ITEM_DEFINED_TRANSFORMATION(' ',' ',#3088,#3281);
#386=ITEM_DEFINED_TRANSFORMATION(' ',' ',#3088,#3347);
#387=ITEM_DEFINED_TRANSFORMATION(' ',' ',#3088,#3348);
#388=ITEM_DEFINED_TRANSFORMATION(' ',' ',#3088,#3377);
#389=ITEM_DEFINED_TRANSFORMATION(' ',' ',#3088,#3378);
#390=ITEM_DEFINED_TRANSFORMATION(' ',' ',#3088,#3379);
#391=ITEM_DEFINED_TRANSFORMATION(' ',' ',#3088,#3380);
#392=ITEM_DEFINED_TRANSFORMATION(' ',' ',#3088,#3381);
#393=ITEM_DEFINED_TRANSFORMATION(' ',' ',#3088,#3382);
#394=ITEM_DEFINED_TRANSFORMATION(' ',' ',#3088,#3383);
#395=ITEM_DEFINED_TRANSFORMATION(' ',' ',#3088,#3384);
#396=SHAPE_REPRESENTATION_RELATIONSHIP('','',#3081,#402);
#397=SHAPE_REPRESENTATION_RELATIONSHIP('','',#3083,#403);
#398=SHAPE_REPRESENTATION_RELATIONSHIP('','',#3084,#404);
#399=SHAPE_REPRESENTATION_RELATIONSHIP('','',#3085,#405);
#400=SHAPE_REPRESENTATION_RELATIONSHIP('','',#3086,#406);
#401=SHAPE_REPRESENTATION_RELATIONSHIP('','',#3087,#407);
#402=ADVANCED_BREP_SHAPE_REPRESENTATION('',(#3055),#4822);
#403=ADVANCED_BREP_SHAPE_REPRESENTATION('',(#3056),#4823);
#404=ADVANCED_BREP_SHAPE_REPRESENTATION('',(#3057),#4824);
#405=ADVANCED_BREP_SHAPE_REPRESENTATION('',(#3058),#4825);
#406=ADVANCED_BREP_SHAPE_REPRESENTATION('',(#3059,#3060,#3061,#3062,#3063,
#3064,#3065,#3066,#3067,#3068,#3069,#3070,#3071,#3072),#4826);
#407=ADVANCED_BREP_SHAPE_REPRESENTATION('',(#3073),#4827);
#408=CONICAL_SURFACE('',#3104,5.33097738217581,1.08658284043977);
#409=CONICAL_SURFACE('',#3111,2.68333333333333,0.321750554396642);
#410=CONICAL_SURFACE('',#3129,4.6,0.785398163397449);
#411=CONICAL_SURFACE('',#3132,3.1625,0.463647609000806);
#412=CONICAL_SURFACE('',#3134,2.77916666666667,1.15257199721567);
#413=CONICAL_SURFACE('',#3210,6.3,0.785398163397448);
#414=CONICAL_SURFACE('',#3211,6.3,0.785398163397448);
#415=CONICAL_SURFACE('',#3212,6.3,0.785398163397448);
#416=CONICAL_SURFACE('',#3213,6.3,0.785398163397448);
#417=CONICAL_SURFACE('',#3273,4.21666666666666,1.02974425867665);
#418=CONICAL_SURFACE('',#3276,4.21666666666666,1.02974425867665);
#419=CONICAL_SURFACE('',#3277,6.2,0.785398163397448);
#420=CONICAL_SURFACE('',#3278,6.2,0.785398163397448);
#421=CONICAL_SURFACE('',#3279,6.2,0.785398163397448);
#422=CONICAL_SURFACE('',#3280,6.2,0.785398163397448);
#423=CONICAL_SURFACE('',#3311,4.98333333333334,0.785398163397446);
#424=CONICAL_SURFACE('',#3314,3.14333333333333,0.785398163397452);
#425=CONICAL_SURFACE('',#3362,3.,0.955316618124509);
#426=CONICAL_SURFACE('',#3365,2.6242642,0.588564436649657);
#427=CONICAL_SURFACE('',#3368,5.5,0.785398163397448);
#428=TOROIDAL_SURFACE('',#3102,5.36666666666667,0.0766666666666667);
#429=TOROIDAL_SURFACE('',#3106,4.6,0.0766666666666667);
#430=TOROIDAL_SURFACE('',#3107,3.14333333333334,0.0766666666666668);
#431=TOROIDAL_SURFACE('',#3114,5.67333333333334,0.0766666666666667);
#432=TOROIDAL_SURFACE('',#3115,5.67333333333334,0.0766666666666667);
#433=TOROIDAL_SURFACE('',#3137,5.67333333333334,0.0766666666666667);
#434=TOROIDAL_SURFACE('',#3138,5.67333333333334,0.0766666666666667);
#435=TOROIDAL_SURFACE('',#3293,5.44333333333334,0.306666666666667);
#436=TOROIDAL_SURFACE('',#3296,4.29333333333334,1.15);
#437=TOROIDAL_SURFACE('',#3317,4.29333333333334,1.15);
#438=TOROIDAL_SURFACE('',#3330,4.17322222222223,0.352666666666667);
#439=TOROIDAL_SURFACE('',#3335,4.17322222222223,0.235111111111111);
#440=TOROIDAL_SURFACE('',#3340,3.93811111111112,0.470222222222222);
#441=TOROIDAL_SURFACE('',#3344,3.93811111111112,0.587777777777778);
#442=TOROIDAL_SURFACE('',#3356,3.22426420000001,0.600000000000006);
#443=CYLINDRICAL_SURFACE('',#3099,5.75);
#444=CYLINDRICAL_SURFACE('',#3109,3.06666666666667);
#445=CYLINDRICAL_SURFACE('',#3113,2.68333333333333);
#446=CYLINDRICAL_SURFACE('',#3126,5.75);
#447=CYLINDRICAL_SURFACE('',#3130,3.1625);
#448=CYLINDRICAL_SURFACE('',#3136,1.91666666666667);
#449=CYLINDRICAL_SURFACE('',#3166,4.14);
#450=CYLINDRICAL_SURFACE('',#3168,1.53333333333333);
#451=CYLINDRICAL_SURFACE('',#3198,4.14);
#452=CYLINDRICAL_SURFACE('',#3199,4.14);
#453=CYLINDRICAL_SURFACE('',#3200,1.53333333333333);
#454=CYLINDRICAL_SURFACE('',#3201,1.53333333333333);
#455=CYLINDRICAL_SURFACE('',#3204,3.14333333333334);
#456=CYLINDRICAL_SURFACE('',#3205,3.14333333333334);
#457=CYLINDRICAL_SURFACE('',#3206,5.75);
#458=CYLINDRICAL_SURFACE('',#3207,5.75);
#459=CYLINDRICAL_SURFACE('',#3208,5.75);
#460=CYLINDRICAL_SURFACE('',#3209,3.14333333333334);
#461=CYLINDRICAL_SURFACE('',#3228,4.14);
#462=CYLINDRICAL_SURFACE('',#3235,1.53333333333333);
#463=CYLINDRICAL_SURFACE('',#3250,4.14);
#464=CYLINDRICAL_SURFACE('',#3257,1.53333333333333);
#465=CYLINDRICAL_SURFACE('',#3265,5.75);
#466=CYLINDRICAL_SURFACE('',#3266,3.14333333333333);
#467=CYLINDRICAL_SURFACE('',#3268,5.75);
#468=CYLINDRICAL_SURFACE('',#3269,3.14333333333333);
#469=CYLINDRICAL_SURFACE('',#3271,4.21666666666666);
#470=CYLINDRICAL_SURFACE('',#3274,4.21666666666666);
#471=CYLINDRICAL_SURFACE('',#3299,5.75);
#472=CYLINDRICAL_SURFACE('',#3301,3.14333333333333);
#473=CYLINDRICAL_SURFACE('',#3304,4.21666666666667);
#474=CYLINDRICAL_SURFACE('',#3320,3.14333333333333);
#475=CYLINDRICAL_SURFACE('',#3322,5.75);
#476=CYLINDRICAL_SURFACE('',#3327,4.52588888888889);
#477=CYLINDRICAL_SURFACE('',#3332,3.35033333333333);
#478=CYLINDRICAL_SURFACE('',#3338,4.40833333333333);
#479=CYLINDRICAL_SURFACE('',#3342,3.93811111111112);
#480=CYLINDRICAL_SURFACE('',#3359,3.);
#481=CYLINDRICAL_SURFACE('',#3367,2.6242642);
#482=CYLINDRICAL_SURFACE('',#3371,5.5);
#483=CYLINDRICAL_SURFACE('',#3373,5.5);
#484=ORIENTED_EDGE('',*,*,#1042,.T.);
#485=ORIENTED_EDGE('',*,*,#1043,.T.);
#486=ORIENTED_EDGE('',*,*,#1044,.F.);
#487=ORIENTED_EDGE('',*,*,#1045,.T.);
#488=ORIENTED_EDGE('',*,*,#1046,.F.);
#489=ORIENTED_EDGE('',*,*,#1047,.T.);
#490=ORIENTED_EDGE('',*,*,#1048,.T.);
#491=ORIENTED_EDGE('',*,*,#1049,.T.);
#492=ORIENTED_EDGE('',*,*,#1050,.F.);
#493=ORIENTED_EDGE('',*,*,#1046,.T.);
#494=ORIENTED_EDGE('',*,*,#1050,.T.);
#495=ORIENTED_EDGE('',*,*,#1051,.F.);
#496=ORIENTED_EDGE('',*,*,#1051,.T.);
#497=ORIENTED_EDGE('',*,*,#1043,.F.);
#498=ORIENTED_EDGE('',*,*,#1044,.T.);
#499=ORIENTED_EDGE('',*,*,#1052,.F.);
#500=ORIENTED_EDGE('',*,*,#1052,.T.);
#501=ORIENTED_EDGE('',*,*,#1053,.F.);
#502=ORIENTED_EDGE('',*,*,#1053,.T.);
#503=ORIENTED_EDGE('',*,*,#1054,.F.);
#504=ORIENTED_EDGE('',*,*,#1042,.F.);
#505=ORIENTED_EDGE('',*,*,#1054,.T.);
#506=ORIENTED_EDGE('',*,*,#1045,.F.);
#507=ORIENTED_EDGE('',*,*,#1049,.F.);
#508=ORIENTED_EDGE('',*,*,#1047,.F.);
#509=ORIENTED_EDGE('',*,*,#1048,.F.);
#510=ORIENTED_EDGE('',*,*,#1055,.F.);
#511=ORIENTED_EDGE('',*,*,#1056,.T.);
#512=ORIENTED_EDGE('',*,*,#1057,.F.);
#513=ORIENTED_EDGE('',*,*,#1058,.T.);
#514=ORIENTED_EDGE('',*,*,#1059,.T.);
#515=ORIENTED_EDGE('',*,*,#1060,.T.);
#516=ORIENTED_EDGE('',*,*,#1061,.T.);
#517=ORIENTED_EDGE('',*,*,#1062,.T.);
#518=ORIENTED_EDGE('',*,*,#1059,.F.);
#519=ORIENTED_EDGE('',*,*,#1057,.T.);
#520=ORIENTED_EDGE('',*,*,#1058,.F.);
#521=ORIENTED_EDGE('',*,*,#1063,.T.);
#522=ORIENTED_EDGE('',*,*,#1063,.F.);
#523=ORIENTED_EDGE('',*,*,#1064,.T.);
#524=ORIENTED_EDGE('',*,*,#1064,.F.);
#525=ORIENTED_EDGE('',*,*,#1065,.T.);
#526=ORIENTED_EDGE('',*,*,#1055,.T.);
#527=ORIENTED_EDGE('',*,*,#1065,.F.);
#528=ORIENTED_EDGE('',*,*,#1060,.F.);
#529=ORIENTED_EDGE('',*,*,#1062,.F.);
#530=ORIENTED_EDGE('',*,*,#1056,.F.);
#531=ORIENTED_EDGE('',*,*,#1061,.F.);
#532=ORIENTED_EDGE('',*,*,#1066,.T.);
#533=ORIENTED_EDGE('',*,*,#1067,.T.);
#534=ORIENTED_EDGE('',*,*,#1068,.T.);
#535=ORIENTED_EDGE('',*,*,#1069,.T.);
#536=ORIENTED_EDGE('',*,*,#1070,.T.);
#537=ORIENTED_EDGE('',*,*,#1071,.T.);
#538=ORIENTED_EDGE('',*,*,#1072,.T.);
#539=ORIENTED_EDGE('',*,*,#1073,.T.);
#540=ORIENTED_EDGE('',*,*,#1074,.T.);
#541=ORIENTED_EDGE('',*,*,#1075,.T.);
#542=ORIENTED_EDGE('',*,*,#1076,.T.);
#543=ORIENTED_EDGE('',*,*,#1077,.T.);
#544=ORIENTED_EDGE('',*,*,#1078,.T.);
#545=ORIENTED_EDGE('',*,*,#1079,.T.);
#546=ORIENTED_EDGE('',*,*,#1080,.T.);
#547=ORIENTED_EDGE('',*,*,#1081,.T.);
#548=ORIENTED_EDGE('',*,*,#1082,.T.);
#549=ORIENTED_EDGE('',*,*,#1083,.T.);
#550=ORIENTED_EDGE('',*,*,#1084,.T.);
#551=ORIENTED_EDGE('',*,*,#1085,.F.);
#552=ORIENTED_EDGE('',*,*,#1067,.F.);
#553=ORIENTED_EDGE('',*,*,#1086,.T.);
#554=ORIENTED_EDGE('',*,*,#1085,.T.);
#555=ORIENTED_EDGE('',*,*,#1087,.F.);
#556=ORIENTED_EDGE('',*,*,#1088,.T.);
#557=ORIENTED_EDGE('',*,*,#1089,.F.);
#558=ORIENTED_EDGE('',*,*,#1090,.F.);
#559=ORIENTED_EDGE('',*,*,#1091,.F.);
#560=ORIENTED_EDGE('',*,*,#1092,.F.);
#561=ORIENTED_EDGE('',*,*,#1093,.F.);
#562=ORIENTED_EDGE('',*,*,#1094,.F.);
#563=ORIENTED_EDGE('',*,*,#1095,.F.);
#564=ORIENTED_EDGE('',*,*,#1096,.F.);
#565=ORIENTED_EDGE('',*,*,#1097,.F.);
#566=ORIENTED_EDGE('',*,*,#1098,.F.);
#567=ORIENTED_EDGE('',*,*,#1099,.F.);
#568=ORIENTED_EDGE('',*,*,#1100,.F.);
#569=ORIENTED_EDGE('',*,*,#1101,.F.);
#570=ORIENTED_EDGE('',*,*,#1102,.F.);
#571=ORIENTED_EDGE('',*,*,#1103,.F.);
#572=ORIENTED_EDGE('',*,*,#1104,.F.);
#573=ORIENTED_EDGE('',*,*,#1105,.F.);
#574=ORIENTED_EDGE('',*,*,#1106,.F.);
#575=ORIENTED_EDGE('',*,*,#1107,.F.);
#576=ORIENTED_EDGE('',*,*,#1106,.T.);
#577=ORIENTED_EDGE('',*,*,#1108,.F.);
#578=ORIENTED_EDGE('',*,*,#1088,.F.);
#579=ORIENTED_EDGE('',*,*,#1109,.F.);
#580=ORIENTED_EDGE('',*,*,#1110,.T.);
#581=ORIENTED_EDGE('',*,*,#1094,.T.);
#582=ORIENTED_EDGE('',*,*,#1111,.F.);
#583=ORIENTED_EDGE('',*,*,#1112,.T.);
#584=ORIENTED_EDGE('',*,*,#1111,.T.);
#585=ORIENTED_EDGE('',*,*,#1093,.T.);
#586=ORIENTED_EDGE('',*,*,#1113,.F.);
#587=ORIENTED_EDGE('',*,*,#1114,.T.);
#588=ORIENTED_EDGE('',*,*,#1113,.T.);
#589=ORIENTED_EDGE('',*,*,#1092,.T.);
#590=ORIENTED_EDGE('',*,*,#1115,.F.);
#591=ORIENTED_EDGE('',*,*,#1116,.T.);
#592=ORIENTED_EDGE('',*,*,#1117,.T.);
#593=ORIENTED_EDGE('',*,*,#1090,.T.);
#594=ORIENTED_EDGE('',*,*,#1118,.F.);
#595=ORIENTED_EDGE('',*,*,#1119,.T.);
#596=ORIENTED_EDGE('',*,*,#1118,.T.);
#597=ORIENTED_EDGE('',*,*,#1089,.T.);
#598=ORIENTED_EDGE('',*,*,#1120,.F.);
#599=ORIENTED_EDGE('',*,*,#1121,.T.);
#600=ORIENTED_EDGE('',*,*,#1122,.T.);
#601=ORIENTED_EDGE('',*,*,#1097,.T.);
#602=ORIENTED_EDGE('',*,*,#1123,.F.);
#603=ORIENTED_EDGE('',*,*,#1124,.T.);
#604=ORIENTED_EDGE('',*,*,#1123,.T.);
#605=ORIENTED_EDGE('',*,*,#1096,.T.);
#606=ORIENTED_EDGE('',*,*,#1125,.F.);
#607=ORIENTED_EDGE('',*,*,#1126,.T.);
#608=ORIENTED_EDGE('',*,*,#1127,.T.);
#609=ORIENTED_EDGE('',*,*,#1128,.T.);
#610=ORIENTED_EDGE('',*,*,#1129,.T.);
#611=ORIENTED_EDGE('',*,*,#1130,.T.);
#612=ORIENTED_EDGE('',*,*,#1131,.F.);
#613=ORIENTED_EDGE('',*,*,#1132,.F.);
#614=ORIENTED_EDGE('',*,*,#1133,.F.);
#615=ORIENTED_EDGE('',*,*,#1086,.F.);
#616=ORIENTED_EDGE('',*,*,#1134,.F.);
#617=ORIENTED_EDGE('',*,*,#1109,.T.);
#618=ORIENTED_EDGE('',*,*,#1122,.F.);
#619=ORIENTED_EDGE('',*,*,#1135,.F.);
#620=ORIENTED_EDGE('',*,*,#1136,.T.);
#621=ORIENTED_EDGE('',*,*,#1137,.T.);
#622=ORIENTED_EDGE('',*,*,#1138,.T.);
#623=ORIENTED_EDGE('',*,*,#1139,.T.);
#624=ORIENTED_EDGE('',*,*,#1140,.T.);
#625=ORIENTED_EDGE('',*,*,#1141,.T.);
#626=ORIENTED_EDGE('',*,*,#1120,.T.);
#627=ORIENTED_EDGE('',*,*,#1108,.T.);
#628=ORIENTED_EDGE('',*,*,#1142,.T.);
#629=ORIENTED_EDGE('',*,*,#1087,.T.);
#630=ORIENTED_EDGE('',*,*,#1143,.T.);
#631=ORIENTED_EDGE('',*,*,#1144,.T.);
#632=ORIENTED_EDGE('',*,*,#1132,.T.);
#633=ORIENTED_EDGE('',*,*,#1145,.F.);
#634=ORIENTED_EDGE('',*,*,#1144,.F.);
#635=ORIENTED_EDGE('',*,*,#1146,.T.);
#636=ORIENTED_EDGE('',*,*,#1147,.T.);
#637=ORIENTED_EDGE('',*,*,#1148,.T.);
#638=ORIENTED_EDGE('',*,*,#1149,.T.);
#639=ORIENTED_EDGE('',*,*,#1150,.T.);
#640=ORIENTED_EDGE('',*,*,#1151,.T.);
#641=ORIENTED_EDGE('',*,*,#1152,.T.);
#642=ORIENTED_EDGE('',*,*,#1153,.T.);
#643=ORIENTED_EDGE('',*,*,#1154,.T.);
#644=ORIENTED_EDGE('',*,*,#1135,.T.);
#645=ORIENTED_EDGE('',*,*,#1124,.F.);
#646=ORIENTED_EDGE('',*,*,#1126,.F.);
#647=ORIENTED_EDGE('',*,*,#1155,.F.);
#648=ORIENTED_EDGE('',*,*,#1112,.F.);
#649=ORIENTED_EDGE('',*,*,#1114,.F.);
#650=ORIENTED_EDGE('',*,*,#1116,.F.);
#651=ORIENTED_EDGE('',*,*,#1156,.F.);
#652=ORIENTED_EDGE('',*,*,#1119,.F.);
#653=ORIENTED_EDGE('',*,*,#1121,.F.);
#654=ORIENTED_EDGE('',*,*,#1141,.F.);
#655=ORIENTED_EDGE('',*,*,#1157,.T.);
#656=ORIENTED_EDGE('',*,*,#1131,.T.);
#657=ORIENTED_EDGE('',*,*,#1157,.F.);
#658=ORIENTED_EDGE('',*,*,#1140,.F.);
#659=ORIENTED_EDGE('',*,*,#1145,.T.);
#660=ORIENTED_EDGE('',*,*,#1073,.F.);
#661=ORIENTED_EDGE('',*,*,#1158,.F.);
#662=ORIENTED_EDGE('',*,*,#1100,.T.);
#663=ORIENTED_EDGE('',*,*,#1159,.T.);
#664=ORIENTED_EDGE('',*,*,#1079,.F.);
#665=ORIENTED_EDGE('',*,*,#1160,.T.);
#666=ORIENTED_EDGE('',*,*,#1151,.F.);
#667=ORIENTED_EDGE('',*,*,#1161,.F.);
#668=ORIENTED_EDGE('',*,*,#1072,.F.);
#669=ORIENTED_EDGE('',*,*,#1162,.F.);
#670=ORIENTED_EDGE('',*,*,#1101,.T.);
#671=ORIENTED_EDGE('',*,*,#1158,.T.);
#672=ORIENTED_EDGE('',*,*,#1080,.F.);
#673=ORIENTED_EDGE('',*,*,#1161,.T.);
#674=ORIENTED_EDGE('',*,*,#1150,.F.);
#675=ORIENTED_EDGE('',*,*,#1163,.F.);
#676=ORIENTED_EDGE('',*,*,#1071,.F.);
#677=ORIENTED_EDGE('',*,*,#1164,.F.);
#678=ORIENTED_EDGE('',*,*,#1102,.T.);
#679=ORIENTED_EDGE('',*,*,#1162,.T.);
#680=ORIENTED_EDGE('',*,*,#1081,.F.);
#681=ORIENTED_EDGE('',*,*,#1163,.T.);
#682=ORIENTED_EDGE('',*,*,#1149,.F.);
#683=ORIENTED_EDGE('',*,*,#1165,.F.);
#684=ORIENTED_EDGE('',*,*,#1069,.F.);
#685=ORIENTED_EDGE('',*,*,#1166,.F.);
#686=ORIENTED_EDGE('',*,*,#1104,.T.);
#687=ORIENTED_EDGE('',*,*,#1167,.T.);
#688=ORIENTED_EDGE('',*,*,#1083,.F.);
#689=ORIENTED_EDGE('',*,*,#1168,.T.);
#690=ORIENTED_EDGE('',*,*,#1147,.F.);
#691=ORIENTED_EDGE('',*,*,#1169,.F.);
#692=ORIENTED_EDGE('',*,*,#1068,.F.);
#693=ORIENTED_EDGE('',*,*,#1142,.F.);
#694=ORIENTED_EDGE('',*,*,#1105,.T.);
#695=ORIENTED_EDGE('',*,*,#1166,.T.);
#696=ORIENTED_EDGE('',*,*,#1084,.F.);
#697=ORIENTED_EDGE('',*,*,#1169,.T.);
#698=ORIENTED_EDGE('',*,*,#1146,.F.);
#699=ORIENTED_EDGE('',*,*,#1143,.F.);
#700=ORIENTED_EDGE('',*,*,#1066,.F.);
#701=ORIENTED_EDGE('',*,*,#1170,.F.);
#702=ORIENTED_EDGE('',*,*,#1107,.T.);
#703=ORIENTED_EDGE('',*,*,#1134,.T.);
#704=ORIENTED_EDGE('',*,*,#1076,.F.);
#705=ORIENTED_EDGE('',*,*,#1133,.T.);
#706=ORIENTED_EDGE('',*,*,#1154,.F.);
#707=ORIENTED_EDGE('',*,*,#1171,.F.);
#708=ORIENTED_EDGE('',*,*,#1075,.F.);
#709=ORIENTED_EDGE('',*,*,#1172,.F.);
#710=ORIENTED_EDGE('',*,*,#1098,.T.);
#711=ORIENTED_EDGE('',*,*,#1170,.T.);
#712=ORIENTED_EDGE('',*,*,#1077,.F.);
#713=ORIENTED_EDGE('',*,*,#1171,.T.);
#714=ORIENTED_EDGE('',*,*,#1153,.F.);
#715=ORIENTED_EDGE('',*,*,#1173,.F.);
#716=ORIENTED_EDGE('',*,*,#1082,.F.);
#717=ORIENTED_EDGE('',*,*,#1165,.T.);
#718=ORIENTED_EDGE('',*,*,#1148,.F.);
#719=ORIENTED_EDGE('',*,*,#1168,.F.);
#720=ORIENTED_EDGE('',*,*,#1103,.T.);
#721=ORIENTED_EDGE('',*,*,#1164,.T.);
#722=ORIENTED_EDGE('',*,*,#1070,.F.);
#723=ORIENTED_EDGE('',*,*,#1167,.F.);
#724=ORIENTED_EDGE('',*,*,#1078,.F.);
#725=ORIENTED_EDGE('',*,*,#1173,.T.);
#726=ORIENTED_EDGE('',*,*,#1152,.F.);
#727=ORIENTED_EDGE('',*,*,#1160,.F.);
#728=ORIENTED_EDGE('',*,*,#1099,.T.);
#729=ORIENTED_EDGE('',*,*,#1172,.T.);
#730=ORIENTED_EDGE('',*,*,#1074,.F.);
#731=ORIENTED_EDGE('',*,*,#1159,.F.);
#732=ORIENTED_EDGE('',*,*,#1155,.T.);
#733=ORIENTED_EDGE('',*,*,#1125,.T.);
#734=ORIENTED_EDGE('',*,*,#1095,.T.);
#735=ORIENTED_EDGE('',*,*,#1110,.F.);
#736=ORIENTED_EDGE('',*,*,#1156,.T.);
#737=ORIENTED_EDGE('',*,*,#1115,.T.);
#738=ORIENTED_EDGE('',*,*,#1091,.T.);
#739=ORIENTED_EDGE('',*,*,#1117,.F.);
#740=ORIENTED_EDGE('',*,*,#1139,.F.);
#741=ORIENTED_EDGE('',*,*,#1130,.F.);
#742=ORIENTED_EDGE('',*,*,#1138,.F.);
#743=ORIENTED_EDGE('',*,*,#1129,.F.);
#744=ORIENTED_EDGE('',*,*,#1137,.F.);
#745=ORIENTED_EDGE('',*,*,#1128,.F.);
#746=ORIENTED_EDGE('',*,*,#1136,.F.);
#747=ORIENTED_EDGE('',*,*,#1127,.F.);
#748=ORIENTED_EDGE('',*,*,#1174,.T.);
#749=ORIENTED_EDGE('',*,*,#1175,.F.);
#750=ORIENTED_EDGE('',*,*,#1176,.F.);
#751=ORIENTED_EDGE('',*,*,#1177,.F.);
#752=ORIENTED_EDGE('',*,*,#1178,.T.);
#753=ORIENTED_EDGE('',*,*,#1179,.F.);
#754=ORIENTED_EDGE('',*,*,#1180,.F.);
#755=ORIENTED_EDGE('',*,*,#1181,.F.);
#756=ORIENTED_EDGE('',*,*,#1182,.F.);
#757=ORIENTED_EDGE('',*,*,#1183,.F.);
#758=ORIENTED_EDGE('',*,*,#1184,.F.);
#759=ORIENTED_EDGE('',*,*,#1185,.F.);
#760=ORIENTED_EDGE('',*,*,#1186,.F.);
#761=ORIENTED_EDGE('',*,*,#1187,.F.);
#762=ORIENTED_EDGE('',*,*,#1188,.F.);
#763=ORIENTED_EDGE('',*,*,#1189,.F.);
#764=ORIENTED_EDGE('',*,*,#1190,.F.);
#765=ORIENTED_EDGE('',*,*,#1191,.F.);
#766=ORIENTED_EDGE('',*,*,#1192,.F.);
#767=ORIENTED_EDGE('',*,*,#1193,.F.);
#768=ORIENTED_EDGE('',*,*,#1194,.F.);
#769=ORIENTED_EDGE('',*,*,#1195,.F.);
#770=ORIENTED_EDGE('',*,*,#1196,.F.);
#771=ORIENTED_EDGE('',*,*,#1197,.F.);
#772=ORIENTED_EDGE('',*,*,#1196,.T.);
#773=ORIENTED_EDGE('',*,*,#1198,.F.);
#774=ORIENTED_EDGE('',*,*,#1178,.F.);
#775=ORIENTED_EDGE('',*,*,#1199,.F.);
#776=ORIENTED_EDGE('',*,*,#1200,.T.);
#777=ORIENTED_EDGE('',*,*,#1201,.F.);
#778=ORIENTED_EDGE('',*,*,#1202,.F.);
#779=ORIENTED_EDGE('',*,*,#1203,.T.);
#780=ORIENTED_EDGE('',*,*,#1204,.F.);
#781=ORIENTED_EDGE('',*,*,#1179,.T.);
#782=ORIENTED_EDGE('',*,*,#1205,.F.);
#783=ORIENTED_EDGE('',*,*,#1206,.T.);
#784=ORIENTED_EDGE('',*,*,#1207,.T.);
#785=ORIENTED_EDGE('',*,*,#1208,.T.);
#786=ORIENTED_EDGE('',*,*,#1209,.T.);
#787=ORIENTED_EDGE('',*,*,#1210,.F.);
#788=ORIENTED_EDGE('',*,*,#1180,.T.);
#789=ORIENTED_EDGE('',*,*,#1204,.T.);
#790=ORIENTED_EDGE('',*,*,#1211,.T.);
#791=ORIENTED_EDGE('',*,*,#1212,.T.);
#792=ORIENTED_EDGE('',*,*,#1213,.F.);
#793=ORIENTED_EDGE('',*,*,#1182,.T.);
#794=ORIENTED_EDGE('',*,*,#1214,.T.);
#795=ORIENTED_EDGE('',*,*,#1215,.T.);
#796=ORIENTED_EDGE('',*,*,#1216,.T.);
#797=ORIENTED_EDGE('',*,*,#1217,.F.);
#798=ORIENTED_EDGE('',*,*,#1183,.T.);
#799=ORIENTED_EDGE('',*,*,#1213,.T.);
#800=ORIENTED_EDGE('',*,*,#1218,.F.);
#801=ORIENTED_EDGE('',*,*,#1184,.T.);
#802=ORIENTED_EDGE('',*,*,#1217,.T.);
#803=ORIENTED_EDGE('',*,*,#1219,.T.);
#804=ORIENTED_EDGE('',*,*,#1220,.F.);
#805=ORIENTED_EDGE('',*,*,#1186,.T.);
#806=ORIENTED_EDGE('',*,*,#1221,.T.);
#807=ORIENTED_EDGE('',*,*,#1222,.T.);
#808=ORIENTED_EDGE('',*,*,#1223,.T.);
#809=ORIENTED_EDGE('',*,*,#1187,.T.);
#810=ORIENTED_EDGE('',*,*,#1220,.T.);
#811=ORIENTED_EDGE('',*,*,#1224,.T.);
#812=ORIENTED_EDGE('',*,*,#1225,.T.);
#813=ORIENTED_EDGE('',*,*,#1226,.T.);
#814=ORIENTED_EDGE('',*,*,#1227,.T.);
#815=ORIENTED_EDGE('',*,*,#1228,.T.);
#816=ORIENTED_EDGE('',*,*,#1203,.F.);
#817=ORIENTED_EDGE('',*,*,#1229,.F.);
#818=ORIENTED_EDGE('',*,*,#1230,.F.);
#819=ORIENTED_EDGE('',*,*,#1231,.F.);
#820=ORIENTED_EDGE('',*,*,#1177,.T.);
#821=ORIENTED_EDGE('',*,*,#1232,.F.);
#822=ORIENTED_EDGE('',*,*,#1199,.T.);
#823=ORIENTED_EDGE('',*,*,#1223,.F.);
#824=ORIENTED_EDGE('',*,*,#1233,.T.);
#825=ORIENTED_EDGE('',*,*,#1234,.T.);
#826=ORIENTED_EDGE('',*,*,#1235,.T.);
#827=ORIENTED_EDGE('',*,*,#1236,.T.);
#828=ORIENTED_EDGE('',*,*,#1201,.T.);
#829=ORIENTED_EDGE('',*,*,#1205,.T.);
#830=ORIENTED_EDGE('',*,*,#1198,.T.);
#831=ORIENTED_EDGE('',*,*,#1237,.T.);
#832=ORIENTED_EDGE('',*,*,#1175,.T.);
#833=ORIENTED_EDGE('',*,*,#1238,.T.);
#834=ORIENTED_EDGE('',*,*,#1239,.T.);
#835=ORIENTED_EDGE('',*,*,#1240,.T.);
#836=ORIENTED_EDGE('',*,*,#1229,.T.);
#837=ORIENTED_EDGE('',*,*,#1202,.T.);
#838=ORIENTED_EDGE('',*,*,#1240,.F.);
#839=ORIENTED_EDGE('',*,*,#1241,.T.);
#840=ORIENTED_EDGE('',*,*,#1230,.T.);
#841=ORIENTED_EDGE('',*,*,#1241,.F.);
#842=ORIENTED_EDGE('',*,*,#1239,.F.);
#843=ORIENTED_EDGE('',*,*,#1242,.T.);
#844=ORIENTED_EDGE('',*,*,#1238,.F.);
#845=ORIENTED_EDGE('',*,*,#1174,.F.);
#846=ORIENTED_EDGE('',*,*,#1231,.T.);
#847=ORIENTED_EDGE('',*,*,#1242,.F.);
#848=ORIENTED_EDGE('',*,*,#1243,.F.);
#849=ORIENTED_EDGE('',*,*,#1244,.T.);
#850=ORIENTED_EDGE('',*,*,#1237,.F.);
#851=ORIENTED_EDGE('',*,*,#1195,.T.);
#852=ORIENTED_EDGE('',*,*,#1245,.T.);
#853=ORIENTED_EDGE('',*,*,#1246,.T.);
#854=ORIENTED_EDGE('',*,*,#1247,.T.);
#855=ORIENTED_EDGE('',*,*,#1243,.T.);
#856=ORIENTED_EDGE('',*,*,#1194,.T.);
#857=ORIENTED_EDGE('',*,*,#1248,.F.);
#858=ORIENTED_EDGE('',*,*,#1249,.F.);
#859=ORIENTED_EDGE('',*,*,#1250,.T.);
#860=ORIENTED_EDGE('',*,*,#1251,.T.);
#861=ORIENTED_EDGE('',*,*,#1192,.T.);
#862=ORIENTED_EDGE('',*,*,#1252,.T.);
#863=ORIENTED_EDGE('',*,*,#1253,.T.);
#864=ORIENTED_EDGE('',*,*,#1254,.T.);
#865=ORIENTED_EDGE('',*,*,#1249,.T.);
#866=ORIENTED_EDGE('',*,*,#1191,.T.);
#867=ORIENTED_EDGE('',*,*,#1255,.F.);
#868=ORIENTED_EDGE('',*,*,#1256,.F.);
#869=ORIENTED_EDGE('',*,*,#1257,.T.);
#870=ORIENTED_EDGE('',*,*,#1255,.T.);
#871=ORIENTED_EDGE('',*,*,#1190,.T.);
#872=ORIENTED_EDGE('',*,*,#1258,.F.);
#873=ORIENTED_EDGE('',*,*,#1259,.T.);
#874=ORIENTED_EDGE('',*,*,#1260,.T.);
#875=ORIENTED_EDGE('',*,*,#1188,.T.);
#876=ORIENTED_EDGE('',*,*,#1232,.T.);
#877=ORIENTED_EDGE('',*,*,#1261,.T.);
#878=ORIENTED_EDGE('',*,*,#1258,.T.);
#879=ORIENTED_EDGE('',*,*,#1197,.T.);
#880=ORIENTED_EDGE('',*,*,#1262,.F.);
#881=ORIENTED_EDGE('',*,*,#1252,.F.);
#882=ORIENTED_EDGE('',*,*,#1257,.F.);
#883=ORIENTED_EDGE('',*,*,#1263,.F.);
#884=ORIENTED_EDGE('',*,*,#1259,.F.);
#885=ORIENTED_EDGE('',*,*,#1261,.F.);
#886=ORIENTED_EDGE('',*,*,#1176,.T.);
#887=ORIENTED_EDGE('',*,*,#1244,.F.);
#888=ORIENTED_EDGE('',*,*,#1247,.F.);
#889=ORIENTED_EDGE('',*,*,#1264,.F.);
#890=ORIENTED_EDGE('',*,*,#1207,.F.);
#891=ORIENTED_EDGE('',*,*,#1206,.F.);
#892=ORIENTED_EDGE('',*,*,#1200,.F.);
#893=ORIENTED_EDGE('',*,*,#1224,.F.);
#894=ORIENTED_EDGE('',*,*,#1222,.F.);
#895=ORIENTED_EDGE('',*,*,#1265,.F.);
#896=ORIENTED_EDGE('',*,*,#1219,.F.);
#897=ORIENTED_EDGE('',*,*,#1216,.F.);
#898=ORIENTED_EDGE('',*,*,#1263,.T.);
#899=ORIENTED_EDGE('',*,*,#1256,.T.);
#900=ORIENTED_EDGE('',*,*,#1189,.T.);
#901=ORIENTED_EDGE('',*,*,#1260,.F.);
#902=ORIENTED_EDGE('',*,*,#1251,.F.);
#903=ORIENTED_EDGE('',*,*,#1266,.T.);
#904=ORIENTED_EDGE('',*,*,#1248,.T.);
#905=ORIENTED_EDGE('',*,*,#1193,.T.);
#906=ORIENTED_EDGE('',*,*,#1185,.T.);
#907=ORIENTED_EDGE('',*,*,#1218,.T.);
#908=ORIENTED_EDGE('',*,*,#1265,.T.);
#909=ORIENTED_EDGE('',*,*,#1221,.F.);
#910=ORIENTED_EDGE('',*,*,#1181,.T.);
#911=ORIENTED_EDGE('',*,*,#1210,.T.);
#912=ORIENTED_EDGE('',*,*,#1267,.T.);
#913=ORIENTED_EDGE('',*,*,#1211,.F.);
#914=ORIENTED_EDGE('',*,*,#1268,.F.);
#915=ORIENTED_EDGE('',*,*,#1253,.F.);
#916=ORIENTED_EDGE('',*,*,#1262,.T.);
#917=ORIENTED_EDGE('',*,*,#1246,.F.);
#918=ORIENTED_EDGE('',*,*,#1266,.F.);
#919=ORIENTED_EDGE('',*,*,#1250,.F.);
#920=ORIENTED_EDGE('',*,*,#1254,.F.);
#921=ORIENTED_EDGE('',*,*,#1268,.T.);
#922=ORIENTED_EDGE('',*,*,#1245,.F.);
#923=ORIENTED_EDGE('',*,*,#1269,.F.);
#924=ORIENTED_EDGE('',*,*,#1208,.F.);
#925=ORIENTED_EDGE('',*,*,#1264,.T.);
#926=ORIENTED_EDGE('',*,*,#1215,.F.);
#927=ORIENTED_EDGE('',*,*,#1267,.F.);
#928=ORIENTED_EDGE('',*,*,#1209,.F.);
#929=ORIENTED_EDGE('',*,*,#1269,.T.);
#930=ORIENTED_EDGE('',*,*,#1214,.F.);
#931=ORIENTED_EDGE('',*,*,#1212,.F.);
#932=ORIENTED_EDGE('',*,*,#1236,.F.);
#933=ORIENTED_EDGE('',*,*,#1228,.F.);
#934=ORIENTED_EDGE('',*,*,#1235,.F.);
#935=ORIENTED_EDGE('',*,*,#1227,.F.);
#936=ORIENTED_EDGE('',*,*,#1234,.F.);
#937=ORIENTED_EDGE('',*,*,#1226,.F.);
#938=ORIENTED_EDGE('',*,*,#1233,.F.);
#939=ORIENTED_EDGE('',*,*,#1225,.F.);
#940=ORIENTED_EDGE('',*,*,#1270,.F.);
#941=ORIENTED_EDGE('',*,*,#1271,.F.);
#942=ORIENTED_EDGE('',*,*,#1272,.F.);
#943=ORIENTED_EDGE('',*,*,#1273,.F.);
#944=ORIENTED_EDGE('',*,*,#1270,.T.);
#945=ORIENTED_EDGE('',*,*,#1274,.T.);
#946=ORIENTED_EDGE('',*,*,#1275,.T.);
#947=ORIENTED_EDGE('',*,*,#1276,.F.);
#948=ORIENTED_EDGE('',*,*,#1277,.T.);
#949=ORIENTED_EDGE('',*,*,#1278,.T.);
#950=ORIENTED_EDGE('',*,*,#1274,.F.);
#951=ORIENTED_EDGE('',*,*,#1273,.T.);
#952=ORIENTED_EDGE('',*,*,#1275,.F.);
#953=ORIENTED_EDGE('',*,*,#1272,.T.);
#954=ORIENTED_EDGE('',*,*,#1278,.F.);
#955=ORIENTED_EDGE('',*,*,#1276,.T.);
#956=ORIENTED_EDGE('',*,*,#1271,.T.);
#957=ORIENTED_EDGE('',*,*,#1277,.F.);
#958=ORIENTED_EDGE('',*,*,#1279,.F.);
#959=ORIENTED_EDGE('',*,*,#1280,.F.);
#960=ORIENTED_EDGE('',*,*,#1281,.F.);
#961=ORIENTED_EDGE('',*,*,#1282,.F.);
#962=ORIENTED_EDGE('',*,*,#1283,.T.);
#963=ORIENTED_EDGE('',*,*,#1284,.T.);
#964=ORIENTED_EDGE('',*,*,#1281,.T.);
#965=ORIENTED_EDGE('',*,*,#1285,.F.);
#966=ORIENTED_EDGE('',*,*,#1280,.T.);
#967=ORIENTED_EDGE('',*,*,#1286,.T.);
#968=ORIENTED_EDGE('',*,*,#1286,.F.);
#969=ORIENTED_EDGE('',*,*,#1283,.F.);
#970=ORIENTED_EDGE('',*,*,#1285,.T.);
#971=ORIENTED_EDGE('',*,*,#1284,.F.);
#972=ORIENTED_EDGE('',*,*,#1279,.T.);
#973=ORIENTED_EDGE('',*,*,#1282,.T.);
#974=ORIENTED_EDGE('',*,*,#1287,.T.);
#975=ORIENTED_EDGE('',*,*,#1288,.F.);
#976=ORIENTED_EDGE('',*,*,#1289,.T.);
#977=ORIENTED_EDGE('',*,*,#1287,.F.);
#978=ORIENTED_EDGE('',*,*,#1290,.F.);
#979=ORIENTED_EDGE('',*,*,#1291,.T.);
#980=ORIENTED_EDGE('',*,*,#1292,.F.);
#981=ORIENTED_EDGE('',*,*,#1293,.T.);
#982=ORIENTED_EDGE('',*,*,#1293,.F.);
#983=ORIENTED_EDGE('',*,*,#1294,.T.);
#984=ORIENTED_EDGE('',*,*,#1294,.F.);
#985=ORIENTED_EDGE('',*,*,#1295,.T.);
#986=ORIENTED_EDGE('',*,*,#1295,.F.);
#987=ORIENTED_EDGE('',*,*,#1296,.T.);
#988=ORIENTED_EDGE('',*,*,#1288,.T.);
#989=ORIENTED_EDGE('',*,*,#1296,.F.);
#990=ORIENTED_EDGE('',*,*,#1292,.T.);
#991=ORIENTED_EDGE('',*,*,#1291,.F.);
#992=ORIENTED_EDGE('',*,*,#1289,.F.);
#993=ORIENTED_EDGE('',*,*,#1290,.T.);
#994=ORIENTED_EDGE('',*,*,#1297,.T.);
#995=ORIENTED_EDGE('',*,*,#1298,.F.);
#996=ORIENTED_EDGE('',*,*,#1299,.T.);
#997=ORIENTED_EDGE('',*,*,#1300,.F.);
#998=ORIENTED_EDGE('',*,*,#1301,.T.);
#999=ORIENTED_EDGE('',*,*,#1302,.T.);
#1000=ORIENTED_EDGE('',*,*,#1303,.T.);
#1001=ORIENTED_EDGE('',*,*,#1304,.F.);
#1002=ORIENTED_EDGE('',*,*,#1305,.T.);
#1003=ORIENTED_EDGE('',*,*,#1298,.T.);
#1004=ORIENTED_EDGE('',*,*,#1306,.T.);
#1005=ORIENTED_EDGE('',*,*,#1304,.T.);
#1006=ORIENTED_EDGE('',*,*,#1307,.T.);
#1007=ORIENTED_EDGE('',*,*,#1308,.F.);
#1008=ORIENTED_EDGE('',*,*,#1309,.T.);
#1009=ORIENTED_EDGE('',*,*,#1310,.T.);
#1010=ORIENTED_EDGE('',*,*,#1311,.T.);
#1011=ORIENTED_EDGE('',*,*,#1312,.F.);
#1012=ORIENTED_EDGE('',*,*,#1313,.T.);
#1013=ORIENTED_EDGE('',*,*,#1314,.F.);
#1014=ORIENTED_EDGE('',*,*,#1314,.T.);
#1015=ORIENTED_EDGE('',*,*,#1315,.F.);
#1016=ORIENTED_EDGE('',*,*,#1315,.T.);
#1017=ORIENTED_EDGE('',*,*,#1316,.T.);
#1018=ORIENTED_EDGE('',*,*,#1313,.F.);
#1019=ORIENTED_EDGE('',*,*,#1312,.T.);
#1020=ORIENTED_EDGE('',*,*,#1316,.F.);
#1021=ORIENTED_EDGE('',*,*,#1307,.F.);
#1022=ORIENTED_EDGE('',*,*,#1303,.F.);
#1023=ORIENTED_EDGE('',*,*,#1297,.F.);
#1024=ORIENTED_EDGE('',*,*,#1317,.T.);
#1025=ORIENTED_EDGE('',*,*,#1299,.F.);
#1026=ORIENTED_EDGE('',*,*,#1305,.F.);
#1027=ORIENTED_EDGE('',*,*,#1306,.F.);
#1028=ORIENTED_EDGE('',*,*,#1318,.T.);
#1029=ORIENTED_EDGE('',*,*,#1311,.F.);
#1030=ORIENTED_EDGE('',*,*,#1300,.T.);
#1031=ORIENTED_EDGE('',*,*,#1317,.F.);
#1032=ORIENTED_EDGE('',*,*,#1302,.F.);
#1033=ORIENTED_EDGE('',*,*,#1319,.T.);
#1034=ORIENTED_EDGE('',*,*,#1310,.F.);
#1035=ORIENTED_EDGE('',*,*,#1320,.T.);
#1036=ORIENTED_EDGE('',*,*,#1308,.T.);
#1037=ORIENTED_EDGE('',*,*,#1318,.F.);
#1038=ORIENTED_EDGE('',*,*,#1319,.F.);
#1039=ORIENTED_EDGE('',*,*,#1301,.F.);
#1040=ORIENTED_EDGE('',*,*,#1320,.F.);
#1041=ORIENTED_EDGE('',*,*,#1309,.F.);
#1042=EDGE_CURVE('',#1321,#1321,#1537,.T.);
#1043=EDGE_CURVE('',#1322,#1322,#1538,.T.);
#1044=EDGE_CURVE('',#1323,#1323,#1539,.T.);
#1045=EDGE_CURVE('',#1324,#1324,#1540,.T.);
#1046=EDGE_CURVE('',#1325,#1325,#1541,.T.);
#1047=EDGE_CURVE('',#1326,#1326,#1542,.T.);
#1048=EDGE_CURVE('',#1327,#1327,#1543,.T.);
#1049=EDGE_CURVE('',#1328,#1328,#1544,.T.);
#1050=EDGE_CURVE('',#1329,#1329,#1545,.T.);
#1051=EDGE_CURVE('',#1330,#1330,#1546,.T.);
#1052=EDGE_CURVE('',#1331,#1331,#1547,.T.);
#1053=EDGE_CURVE('',#1332,#1332,#1548,.T.);
#1054=EDGE_CURVE('',#1333,#1333,#1549,.T.);
#1055=EDGE_CURVE('',#1334,#1334,#1550,.T.);
#1056=EDGE_CURVE('',#1335,#1335,#1551,.T.);
#1057=EDGE_CURVE('',#1336,#1336,#1552,.T.);
#1058=EDGE_CURVE('',#1337,#1337,#1553,.T.);
#1059=EDGE_CURVE('',#1338,#1338,#1554,.T.);
#1060=EDGE_CURVE('',#1339,#1339,#1555,.T.);
#1061=EDGE_CURVE('',#1340,#1340,#1556,.T.);
#1062=EDGE_CURVE('',#1341,#1341,#1557,.T.);
#1063=EDGE_CURVE('',#1342,#1342,#1558,.T.);
#1064=EDGE_CURVE('',#1343,#1343,#1559,.T.);
#1065=EDGE_CURVE('',#1344,#1344,#1560,.T.);
#1066=EDGE_CURVE('',#1345,#1346,#1561,.T.);
#1067=EDGE_CURVE('',#1346,#1347,#52,.T.);
#1068=EDGE_CURVE('',#1347,#1348,#1562,.T.);
#1069=EDGE_CURVE('',#1348,#1349,#53,.T.);
#1070=EDGE_CURVE('',#1349,#1350,#1563,.T.);
#1071=EDGE_CURVE('',#1350,#1351,#54,.T.);
#1072=EDGE_CURVE('',#1351,#1352,#55,.T.);
#1073=EDGE_CURVE('',#1352,#1353,#56,.T.);
#1074=EDGE_CURVE('',#1353,#1354,#1564,.T.);
#1075=EDGE_CURVE('',#1354,#1345,#57,.T.);
#1076=EDGE_CURVE('',#1355,#1356,#1565,.T.);
#1077=EDGE_CURVE('',#1356,#1357,#58,.T.);
#1078=EDGE_CURVE('',#1357,#1358,#1566,.T.);
#1079=EDGE_CURVE('',#1358,#1359,#59,.T.);
#1080=EDGE_CURVE('',#1359,#1360,#60,.T.);
#1081=EDGE_CURVE('',#1360,#1361,#61,.T.);
#1082=EDGE_CURVE('',#1361,#1362,#1567,.T.);
#1083=EDGE_CURVE('',#1362,#1363,#62,.T.);
#1084=EDGE_CURVE('',#1363,#1364,#1568,.T.);
#1085=EDGE_CURVE('',#1355,#1364,#63,.T.);
#1086=EDGE_CURVE('',#1346,#1355,#64,.T.);
#1087=EDGE_CURVE('',#1347,#1364,#65,.T.);
#1088=EDGE_CURVE('',#1365,#1366,#66,.T.);
#1089=EDGE_CURVE('',#1367,#1366,#1569,.T.);
#1090=EDGE_CURVE('',#1368,#1367,#67,.T.);
#1091=EDGE_CURVE('',#1369,#1368,#1570,.T.);
#1092=EDGE_CURVE('',#1370,#1369,#68,.T.);
#1093=EDGE_CURVE('',#1371,#1370,#69,.T.);
#1094=EDGE_CURVE('',#1372,#1371,#70,.T.);
#1095=EDGE_CURVE('',#1373,#1372,#1571,.T.);
#1096=EDGE_CURVE('',#1374,#1373,#71,.T.);
#1097=EDGE_CURVE('',#1365,#1374,#1572,.T.);
#1098=EDGE_CURVE('',#1375,#1376,#72,.T.);
#1099=EDGE_CURVE('',#1377,#1375,#1573,.T.);
#1100=EDGE_CURVE('',#1378,#1377,#73,.T.);
#1101=EDGE_CURVE('',#1379,#1378,#74,.T.);
#1102=EDGE_CURVE('',#1380,#1379,#75,.T.);
#1103=EDGE_CURVE('',#1381,#1380,#1574,.T.);
#1104=EDGE_CURVE('',#1382,#1381,#76,.T.);
#1105=EDGE_CURVE('',#1383,#1382,#1575,.T.);
#1106=EDGE_CURVE('',#1384,#1383,#77,.T.);
#1107=EDGE_CURVE('',#1376,#1384,#1576,.T.);
#1108=EDGE_CURVE('',#1366,#1383,#78,.T.);
#1109=EDGE_CURVE('',#1384,#1365,#79,.T.);
#1110=EDGE_CURVE('',#1385,#1372,#80,.T.);
#1111=EDGE_CURVE('',#1386,#1371,#81,.T.);
#1112=EDGE_CURVE('',#1386,#1385,#82,.T.);
#1113=EDGE_CURVE('',#1387,#1370,#83,.T.);
#1114=EDGE_CURVE('',#1387,#1386,#84,.T.);
#1115=EDGE_CURVE('',#1388,#1369,#85,.T.);
#1116=EDGE_CURVE('',#1388,#1387,#86,.T.);
#1117=EDGE_CURVE('',#1389,#1368,#87,.T.);
#1118=EDGE_CURVE('',#1390,#1367,#88,.T.);
#1119=EDGE_CURVE('',#1390,#1389,#89,.T.);
#1120=EDGE_CURVE('',#1391,#1366,#90,.T.);
#1121=EDGE_CURVE('',#1391,#1390,#1577,.T.);
#1122=EDGE_CURVE('',#1392,#1365,#91,.T.);
#1123=EDGE_CURVE('',#1393,#1374,#92,.T.);
#1124=EDGE_CURVE('',#1393,#1392,#1578,.T.);
#1125=EDGE_CURVE('',#1394,#1373,#93,.T.);
#1126=EDGE_CURVE('',#1394,#1393,#94,.T.);
#1127=EDGE_CURVE('',#1395,#1395,#1579,.T.);
#1128=EDGE_CURVE('',#1396,#1396,#1580,.T.);
#1129=EDGE_CURVE('',#1397,#1397,#1581,.T.);
#1130=EDGE_CURVE('',#1398,#1398,#1582,.T.);
#1131=EDGE_CURVE('',#1399,#1400,#95,.T.);
#1132=EDGE_CURVE('',#1401,#1399,#96,.T.);
#1133=EDGE_CURVE('',#1355,#1401,#97,.T.);
#1134=EDGE_CURVE('',#1384,#1346,#98,.T.);
#1135=EDGE_CURVE('',#1400,#1392,#99,.T.);
#1136=EDGE_CURVE('',#1402,#1402,#1583,.T.);
#1137=EDGE_CURVE('',#1403,#1403,#1584,.T.);
#1138=EDGE_CURVE('',#1404,#1404,#1585,.T.);
#1139=EDGE_CURVE('',#1405,#1405,#1586,.T.);
#1140=EDGE_CURVE('',#1406,#1407,#100,.T.);
#1141=EDGE_CURVE('',#1407,#1391,#101,.T.);
#1142=EDGE_CURVE('',#1383,#1347,#102,.T.);
#1143=EDGE_CURVE('',#1364,#1408,#103,.T.);
#1144=EDGE_CURVE('',#1408,#1406,#104,.T.);
#1145=EDGE_CURVE('',#1406,#1399,#105,.T.);
#1146=EDGE_CURVE('',#1408,#1409,#1587,.T.);
#1147=EDGE_CURVE('',#1409,#1410,#106,.T.);
#1148=EDGE_CURVE('',#1410,#1411,#1588,.T.);
#1149=EDGE_CURVE('',#1411,#1412,#107,.T.);
#1150=EDGE_CURVE('',#1412,#1413,#108,.T.);
#1151=EDGE_CURVE('',#1413,#1414,#109,.T.);
#1152=EDGE_CURVE('',#1414,#1415,#1589,.T.);
#1153=EDGE_CURVE('',#1415,#1416,#110,.T.);
#1154=EDGE_CURVE('',#1416,#1401,#1590,.T.);
#1155=EDGE_CURVE('',#1385,#1394,#1591,.T.);
#1156=EDGE_CURVE('',#1389,#1388,#1592,.T.);
#1157=EDGE_CURVE('',#1407,#1400,#111,.T.);
#1158=EDGE_CURVE('',#1378,#1352,#112,.T.);
#1159=EDGE_CURVE('',#1377,#1353,#113,.T.);
#1160=EDGE_CURVE('',#1358,#1414,#114,.T.);
#1161=EDGE_CURVE('',#1359,#1413,#115,.T.);
#1162=EDGE_CURVE('',#1379,#1351,#116,.T.);
#1163=EDGE_CURVE('',#1360,#1412,#117,.T.);
#1164=EDGE_CURVE('',#1380,#1350,#118,.T.);
#1165=EDGE_CURVE('',#1361,#1411,#119,.T.);
#1166=EDGE_CURVE('',#1382,#1348,#120,.T.);
#1167=EDGE_CURVE('',#1381,#1349,#121,.T.);
#1168=EDGE_CURVE('',#1362,#1410,#122,.T.);
#1169=EDGE_CURVE('',#1363,#1409,#123,.T.);
#1170=EDGE_CURVE('',#1376,#1345,#124,.T.);
#1171=EDGE_CURVE('',#1356,#1416,#125,.T.);
#1172=EDGE_CURVE('',#1375,#1354,#126,.T.);
#1173=EDGE_CURVE('',#1357,#1415,#127,.T.);
#1174=EDGE_CURVE('',#1417,#1418,#128,.T.);
#1175=EDGE_CURVE('',#1419,#1418,#129,.T.);
#1176=EDGE_CURVE('',#1420,#1419,#130,.T.);
#1177=EDGE_CURVE('',#1417,#1420,#131,.T.);
#1178=EDGE_CURVE('',#1421,#1422,#132,.T.);
#1179=EDGE_CURVE('',#1423,#1422,#1593,.T.);
#1180=EDGE_CURVE('',#1424,#1423,#133,.T.);
#1181=EDGE_CURVE('',#1425,#1424,#1594,.T.);
#1182=EDGE_CURVE('',#1426,#1425,#134,.T.);
#1183=EDGE_CURVE('',#1427,#1426,#135,.T.);
#1184=EDGE_CURVE('',#1428,#1427,#136,.T.);
#1185=EDGE_CURVE('',#1429,#1428,#1595,.T.);
#1186=EDGE_CURVE('',#1430,#1429,#137,.T.);
#1187=EDGE_CURVE('',#1421,#1430,#1596,.T.);
#1188=EDGE_CURVE('',#1431,#1432,#138,.T.);
#1189=EDGE_CURVE('',#1433,#1431,#1597,.T.);
#1190=EDGE_CURVE('',#1434,#1433,#139,.T.);
#1191=EDGE_CURVE('',#1435,#1434,#140,.T.);
#1192=EDGE_CURVE('',#1436,#1435,#141,.T.);
#1193=EDGE_CURVE('',#1437,#1436,#1598,.T.);
#1194=EDGE_CURVE('',#1438,#1437,#142,.T.);
#1195=EDGE_CURVE('',#1439,#1438,#1599,.T.);
#1196=EDGE_CURVE('',#1440,#1439,#143,.T.);
#1197=EDGE_CURVE('',#1432,#1440,#1600,.T.);
#1198=EDGE_CURVE('',#1422,#1439,#144,.T.);
#1199=EDGE_CURVE('',#1440,#1421,#145,.T.);
#1200=EDGE_CURVE('',#1441,#1442,#146,.T.);
#1201=EDGE_CURVE('',#1443,#1442,#147,.T.);
#1202=EDGE_CURVE('',#1444,#1443,#148,.T.);
#1203=EDGE_CURVE('',#1444,#1441,#149,.T.);
#1204=EDGE_CURVE('',#1423,#1445,#150,.T.);
#1205=EDGE_CURVE('',#1442,#1422,#151,.T.);
#1206=EDGE_CURVE('',#1442,#1445,#1601,.T.);
#1207=EDGE_CURVE('',#1445,#1446,#152,.T.);
#1208=EDGE_CURVE('',#1446,#1447,#153,.T.);
#1209=EDGE_CURVE('',#1447,#1448,#42,.T.);
#1210=EDGE_CURVE('',#1424,#1448,#154,.T.);
#1211=EDGE_CURVE('',#1425,#1449,#155,.T.);
#1212=EDGE_CURVE('',#1449,#1450,#43,.T.);
#1213=EDGE_CURVE('',#1426,#1450,#156,.T.);
#1214=EDGE_CURVE('',#1450,#1451,#44,.T.);
#1215=EDGE_CURVE('',#1451,#1452,#157,.T.);
#1216=EDGE_CURVE('',#1452,#1453,#158,.T.);
#1217=EDGE_CURVE('',#1427,#1453,#159,.T.);
#1218=EDGE_CURVE('',#1428,#1454,#160,.T.);
#1219=EDGE_CURVE('',#1453,#1454,#161,.T.);
#1220=EDGE_CURVE('',#1430,#1455,#162,.T.);
#1221=EDGE_CURVE('',#1429,#1456,#163,.T.);
#1222=EDGE_CURVE('',#1456,#1455,#164,.T.);
#1223=EDGE_CURVE('',#1441,#1421,#165,.T.);
#1224=EDGE_CURVE('',#1455,#1441,#1602,.T.);
#1225=EDGE_CURVE('',#1457,#1457,#1603,.T.);
#1226=EDGE_CURVE('',#1458,#1458,#1604,.T.);
#1227=EDGE_CURVE('',#1459,#1459,#1605,.T.);
#1228=EDGE_CURVE('',#1460,#1460,#1606,.T.);
#1229=EDGE_CURVE('',#1461,#1444,#166,.T.);
#1230=EDGE_CURVE('',#1462,#1461,#167,.T.);
#1231=EDGE_CURVE('',#1417,#1462,#168,.T.);
#1232=EDGE_CURVE('',#1440,#1420,#169,.T.);
#1233=EDGE_CURVE('',#1463,#1463,#1607,.T.);
#1234=EDGE_CURVE('',#1464,#1464,#1608,.T.);
#1235=EDGE_CURVE('',#1465,#1465,#1609,.T.);
#1236=EDGE_CURVE('',#1466,#1466,#1610,.T.);
#1237=EDGE_CURVE('',#1439,#1419,#170,.T.);
#1238=EDGE_CURVE('',#1418,#1467,#171,.T.);
#1239=EDGE_CURVE('',#1467,#1468,#172,.T.);
#1240=EDGE_CURVE('',#1468,#1443,#173,.T.);
#1241=EDGE_CURVE('',#1468,#1461,#174,.T.);
#1242=EDGE_CURVE('',#1467,#1462,#175,.T.);
#1243=EDGE_CURVE('',#1469,#1438,#176,.T.);
#1244=EDGE_CURVE('',#1469,#1419,#1611,.T.);
#1245=EDGE_CURVE('',#1470,#1471,#45,.T.);
#1246=EDGE_CURVE('',#1471,#1472,#177,.T.);
#1247=EDGE_CURVE('',#1472,#1469,#178,.T.);
#1248=EDGE_CURVE('',#1470,#1437,#179,.T.);
#1249=EDGE_CURVE('',#1473,#1435,#180,.T.);
#1250=EDGE_CURVE('',#1473,#1474,#46,.T.);
#1251=EDGE_CURVE('',#1474,#1436,#181,.T.);
#1252=EDGE_CURVE('',#1475,#1476,#182,.T.);
#1253=EDGE_CURVE('',#1476,#1477,#183,.T.);
#1254=EDGE_CURVE('',#1477,#1473,#47,.T.);
#1255=EDGE_CURVE('',#1475,#1434,#184,.T.);
#1256=EDGE_CURVE('',#1478,#1433,#185,.T.);
#1257=EDGE_CURVE('',#1478,#1475,#186,.T.);
#1258=EDGE_CURVE('',#1479,#1432,#187,.T.);
#1259=EDGE_CURVE('',#1479,#1480,#188,.T.);
#1260=EDGE_CURVE('',#1480,#1431,#189,.T.);
#1261=EDGE_CURVE('',#1420,#1479,#1612,.T.);
#1262=EDGE_CURVE('',#1476,#1472,#1613,.T.);
#1263=EDGE_CURVE('',#1480,#1478,#1614,.T.);
#1264=EDGE_CURVE('',#1446,#1452,#1615,.T.);
#1265=EDGE_CURVE('',#1454,#1456,#1616,.T.);
#1266=EDGE_CURVE('',#1474,#1470,#1617,.T.);
#1267=EDGE_CURVE('',#1448,#1449,#1618,.T.);
#1268=EDGE_CURVE('',#1477,#1471,#1619,.T.);
#1269=EDGE_CURVE('',#1447,#1451,#1620,.T.);
#1270=EDGE_CURVE('',#1492,#1492,#1621,.T.);
#1271=EDGE_CURVE('',#1493,#1493,#1622,.T.);
#1272=EDGE_CURVE('',#1494,#1494,#1623,.T.);
#1273=EDGE_CURVE('',#1495,#1495,#1624,.T.);
#1274=EDGE_CURVE('',#1496,#1496,#1625,.T.);
#1275=EDGE_CURVE('',#1497,#1497,#1626,.T.);
#1276=EDGE_CURVE('',#1498,#1498,#1627,.T.);
#1277=EDGE_CURVE('',#1499,#1499,#1628,.T.);
#1278=EDGE_CURVE('',#1500,#1500,#1629,.T.);
#1279=EDGE_CURVE('',#1501,#1501,#1630,.T.);
#1280=EDGE_CURVE('',#1502,#1502,#1631,.T.);
#1281=EDGE_CURVE('',#1503,#1503,#1632,.T.);
#1282=EDGE_CURVE('',#1504,#1504,#1633,.T.);
#1283=EDGE_CURVE('',#1505,#1505,#1634,.T.);
#1284=EDGE_CURVE('',#1506,#1506,#1635,.T.);
#1285=EDGE_CURVE('',#1507,#1507,#1636,.T.);
#1286=EDGE_CURVE('',#1508,#1508,#1637,.T.);
#1287=EDGE_CURVE('',#1509,#1509,#1638,.T.);
#1288=EDGE_CURVE('',#1510,#1510,#1639,.T.);
#1289=EDGE_CURVE('',#1511,#1511,#1640,.T.);
#1290=EDGE_CURVE('',#1512,#1512,#1641,.T.);
#1291=EDGE_CURVE('',#1513,#1513,#1642,.T.);
#1292=EDGE_CURVE('',#1514,#1514,#1643,.T.);
#1293=EDGE_CURVE('',#1515,#1515,#1644,.T.);
#1294=EDGE_CURVE('',#1516,#1516,#1645,.T.);
#1295=EDGE_CURVE('',#1517,#1517,#1646,.T.);
#1296=EDGE_CURVE('',#1518,#1518,#1647,.T.);
#1297=EDGE_CURVE('',#1519,#1520,#48,.T.);
#1298=EDGE_CURVE('',#1521,#1520,#190,.T.);
#1299=EDGE_CURVE('',#1521,#1522,#49,.T.);
#1300=EDGE_CURVE('',#1523,#1522,#191,.T.);
#1301=EDGE_CURVE('',#1523,#1524,#1648,.T.);
#1302=EDGE_CURVE('',#1524,#1519,#192,.T.);
#1303=EDGE_CURVE('',#1520,#1525,#1649,.T.);
#1304=EDGE_CURVE('',#1526,#1525,#193,.T.);
#1305=EDGE_CURVE('',#1526,#1521,#1650,.T.);
#1306=EDGE_CURVE('',#1527,#1526,#50,.T.);
#1307=EDGE_CURVE('',#1525,#1528,#51,.T.);
#1308=EDGE_CURVE('',#1529,#1528,#194,.T.);
#1309=EDGE_CURVE('',#1529,#1530,#1651,.T.);
#1310=EDGE_CURVE('',#1530,#1527,#195,.T.);
#1311=EDGE_CURVE('',#1531,#1531,#1652,.T.);
#1312=EDGE_CURVE('',#1532,#1532,#1653,.T.);
#1313=EDGE_CURVE('',#1533,#1533,#1654,.T.);
#1314=EDGE_CURVE('',#1534,#1534,#1655,.T.);
#1315=EDGE_CURVE('',#1535,#1535,#1656,.T.);
#1316=EDGE_CURVE('',#1536,#1536,#1657,.T.);
#1317=EDGE_CURVE('',#1519,#1522,#1658,.T.);
#1318=EDGE_CURVE('',#1527,#1528,#1659,.T.);
#1319=EDGE_CURVE('',#1524,#1523,#1660,.T.);
#1320=EDGE_CURVE('',#1530,#1529,#1661,.T.);
#1321=VERTEX_POINT('',#4126);
#1322=VERTEX_POINT('',#4129);
#1323=VERTEX_POINT('',#4131);
#1324=VERTEX_POINT('',#4134);
#1325=VERTEX_POINT('',#4137);
#1326=VERTEX_POINT('',#4139);
#1327=VERTEX_POINT('',#4142);
#1328=VERTEX_POINT('',#4144);
#1329=VERTEX_POINT('',#4147);
#1330=VERTEX_POINT('',#4150);
#1331=VERTEX_POINT('',#4154);
#1332=VERTEX_POINT('',#4157);
#1333=VERTEX_POINT('',#4160);
#1334=VERTEX_POINT('',#4167);
#1335=VERTEX_POINT('',#4169);
#1336=VERTEX_POINT('',#4172);
#1337=VERTEX_POINT('',#4174);
#1338=VERTEX_POINT('',#4177);
#1339=VERTEX_POINT('',#4179);
#1340=VERTEX_POINT('',#4182);
#1341=VERTEX_POINT('',#4184);
#1342=VERTEX_POINT('',#4188);
#1343=VERTEX_POINT('',#4191);
#1344=VERTEX_POINT('',#4194);
#1345=VERTEX_POINT('',#4201);
#1346=VERTEX_POINT('',#4202);
#1347=VERTEX_POINT('',#4204);
#1348=VERTEX_POINT('',#4206);
#1349=VERTEX_POINT('',#4208);
#1350=VERTEX_POINT('',#4210);
#1351=VERTEX_POINT('',#4212);
#1352=VERTEX_POINT('',#4214);
#1353=VERTEX_POINT('',#4216);
#1354=VERTEX_POINT('',#4218);
#1355=VERTEX_POINT('',#4222);
#1356=VERTEX_POINT('',#4223);
#1357=VERTEX_POINT('',#4225);
#1358=VERTEX_POINT('',#4227);
#1359=VERTEX_POINT('',#4229);
#1360=VERTEX_POINT('',#4231);
#1361=VERTEX_POINT('',#4233);
#1362=VERTEX_POINT('',#4235);
#1363=VERTEX_POINT('',#4237);
#1364=VERTEX_POINT('',#4239);
#1365=VERTEX_POINT('',#4246);
#1366=VERTEX_POINT('',#4247);
#1367=VERTEX_POINT('',#4249);
#1368=VERTEX_POINT('',#4251);
#1369=VERTEX_POINT('',#4253);
#1370=VERTEX_POINT('',#4255);
#1371=VERTEX_POINT('',#4257);
#1372=VERTEX_POINT('',#4259);
#1373=VERTEX_POINT('',#4261);
#1374=VERTEX_POINT('',#4263);
#1375=VERTEX_POINT('',#4267);
#1376=VERTEX_POINT('',#4268);
#1377=VERTEX_POINT('',#4270);
#1378=VERTEX_POINT('',#4272);
#1379=VERTEX_POINT('',#4274);
#1380=VERTEX_POINT('',#4276);
#1381=VERTEX_POINT('',#4278);
#1382=VERTEX_POINT('',#4280);
#1383=VERTEX_POINT('',#4282);
#1384=VERTEX_POINT('',#4284);
#1385=VERTEX_POINT('',#4291);
#1386=VERTEX_POINT('',#4293);
#1387=VERTEX_POINT('',#4297);
#1388=VERTEX_POINT('',#4301);
#1389=VERTEX_POINT('',#4305);
#1390=VERTEX_POINT('',#4307);
#1391=VERTEX_POINT('',#4311);
#1392=VERTEX_POINT('',#4315);
#1393=VERTEX_POINT('',#4317);
#1394=VERTEX_POINT('',#4321);
#1395=VERTEX_POINT('',#4325);
#1396=VERTEX_POINT('',#4327);
#1397=VERTEX_POINT('',#4329);
#1398=VERTEX_POINT('',#4331);
#1399=VERTEX_POINT('',#4333);
#1400=VERTEX_POINT('',#4334);
#1401=VERTEX_POINT('',#4336);
#1402=VERTEX_POINT('',#4342);
#1403=VERTEX_POINT('',#4344);
#1404=VERTEX_POINT('',#4346);
#1405=VERTEX_POINT('',#4348);
#1406=VERTEX_POINT('',#4350);
#1407=VERTEX_POINT('',#4351);
#1408=VERTEX_POINT('',#4355);
#1409=VERTEX_POINT('',#4360);
#1410=VERTEX_POINT('',#4362);
#1411=VERTEX_POINT('',#4364);
#1412=VERTEX_POINT('',#4366);
#1413=VERTEX_POINT('',#4368);
#1414=VERTEX_POINT('',#4370);
#1415=VERTEX_POINT('',#4372);
#1416=VERTEX_POINT('',#4374);
#1417=VERTEX_POINT('',#4424);
#1418=VERTEX_POINT('',#4425);
#1419=VERTEX_POINT('',#4427);
#1420=VERTEX_POINT('',#4429);
#1421=VERTEX_POINT('',#4433);
#1422=VERTEX_POINT('',#4434);
#1423=VERTEX_POINT('',#4436);
#1424=VERTEX_POINT('',#4438);
#1425=VERTEX_POINT('',#4440);
#1426=VERTEX_POINT('',#4442);
#1427=VERTEX_POINT('',#4444);
#1428=VERTEX_POINT('',#4446);
#1429=VERTEX_POINT('',#4448);
#1430=VERTEX_POINT('',#4450);
#1431=VERTEX_POINT('',#4454);
#1432=VERTEX_POINT('',#4455);
#1433=VERTEX_POINT('',#4457);
#1434=VERTEX_POINT('',#4459);
#1435=VERTEX_POINT('',#4461);
#1436=VERTEX_POINT('',#4463);
#1437=VERTEX_POINT('',#4465);
#1438=VERTEX_POINT('',#4467);
#1439=VERTEX_POINT('',#4469);
#1440=VERTEX_POINT('',#4471);
#1441=VERTEX_POINT('',#4478);
#1442=VERTEX_POINT('',#4479);
#1443=VERTEX_POINT('',#4481);
#1444=VERTEX_POINT('',#4483);
#1445=VERTEX_POINT('',#4487);
#1446=VERTEX_POINT('',#4492);
#1447=VERTEX_POINT('',#4494);
#1448=VERTEX_POINT('',#4499);
#1449=VERTEX_POINT('',#4503);
#1450=VERTEX_POINT('',#4508);
#1451=VERTEX_POINT('',#4515);
#1452=VERTEX_POINT('',#4517);
#1453=VERTEX_POINT('',#4519);
#1454=VERTEX_POINT('',#4523);
#1455=VERTEX_POINT('',#4527);
#1456=VERTEX_POINT('',#4529);
#1457=VERTEX_POINT('',#4536);
#1458=VERTEX_POINT('',#4538);
#1459=VERTEX_POINT('',#4540);
#1460=VERTEX_POINT('',#4542);
#1461=VERTEX_POINT('',#4544);
#1462=VERTEX_POINT('',#4546);
#1463=VERTEX_POINT('',#4551);
#1464=VERTEX_POINT('',#4553);
#1465=VERTEX_POINT('',#4555);
#1466=VERTEX_POINT('',#4557);
#1467=VERTEX_POINT('',#4560);
#1468=VERTEX_POINT('',#4562);
#1469=VERTEX_POINT('',#4571);
#1470=VERTEX_POINT('',#4578);
#1471=VERTEX_POINT('',#4579);
#1472=VERTEX_POINT('',#4581);
#1473=VERTEX_POINT('',#4586);
#1474=VERTEX_POINT('',#4591);
#1475=VERTEX_POINT('',#4595);
#1476=VERTEX_POINT('',#4596);
#1477=VERTEX_POINT('',#4598);
#1478=VERTEX_POINT('',#4606);
#1479=VERTEX_POINT('',#4610);
#1480=VERTEX_POINT('',#4612);
#1481=VERTEX_POINT('',#4640);
#1482=VERTEX_POINT('',#4642);
#1483=VERTEX_POINT('',#4644);
#1484=VERTEX_POINT('',#4646);
#1485=VERTEX_POINT('',#4648);
#1486=VERTEX_POINT('',#4650);
#1487=VERTEX_POINT('',#4652);
#1488=VERTEX_POINT('',#4654);
#1489=VERTEX_POINT('',#4656);
#1490=VERTEX_POINT('',#4658);
#1491=VERTEX_POINT('',#4660);
#1492=VERTEX_POINT('',#4663);
#1493=VERTEX_POINT('',#4665);
#1494=VERTEX_POINT('',#4668);
#1495=VERTEX_POINT('',#4670);
#1496=VERTEX_POINT('',#4673);
#1497=VERTEX_POINT('',#4676);
#1498=VERTEX_POINT('',#4678);
#1499=VERTEX_POINT('',#4681);
#1500=VERTEX_POINT('',#4683);
#1501=VERTEX_POINT('',#4690);
#1502=VERTEX_POINT('',#4692);
#1503=VERTEX_POINT('',#4695);
#1504=VERTEX_POINT('',#4697);
#1505=VERTEX_POINT('',#4700);
#1506=VERTEX_POINT('',#4702);
#1507=VERTEX_POINT('',#4705);
#1508=VERTEX_POINT('',#4708);
#1509=VERTEX_POINT('',#4714);
#1510=VERTEX_POINT('',#4716);
#1511=VERTEX_POINT('',#4719);
#1512=VERTEX_POINT('',#4722);
#1513=VERTEX_POINT('',#4724);
#1514=VERTEX_POINT('',#4727);
#1515=VERTEX_POINT('',#4729);
#1516=VERTEX_POINT('',#4732);
#1517=VERTEX_POINT('',#4735);
#1518=VERTEX_POINT('',#4738);
#1519=VERTEX_POINT('',#4749);
#1520=VERTEX_POINT('',#4750);
#1521=VERTEX_POINT('',#4752);
#1522=VERTEX_POINT('',#4757);
#1523=VERTEX_POINT('',#4759);
#1524=VERTEX_POINT('',#4761);
#1525=VERTEX_POINT('',#4765);
#1526=VERTEX_POINT('',#4767);
#1527=VERTEX_POINT('',#4774);
#1528=VERTEX_POINT('',#4779);
#1529=VERTEX_POINT('',#4781);
#1530=VERTEX_POINT('',#4783);
#1531=VERTEX_POINT('',#4787);
#1532=VERTEX_POINT('',#4789);
#1533=VERTEX_POINT('',#4792);
#1534=VERTEX_POINT('',#4794);
#1535=VERTEX_POINT('',#4797);
#1536=VERTEX_POINT('',#4801);
#1537=CIRCLE('',#3090,2.68333333333333);
#1538=CIRCLE('',#3092,4.6);
#1539=CIRCLE('',#3093,3.14333333333334);
#1540=CIRCLE('',#3095,5.67333333333334);
#1541=CIRCLE('',#3097,5.36666666666667);
#1542=CIRCLE('',#3098,5.67333333333334);
#1543=CIRCLE('',#3100,5.75);
#1544=CIRCLE('',#3101,5.75);
#1545=CIRCLE('',#3103,5.33097738217581);
#1546=CIRCLE('',#3105,4.63568928449086);
#1547=CIRCLE('',#3108,3.06666666666667);
#1548=CIRCLE('',#3110,3.06666666666667);
#1549=CIRCLE('',#3112,2.68333333333333);
#1550=CIRCLE('',#3118,1.91666666666667);
#1551=CIRCLE('',#3119,5.67333333333334);
#1552=CIRCLE('',#3121,4.21666666666667);
#1553=CIRCLE('',#3122,3.1625);
#1554=CIRCLE('',#3124,4.6);
#1555=CIRCLE('',#3125,5.67333333333334);
#1556=CIRCLE('',#3127,5.75);
#1557=CIRCLE('',#3128,5.75);
#1558=CIRCLE('',#3131,3.1625);
#1559=CIRCLE('',#3133,2.77916666666667);
#1560=CIRCLE('',#3135,1.91666666666667);
#1561=CIRCLE('',#3141,1.53333333333333);
#1562=CIRCLE('',#3142,4.14);
#1563=CIRCLE('',#3143,3.14333333333333);
#1564=CIRCLE('',#3144,5.75);
#1565=CIRCLE('',#3146,1.53333333333333);
#1566=CIRCLE('',#3147,5.75);
#1567=CIRCLE('',#3148,3.14333333333334);
#1568=CIRCLE('',#3149,4.14);
#1569=CIRCLE('',#3152,4.14);
#1570=CIRCLE('',#3153,3.14333333333334);
#1571=CIRCLE('',#3154,5.75);
#1572=CIRCLE('',#3155,1.53333333333333);
#1573=CIRCLE('',#3157,5.75);
#1574=CIRCLE('',#3158,3.14333333333333);
#1575=CIRCLE('',#3159,4.14);
#1576=CIRCLE('',#3160,1.53333333333333);
#1577=CIRCLE('',#3167,4.14);
#1578=CIRCLE('',#3169,1.53333333333333);
#1579=CIRCLE('',#3172,3.69333333333333);
#1580=CIRCLE('',#3173,3.69333333333333);
#1581=CIRCLE('',#3174,3.69333333333333);
#1582=CIRCLE('',#3175,3.69333333333333);
#1583=CIRCLE('',#3177,6.3);
#1584=CIRCLE('',#3178,6.3);
#1585=CIRCLE('',#3179,6.3);
#1586=CIRCLE('',#3180,6.3);
#1587=CIRCLE('',#3182,4.14);
#1588=CIRCLE('',#3183,3.14333333333334);
#1589=CIRCLE('',#3184,5.75);
#1590=CIRCLE('',#3185,1.53333333333333);
#1591=CIRCLE('',#3187,5.75);
#1592=CIRCLE('',#3188,3.14333333333334);
#1593=CIRCLE('',#3217,4.14);
#1594=CIRCLE('',#3218,3.14333333333333);
#1595=CIRCLE('',#3219,5.75);
#1596=CIRCLE('',#3220,1.53333333333333);
#1597=CIRCLE('',#3222,5.75);
#1598=CIRCLE('',#3223,3.14333333333333);
#1599=CIRCLE('',#3224,4.14);
#1600=CIRCLE('',#3225,1.53333333333333);
#1601=CIRCLE('',#3229,4.14);
#1602=CIRCLE('',#3236,1.53333333333333);
#1603=CIRCLE('',#3238,3.59333333333333);
#1604=CIRCLE('',#3239,3.59333333333333);
#1605=CIRCLE('',#3240,3.59333333333333);
#1606=CIRCLE('',#3241,3.59333333333333);
#1607=CIRCLE('',#3243,6.2);
#1608=CIRCLE('',#3244,6.2);
#1609=CIRCLE('',#3245,6.2);
#1610=CIRCLE('',#3246,6.2);
#1611=CIRCLE('',#3251,4.14);
#1612=CIRCLE('',#3258,1.53333333333333);
#1613=CIRCLE('',#3260,4.21666666666666);
#1614=CIRCLE('',#3261,5.75);
#1615=CIRCLE('',#3263,4.21666666666666);
#1616=CIRCLE('',#3264,5.75);
#1617=CIRCLE('',#3267,3.14333333333333);
#1618=CIRCLE('',#3270,3.14333333333333);
#1619=CIRCLE('',#3272,4.21666666666666);
#1620=CIRCLE('',#3275,4.21666666666666);
#1621=CIRCLE('',#3294,5.75);
#1622=CIRCLE('',#3295,5.44333333333334);
#1623=CIRCLE('',#3297,3.43617394195842);
#1624=CIRCLE('',#3298,5.15049272470825);
#1625=CIRCLE('',#3300,5.75);
#1626=CIRCLE('',#3302,3.14333333333333);
#1627=CIRCLE('',#3303,3.14333333333333);
#1628=CIRCLE('',#3305,4.21666666666667);
#1629=CIRCLE('',#3306,4.21666666666667);
#1630=CIRCLE('',#3312,4.98333333333334);
#1631=CIRCLE('',#3313,5.75);
#1632=CIRCLE('',#3315,3.14333333333333);
#1633=CIRCLE('',#3316,3.52666666666667);
#1634=CIRCLE('',#3318,5.15049272470825);
#1635=CIRCLE('',#3319,3.43617394195841);
#1636=CIRCLE('',#3321,3.14333333333333);
#1637=CIRCLE('',#3323,5.75);
#1638=CIRCLE('',#3328,4.52588888888889);
#1639=CIRCLE('',#3329,4.52588888888889);
#1640=CIRCLE('',#3331,4.17322222222223);
#1641=CIRCLE('',#3333,3.35033333333333);
#1642=CIRCLE('',#3334,3.35033333333333);
#1643=CIRCLE('',#3336,4.17322222222223);
#1644=CIRCLE('',#3337,4.40833333333333);
#1645=CIRCLE('',#3339,4.40833333333333);
#1646=CIRCLE('',#3341,3.93811111111112);
#1647=CIRCLE('',#3343,3.93811111111112);
#1648=CIRCLE('',#3350,11.9733036376766);
#1649=CIRCLE('',#3352,4.30793863767661);
#1650=CIRCLE('',#3353,4.30793863767661);
#1651=CIRCLE('',#3355,11.9733036376766);
#1652=CIRCLE('',#3357,2.79999983128806);
#1653=CIRCLE('',#3358,2.6242642);
#1654=CIRCLE('',#3360,3.);
#1655=CIRCLE('',#3361,3.);
#1656=CIRCLE('',#3363,2.3865);
#1657=CIRCLE('',#3366,2.6242642);
#1658=CIRCLE('',#3369,5.5);
#1659=CIRCLE('',#3370,5.5);
#1660=CIRCLE('',#3372,5.5);
#1661=CIRCLE('',#3374,5.5);
#1662=EDGE_LOOP('',(#484));
#1663=EDGE_LOOP('',(#485));
#1664=EDGE_LOOP('',(#486));
#1665=EDGE_LOOP('',(#487));
#1666=EDGE_LOOP('',(#488));
#1667=EDGE_LOOP('',(#489));
#1668=EDGE_LOOP('',(#490));
#1669=EDGE_LOOP('',(#491));
#1670=EDGE_LOOP('',(#492));
#1671=EDGE_LOOP('',(#493));
#1672=EDGE_LOOP('',(#494));
#1673=EDGE_LOOP('',(#495));
#1674=EDGE_LOOP('',(#496));
#1675=EDGE_LOOP('',(#497));
#1676=EDGE_LOOP('',(#498));
#1677=EDGE_LOOP('',(#499));
#1678=EDGE_LOOP('',(#500));
#1679=EDGE_LOOP('',(#501));
#1680=EDGE_LOOP('',(#502));
#1681=EDGE_LOOP('',(#503));
#1682=EDGE_LOOP('',(#504));
#1683=EDGE_LOOP('',(#505));
#1684=EDGE_LOOP('',(#506));
#1685=EDGE_LOOP('',(#507));
#1686=EDGE_LOOP('',(#508));
#1687=EDGE_LOOP('',(#509));
#1688=EDGE_LOOP('',(#510));
#1689=EDGE_LOOP('',(#511));
#1690=EDGE_LOOP('',(#512));
#1691=EDGE_LOOP('',(#513));
#1692=EDGE_LOOP('',(#514));
#1693=EDGE_LOOP('',(#515));
#1694=EDGE_LOOP('',(#516));
#1695=EDGE_LOOP('',(#517));
#1696=EDGE_LOOP('',(#518));
#1697=EDGE_LOOP('',(#519));
#1698=EDGE_LOOP('',(#520));
#1699=EDGE_LOOP('',(#521));
#1700=EDGE_LOOP('',(#522));
#1701=EDGE_LOOP('',(#523));
#1702=EDGE_LOOP('',(#524));
#1703=EDGE_LOOP('',(#525));
#1704=EDGE_LOOP('',(#526));
#1705=EDGE_LOOP('',(#527));
#1706=EDGE_LOOP('',(#528));
#1707=EDGE_LOOP('',(#529));
#1708=EDGE_LOOP('',(#530));
#1709=EDGE_LOOP('',(#531));
#1710=EDGE_LOOP('',(#532,#533,#534,#535,#536,#537,#538,#539,#540,#541));
#1711=EDGE_LOOP('',(#542,#543,#544,#545,#546,#547,#548,#549,#550,#551));
#1712=EDGE_LOOP('',(#552,#553,#554,#555));
#1713=EDGE_LOOP('',(#556,#557,#558,#559,#560,#561,#562,#563,#564,#565));
#1714=EDGE_LOOP('',(#566,#567,#568,#569,#570,#571,#572,#573,#574,#575));
#1715=EDGE_LOOP('',(#576,#577,#578,#579));
#1716=EDGE_LOOP('',(#580,#581,#582,#583));
#1717=EDGE_LOOP('',(#584,#585,#586,#587));
#1718=EDGE_LOOP('',(#588,#589,#590,#591));
#1719=EDGE_LOOP('',(#592,#593,#594,#595));
#1720=EDGE_LOOP('',(#596,#597,#598,#599));
#1721=EDGE_LOOP('',(#600,#601,#602,#603));
#1722=EDGE_LOOP('',(#604,#605,#606,#607));
#1723=EDGE_LOOP('',(#608));
#1724=EDGE_LOOP('',(#609));
#1725=EDGE_LOOP('',(#610));
#1726=EDGE_LOOP('',(#611));
#1727=EDGE_LOOP('',(#612,#613,#614,#615,#616,#617,#618,#619));
#1728=EDGE_LOOP('',(#620));
#1729=EDGE_LOOP('',(#621));
#1730=EDGE_LOOP('',(#622));
#1731=EDGE_LOOP('',(#623));
#1732=EDGE_LOOP('',(#624,#625,#626,#627,#628,#629,#630,#631));
#1733=EDGE_LOOP('',(#632,#633,#634,#635,#636,#637,#638,#639,#640,#641,#642,
#643));
#1734=EDGE_LOOP('',(#644,#645,#646,#647,#648,#649,#650,#651,#652,#653,#654,
#655));
#1735=EDGE_LOOP('',(#656,#657,#658,#659));
#1736=EDGE_LOOP('',(#660,#661,#662,#663));
#1737=EDGE_LOOP('',(#664,#665,#666,#667));
#1738=EDGE_LOOP('',(#668,#669,#670,#671));
#1739=EDGE_LOOP('',(#672,#673,#674,#675));
#1740=EDGE_LOOP('',(#676,#677,#678,#679));
#1741=EDGE_LOOP('',(#680,#681,#682,#683));
#1742=EDGE_LOOP('',(#684,#685,#686,#687));
#1743=EDGE_LOOP('',(#688,#689,#690,#691));
#1744=EDGE_LOOP('',(#692,#693,#694,#695));
#1745=EDGE_LOOP('',(#696,#697,#698,#699));
#1746=EDGE_LOOP('',(#700,#701,#702,#703));
#1747=EDGE_LOOP('',(#704,#705,#706,#707));
#1748=EDGE_LOOP('',(#708,#709,#710,#711));
#1749=EDGE_LOOP('',(#712,#713,#714,#715));
#1750=EDGE_LOOP('',(#716,#717,#718,#719));
#1751=EDGE_LOOP('',(#720,#721,#722,#723));
#1752=EDGE_LOOP('',(#724,#725,#726,#727));
#1753=EDGE_LOOP('',(#728,#729,#730,#731));
#1754=EDGE_LOOP('',(#732,#733,#734,#735));
#1755=EDGE_LOOP('',(#736,#737,#738,#739));
#1756=EDGE_LOOP('',(#740));
#1757=EDGE_LOOP('',(#741));
#1758=EDGE_LOOP('',(#742));
#1759=EDGE_LOOP('',(#743));
#1760=EDGE_LOOP('',(#744));
#1761=EDGE_LOOP('',(#745));
#1762=EDGE_LOOP('',(#746));
#1763=EDGE_LOOP('',(#747));
#1764=EDGE_LOOP('',(#748,#749,#750,#751));
#1765=EDGE_LOOP('',(#752,#753,#754,#755,#756,#757,#758,#759,#760,#761));
#1766=EDGE_LOOP('',(#762,#763,#764,#765,#766,#767,#768,#769,#770,#771));
#1767=EDGE_LOOP('',(#772,#773,#774,#775));
#1768=EDGE_LOOP('',(#776,#777,#778,#779));
#1769=EDGE_LOOP('',(#780,#781,#782,#783));
#1770=EDGE_LOOP('',(#784,#785,#786,#787,#788,#789));
#1771=EDGE_LOOP('',(#790,#791,#792,#793));
#1772=EDGE_LOOP('',(#794,#795,#796,#797,#798,#799));
#1773=EDGE_LOOP('',(#800,#801,#802,#803));
#1774=EDGE_LOOP('',(#804,#805,#806,#807));
#1775=EDGE_LOOP('',(#808,#809,#810,#811));
#1776=EDGE_LOOP('',(#812));
#1777=EDGE_LOOP('',(#813));
#1778=EDGE_LOOP('',(#814));
#1779=EDGE_LOOP('',(#815));
#1780=EDGE_LOOP('',(#816,#817,#818,#819,#820,#821,#822,#823));
#1781=EDGE_LOOP('',(#824));
#1782=EDGE_LOOP('',(#825));
#1783=EDGE_LOOP('',(#826));
#1784=EDGE_LOOP('',(#827));
#1785=EDGE_LOOP('',(#828,#829,#830,#831,#832,#833,#834,#835));
#1786=EDGE_LOOP('',(#836,#837,#838,#839));
#1787=EDGE_LOOP('',(#840,#841,#842,#843));
#1788=EDGE_LOOP('',(#844,#845,#846,#847));
#1789=EDGE_LOOP('',(#848,#849,#850,#851));
#1790=EDGE_LOOP('',(#852,#853,#854,#855,#856,#857));
#1791=EDGE_LOOP('',(#858,#859,#860,#861));
#1792=EDGE_LOOP('',(#862,#863,#864,#865,#866,#867));
#1793=EDGE_LOOP('',(#868,#869,#870,#871));
#1794=EDGE_LOOP('',(#872,#873,#874,#875));
#1795=EDGE_LOOP('',(#876,#877,#878,#879));
#1796=EDGE_LOOP('',(#880,#881,#882,#883,#884,#885,#886,#887,#888));
#1797=EDGE_LOOP('',(#889,#890,#891,#892,#893,#894,#895,#896,#897));
#1798=EDGE_LOOP('',(#898,#899,#900,#901));
#1799=EDGE_LOOP('',(#902,#903,#904,#905));
#1800=EDGE_LOOP('',(#906,#907,#908,#909));
#1801=EDGE_LOOP('',(#910,#911,#912,#913));
#1802=EDGE_LOOP('',(#914,#915,#916,#917));
#1803=EDGE_LOOP('',(#918,#919,#920,#921,#922));
#1804=EDGE_LOOP('',(#923,#924,#925,#926));
#1805=EDGE_LOOP('',(#927,#928,#929,#930,#931));
#1806=EDGE_LOOP('',(#932));
#1807=EDGE_LOOP('',(#933));
#1808=EDGE_LOOP('',(#934));
#1809=EDGE_LOOP('',(#935));
#1810=EDGE_LOOP('',(#936));
#1811=EDGE_LOOP('',(#937));
#1812=EDGE_LOOP('',(#938));
#1813=EDGE_LOOP('',(#939));
#1814=EDGE_LOOP('',(#940));
#1815=EDGE_LOOP('',(#941));
#1816=EDGE_LOOP('',(#942));
#1817=EDGE_LOOP('',(#943));
#1818=EDGE_LOOP('',(#944));
#1819=EDGE_LOOP('',(#945));
#1820=EDGE_LOOP('',(#946));
#1821=EDGE_LOOP('',(#947));
#1822=EDGE_LOOP('',(#948));
#1823=EDGE_LOOP('',(#949));
#1824=EDGE_LOOP('',(#950));
#1825=EDGE_LOOP('',(#951));
#1826=EDGE_LOOP('',(#952));
#1827=EDGE_LOOP('',(#953));
#1828=EDGE_LOOP('',(#954));
#1829=EDGE_LOOP('',(#955));
#1830=EDGE_LOOP('',(#956));
#1831=EDGE_LOOP('',(#957));
#1832=EDGE_LOOP('',(#958));
#1833=EDGE_LOOP('',(#959));
#1834=EDGE_LOOP('',(#960));
#1835=EDGE_LOOP('',(#961));
#1836=EDGE_LOOP('',(#962));
#1837=EDGE_LOOP('',(#963));
#1838=EDGE_LOOP('',(#964));
#1839=EDGE_LOOP('',(#965));
#1840=EDGE_LOOP('',(#966));
#1841=EDGE_LOOP('',(#967));
#1842=EDGE_LOOP('',(#968));
#1843=EDGE_LOOP('',(#969));
#1844=EDGE_LOOP('',(#970));
#1845=EDGE_LOOP('',(#971));
#1846=EDGE_LOOP('',(#972));
#1847=EDGE_LOOP('',(#973));
#1848=EDGE_LOOP('',(#974));
#1849=EDGE_LOOP('',(#975));
#1850=EDGE_LOOP('',(#976));
#1851=EDGE_LOOP('',(#977));
#1852=EDGE_LOOP('',(#978));
#1853=EDGE_LOOP('',(#979));
#1854=EDGE_LOOP('',(#980));
#1855=EDGE_LOOP('',(#981));
#1856=EDGE_LOOP('',(#982));
#1857=EDGE_LOOP('',(#983));
#1858=EDGE_LOOP('',(#984));
#1859=EDGE_LOOP('',(#985));
#1860=EDGE_LOOP('',(#986));
#1861=EDGE_LOOP('',(#987));
#1862=EDGE_LOOP('',(#988));
#1863=EDGE_LOOP('',(#989));
#1864=EDGE_LOOP('',(#990));
#1865=EDGE_LOOP('',(#991));
#1866=EDGE_LOOP('',(#992));
#1867=EDGE_LOOP('',(#993));
#1868=EDGE_LOOP('',(#994,#995,#996,#997,#998,#999));
#1869=EDGE_LOOP('',(#1000,#1001,#1002,#1003));
#1870=EDGE_LOOP('',(#1004,#1005,#1006,#1007,#1008,#1009));
#1871=EDGE_LOOP('',(#1010));
#1872=EDGE_LOOP('',(#1011));
#1873=EDGE_LOOP('',(#1012));
#1874=EDGE_LOOP('',(#1013));
#1875=EDGE_LOOP('',(#1014));
#1876=EDGE_LOOP('',(#1015));
#1877=EDGE_LOOP('',(#1016));
#1878=EDGE_LOOP('',(#1017));
#1879=EDGE_LOOP('',(#1018));
#1880=EDGE_LOOP('',(#1019));
#1881=EDGE_LOOP('',(#1020));
#1882=EDGE_LOOP('',(#1021,#1022,#1023,#1024,#1025,#1026,#1027,#1028));
#1883=EDGE_LOOP('',(#1029));
#1884=EDGE_LOOP('',(#1030,#1031,#1032,#1033));
#1885=EDGE_LOOP('',(#1034,#1035,#1036,#1037));
#1886=EDGE_LOOP('',(#1038,#1039));
#1887=EDGE_LOOP('',(#1040,#1041));
#1888=FACE_BOUND('',#1662,.T.);
#1889=FACE_BOUND('',#1663,.T.);
#1890=FACE_BOUND('',#1664,.T.);
#1891=FACE_BOUND('',#1665,.T.);
#1892=FACE_BOUND('',#1666,.T.);
#1893=FACE_BOUND('',#1667,.T.);
#1894=FACE_BOUND('',#1668,.T.);
#1895=FACE_BOUND('',#1669,.T.);
#1896=FACE_BOUND('',#1670,.T.);
#1897=FACE_BOUND('',#1671,.T.);
#1898=FACE_BOUND('',#1672,.T.);
#1899=FACE_BOUND('',#1673,.T.);
#1900=FACE_BOUND('',#1674,.T.);
#1901=FACE_BOUND('',#1675,.T.);
#1902=FACE_BOUND('',#1676,.T.);
#1903=FACE_BOUND('',#1677,.T.);
#1904=FACE_BOUND('',#1678,.T.);
#1905=FACE_BOUND('',#1679,.T.);
#1906=FACE_BOUND('',#1680,.T.);
#1907=FACE_BOUND('',#1681,.T.);
#1908=FACE_BOUND('',#1682,.T.);
#1909=FACE_BOUND('',#1683,.T.);
#1910=FACE_BOUND('',#1684,.T.);
#1911=FACE_BOUND('',#1685,.T.);
#1912=FACE_BOUND('',#1686,.T.);
#1913=FACE_BOUND('',#1687,.T.);
#1914=FACE_BOUND('',#1688,.T.);
#1915=FACE_BOUND('',#1689,.T.);
#1916=FACE_BOUND('',#1690,.T.);
#1917=FACE_BOUND('',#1691,.T.);
#1918=FACE_BOUND('',#1692,.T.);
#1919=FACE_BOUND('',#1693,.T.);
#1920=FACE_BOUND('',#1694,.T.);
#1921=FACE_BOUND('',#1695,.T.);
#1922=FACE_BOUND('',#1696,.T.);
#1923=FACE_BOUND('',#1697,.T.);
#1924=FACE_BOUND('',#1698,.T.);
#1925=FACE_BOUND('',#1699,.T.);
#1926=FACE_BOUND('',#1700,.T.);
#1927=FACE_BOUND('',#1701,.T.);
#1928=FACE_BOUND('',#1702,.T.);
#1929=FACE_BOUND('',#1703,.T.);
#1930=FACE_BOUND('',#1704,.T.);
#1931=FACE_BOUND('',#1705,.T.);
#1932=FACE_BOUND('',#1706,.T.);
#1933=FACE_BOUND('',#1707,.T.);
#1934=FACE_BOUND('',#1708,.T.);
#1935=FACE_BOUND('',#1709,.T.);
#1936=FACE_BOUND('',#1710,.T.);
#1937=FACE_BOUND('',#1711,.T.);
#1938=FACE_BOUND('',#1712,.T.);
#1939=FACE_BOUND('',#1713,.T.);
#1940=FACE_BOUND('',#1714,.T.);
#1941=FACE_BOUND('',#1715,.T.);
#1942=FACE_BOUND('',#1716,.T.);
#1943=FACE_BOUND('',#1717,.T.);
#1944=FACE_BOUND('',#1718,.T.);
#1945=FACE_BOUND('',#1719,.T.);
#1946=FACE_BOUND('',#1720,.T.);
#1947=FACE_BOUND('',#1721,.T.);
#1948=FACE_BOUND('',#1722,.T.);
#1949=FACE_BOUND('',#1723,.T.);
#1950=FACE_BOUND('',#1724,.T.);
#1951=FACE_BOUND('',#1725,.T.);
#1952=FACE_BOUND('',#1726,.T.);
#1953=FACE_BOUND('',#1727,.T.);
#1954=FACE_BOUND('',#1728,.T.);
#1955=FACE_BOUND('',#1729,.T.);
#1956=FACE_BOUND('',#1730,.T.);
#1957=FACE_BOUND('',#1731,.T.);
#1958=FACE_BOUND('',#1732,.T.);
#1959=FACE_BOUND('',#1733,.T.);
#1960=FACE_BOUND('',#1734,.T.);
#1961=FACE_BOUND('',#1735,.T.);
#1962=FACE_BOUND('',#1736,.T.);
#1963=FACE_BOUND('',#1737,.T.);
#1964=FACE_BOUND('',#1738,.T.);
#1965=FACE_BOUND('',#1739,.T.);
#1966=FACE_BOUND('',#1740,.T.);
#1967=FACE_BOUND('',#1741,.T.);
#1968=FACE_BOUND('',#1742,.T.);
#1969=FACE_BOUND('',#1743,.T.);
#1970=FACE_BOUND('',#1744,.T.);
#1971=FACE_BOUND('',#1745,.T.);
#1972=FACE_BOUND('',#1746,.T.);
#1973=FACE_BOUND('',#1747,.T.);
#1974=FACE_BOUND('',#1748,.T.);
#1975=FACE_BOUND('',#1749,.T.);
#1976=FACE_BOUND('',#1750,.T.);
#1977=FACE_BOUND('',#1751,.T.);
#1978=FACE_BOUND('',#1752,.T.);
#1979=FACE_BOUND('',#1753,.T.);
#1980=FACE_BOUND('',#1754,.T.);
#1981=FACE_BOUND('',#1755,.T.);
#1982=FACE_BOUND('',#1756,.T.);
#1983=FACE_BOUND('',#1757,.T.);
#1984=FACE_BOUND('',#1758,.T.);
#1985=FACE_BOUND('',#1759,.T.);
#1986=FACE_BOUND('',#1760,.T.);
#1987=FACE_BOUND('',#1761,.T.);
#1988=FACE_BOUND('',#1762,.T.);
#1989=FACE_BOUND('',#1763,.T.);
#1990=FACE_BOUND('',#1764,.T.);
#1991=FACE_BOUND('',#1765,.T.);
#1992=FACE_BOUND('',#1766,.T.);
#1993=FACE_BOUND('',#1767,.T.);
#1994=FACE_BOUND('',#1768,.T.);
#1995=FACE_BOUND('',#1769,.T.);
#1996=FACE_BOUND('',#1770,.T.);
#1997=FACE_BOUND('',#1771,.T.);
#1998=FACE_BOUND('',#1772,.T.);
#1999=FACE_BOUND('',#1773,.T.);
#2000=FACE_BOUND('',#1774,.T.);
#2001=FACE_BOUND('',#1775,.T.);
#2002=FACE_BOUND('',#1776,.T.);
#2003=FACE_BOUND('',#1777,.T.);
#2004=FACE_BOUND('',#1778,.T.);
#2005=FACE_BOUND('',#1779,.T.);
#2006=FACE_BOUND('',#1780,.T.);
#2007=FACE_BOUND('',#1781,.T.);
#2008=FACE_BOUND('',#1782,.T.);
#2009=FACE_BOUND('',#1783,.T.);
#2010=FACE_BOUND('',#1784,.T.);
#2011=FACE_BOUND('',#1785,.T.);
#2012=FACE_BOUND('',#1786,.T.);
#2013=FACE_BOUND('',#1787,.T.);
#2014=FACE_BOUND('',#1788,.T.);
#2015=FACE_BOUND('',#1789,.T.);
#2016=FACE_BOUND('',#1790,.T.);
#2017=FACE_BOUND('',#1791,.T.);
#2018=FACE_BOUND('',#1792,.T.);
#2019=FACE_BOUND('',#1793,.T.);
#2020=FACE_BOUND('',#1794,.T.);
#2021=FACE_BOUND('',#1795,.T.);
#2022=FACE_BOUND('',#1796,.T.);
#2023=FACE_BOUND('',#1797,.T.);
#2024=FACE_BOUND('',#1798,.T.);
#2025=FACE_BOUND('',#1799,.T.);
#2026=FACE_BOUND('',#1800,.T.);
#2027=FACE_BOUND('',#1801,.T.);
#2028=FACE_BOUND('',#1802,.T.);
#2029=FACE_BOUND('',#1803,.T.);
#2030=FACE_BOUND('',#1804,.T.);
#2031=FACE_BOUND('',#1805,.T.);
#2032=FACE_BOUND('',#1806,.T.);
#2033=FACE_BOUND('',#1807,.T.);
#2034=FACE_BOUND('',#1808,.T.);
#2035=FACE_BOUND('',#1809,.T.);
#2036=FACE_BOUND('',#1810,.T.);
#2037=FACE_BOUND('',#1811,.T.);
#2038=FACE_BOUND('',#1812,.T.);
#2039=FACE_BOUND('',#1813,.T.);
#2040=FACE_BOUND('',#18,.T.);
#2041=FACE_BOUND('',#19,.T.);
#2042=FACE_BOUND('',#20,.T.);
#2043=FACE_BOUND('',#21,.T.);
#2044=FACE_BOUND('',#22,.T.);
#2045=FACE_BOUND('',#23,.T.);
#2046=FACE_BOUND('',#24,.T.);
#2047=FACE_BOUND('',#25,.T.);
#2048=FACE_BOUND('',#26,.T.);
#2049=FACE_BOUND('',#27,.T.);
#2050=FACE_BOUND('',#28,.T.);
#2051=FACE_BOUND('',#1814,.T.);
#2052=FACE_BOUND('',#1815,.T.);
#2053=FACE_BOUND('',#1816,.T.);
#2054=FACE_BOUND('',#1817,.T.);
#2055=FACE_BOUND('',#1818,.T.);
#2056=FACE_BOUND('',#1819,.T.);
#2057=FACE_BOUND('',#1820,.T.);
#2058=FACE_BOUND('',#1821,.T.);
#2059=FACE_BOUND('',#1822,.T.);
#2060=FACE_BOUND('',#1823,.T.);
#2061=FACE_BOUND('',#1824,.T.);
#2062=FACE_BOUND('',#1825,.T.);
#2063=FACE_BOUND('',#1826,.T.);
#2064=FACE_BOUND('',#1827,.T.);
#2065=FACE_BOUND('',#1828,.T.);
#2066=FACE_BOUND('',#1829,.T.);
#2067=FACE_BOUND('',#1830,.T.);
#2068=FACE_BOUND('',#1831,.T.);
#2069=FACE_BOUND('',#1832,.T.);
#2070=FACE_BOUND('',#1833,.T.);
#2071=FACE_BOUND('',#1834,.T.);
#2072=FACE_BOUND('',#1835,.T.);
#2073=FACE_BOUND('',#1836,.T.);
#2074=FACE_BOUND('',#1837,.T.);
#2075=FACE_BOUND('',#1838,.T.);
#2076=FACE_BOUND('',#1839,.T.);
#2077=FACE_BOUND('',#1840,.T.);
#2078=FACE_BOUND('',#1841,.T.);
#2079=FACE_BOUND('',#1842,.T.);
#2080=FACE_BOUND('',#1843,.T.);
#2081=FACE_BOUND('',#1844,.T.);
#2082=FACE_BOUND('',#1845,.T.);
#2083=FACE_BOUND('',#1846,.T.);
#2084=FACE_BOUND('',#1847,.T.);
#2085=FACE_BOUND('',#1848,.T.);
#2086=FACE_BOUND('',#1849,.T.);
#2087=FACE_BOUND('',#1850,.T.);
#2088=FACE_BOUND('',#1851,.T.);
#2089=FACE_BOUND('',#1852,.T.);
#2090=FACE_BOUND('',#1853,.T.);
#2091=FACE_BOUND('',#1854,.T.);
#2092=FACE_BOUND('',#1855,.T.);
#2093=FACE_BOUND('',#1856,.T.);
#2094=FACE_BOUND('',#1857,.T.);
#2095=FACE_BOUND('',#1858,.T.);
#2096=FACE_BOUND('',#1859,.T.);
#2097=FACE_BOUND('',#1860,.T.);
#2098=FACE_BOUND('',#1861,.T.);
#2099=FACE_BOUND('',#1862,.T.);
#2100=FACE_BOUND('',#1863,.T.);
#2101=FACE_BOUND('',#1864,.T.);
#2102=FACE_BOUND('',#1865,.T.);
#2103=FACE_BOUND('',#1866,.T.);
#2104=FACE_BOUND('',#1867,.T.);
#2105=FACE_BOUND('',#1868,.T.);
#2106=FACE_BOUND('',#1869,.T.);
#2107=FACE_BOUND('',#1870,.T.);
#2108=FACE_BOUND('',#1871,.T.);
#2109=FACE_BOUND('',#1872,.T.);
#2110=FACE_BOUND('',#1873,.T.);
#2111=FACE_BOUND('',#1874,.T.);
#2112=FACE_BOUND('',#1875,.T.);
#2113=FACE_BOUND('',#1876,.T.);
#2114=FACE_BOUND('',#1877,.T.);
#2115=FACE_BOUND('',#1878,.T.);
#2116=FACE_BOUND('',#1879,.T.);
#2117=FACE_BOUND('',#1880,.T.);
#2118=FACE_BOUND('',#1881,.T.);
#2119=FACE_BOUND('',#1882,.T.);
#2120=FACE_BOUND('',#1883,.T.);
#2121=FACE_BOUND('',#1884,.T.);
#2122=FACE_BOUND('',#1885,.T.);
#2123=FACE_BOUND('',#1886,.T.);
#2124=FACE_BOUND('',#1887,.T.);
#2125=PLANE('',#3089);
#2126=PLANE('',#3091);
#2127=PLANE('',#3094);
#2128=PLANE('',#3096);
#2129=PLANE('',#3117);
#2130=PLANE('',#3120);
#2131=PLANE('',#3123);
#2132=PLANE('',#3140);
#2133=PLANE('',#3145);
#2134=PLANE('',#3150);
#2135=PLANE('',#3151);
#2136=PLANE('',#3156);
#2137=PLANE('',#3161);
#2138=PLANE('',#3162);
#2139=PLANE('',#3163);
#2140=PLANE('',#3164);
#2141=PLANE('',#3165);
#2142=PLANE('',#3170);
#2143=PLANE('',#3171);
#2144=PLANE('',#3176);
#2145=PLANE('',#3181);
#2146=PLANE('',#3186);
#2147=PLANE('',#3189);
#2148=PLANE('',#3190);
#2149=PLANE('',#3191);
#2150=PLANE('',#3192);
#2151=PLANE('',#3193);
#2152=PLANE('',#3194);
#2153=PLANE('',#3195);
#2154=PLANE('',#3196);
#2155=PLANE('',#3197);
#2156=PLANE('',#3202);
#2157=PLANE('',#3203);
#2158=PLANE('',#3215);
#2159=PLANE('',#3216);
#2160=PLANE('',#3221);
#2161=PLANE('',#3226);
#2162=PLANE('',#3227);
#2163=PLANE('',#3230);
#2164=PLANE('',#3231);
#2165=PLANE('',#3232);
#2166=PLANE('',#3233);
#2167=PLANE('',#3234);
#2168=PLANE('',#3237);
#2169=PLANE('',#3242);
#2170=PLANE('',#3247);
#2171=PLANE('',#3248);
#2172=PLANE('',#3249);
#2173=PLANE('',#3252);
#2174=PLANE('',#3253);
#2175=PLANE('',#3254);
#2176=PLANE('',#3255);
#2177=PLANE('',#3256);
#2178=PLANE('',#3259);
#2179=PLANE('',#3262);
#2180=PLANE('',#3307);
#2181=PLANE('',#3308);
#2182=PLANE('',#3309);
#2183=PLANE('',#3310);
#2184=PLANE('',#3324);
#2185=PLANE('',#3325);
#2186=PLANE('',#3326);
#2187=PLANE('',#3345);
#2188=PLANE('',#3346);
#2189=PLANE('',#3349);
#2190=PLANE('',#3351);
#2191=PLANE('',#3354);
#2192=PLANE('',#3364);
#2193=ADVANCED_FACE('',(#1888),#2125,.T.);
#2194=ADVANCED_FACE('',(#1889,#1890),#2126,.F.);
#2195=ADVANCED_FACE('',(#1891),#2127,.T.);
#2196=ADVANCED_FACE('',(#1892,#1893),#2128,.T.);
#2197=ADVANCED_FACE('',(#1894,#1895),#443,.T.);
#2198=ADVANCED_FACE('',(#1896,#1897),#428,.T.);
#2199=ADVANCED_FACE('',(#1898,#1899),#408,.F.);
#2200=ADVANCED_FACE('',(#1900,#1901),#429,.F.);
#2201=ADVANCED_FACE('',(#1902,#1903),#430,.F.);
#2202=ADVANCED_FACE('',(#1904,#1905),#444,.T.);
#2203=ADVANCED_FACE('',(#1906,#1907),#409,.T.);
#2204=ADVANCED_FACE('',(#1908,#1909),#445,.T.);
#2205=ADVANCED_FACE('',(#1910,#1911),#431,.T.);
#2206=ADVANCED_FACE('',(#1912,#1913),#432,.T.);
#2207=ADVANCED_FACE('',(#1914,#1915),#2129,.T.);
#2208=ADVANCED_FACE('',(#1916,#1917),#2130,.T.);
#2209=ADVANCED_FACE('',(#1918,#1919),#2131,.T.);
#2210=ADVANCED_FACE('',(#1920,#1921),#446,.T.);
#2211=ADVANCED_FACE('',(#1922,#1923),#410,.F.);
#2212=ADVANCED_FACE('',(#1924,#1925),#447,.T.);
#2213=ADVANCED_FACE('',(#1926,#1927),#411,.T.);
#2214=ADVANCED_FACE('',(#1928,#1929),#412,.F.);
#2215=ADVANCED_FACE('',(#1930,#1931),#448,.F.);
#2216=ADVANCED_FACE('',(#1932,#1933),#433,.T.);
#2217=ADVANCED_FACE('',(#1934,#1935),#434,.T.);
#2218=ADVANCED_FACE('',(#1936),#2132,.T.);
#2219=ADVANCED_FACE('',(#1937),#2133,.T.);
#2220=ADVANCED_FACE('',(#1938),#2134,.T.);
#2221=ADVANCED_FACE('',(#1939),#2135,.F.);
#2222=ADVANCED_FACE('',(#1940),#2136,.F.);
#2223=ADVANCED_FACE('',(#1941),#2137,.F.);
#2224=ADVANCED_FACE('',(#1942),#2138,.F.);
#2225=ADVANCED_FACE('',(#1943),#2139,.F.);
#2226=ADVANCED_FACE('',(#1944),#2140,.F.);
#2227=ADVANCED_FACE('',(#1945),#2141,.F.);
#2228=ADVANCED_FACE('',(#1946),#449,.T.);
#2229=ADVANCED_FACE('',(#1947),#450,.F.);
#2230=ADVANCED_FACE('',(#1948),#2142,.F.);
#2231=ADVANCED_FACE('',(#1949,#1950,#1951,#1952,#1953),#2143,.F.);
#2232=ADVANCED_FACE('',(#1954,#1955,#1956,#1957,#1958),#2144,.T.);
#2233=ADVANCED_FACE('',(#1959),#2145,.F.);
#2234=ADVANCED_FACE('',(#1960),#2146,.F.);
#2235=ADVANCED_FACE('',(#1961),#2147,.F.);
#2236=ADVANCED_FACE('',(#1962),#2148,.F.);
#2237=ADVANCED_FACE('',(#1963),#2149,.F.);
#2238=ADVANCED_FACE('',(#1964),#2150,.F.);
#2239=ADVANCED_FACE('',(#1965),#2151,.F.);
#2240=ADVANCED_FACE('',(#1966),#2152,.F.);
#2241=ADVANCED_FACE('',(#1967),#2153,.F.);
#2242=ADVANCED_FACE('',(#1968),#2154,.F.);
#2243=ADVANCED_FACE('',(#1969),#2155,.F.);
#2244=ADVANCED_FACE('',(#1970),#451,.T.);
#2245=ADVANCED_FACE('',(#1971),#452,.T.);
#2246=ADVANCED_FACE('',(#1972),#453,.F.);
#2247=ADVANCED_FACE('',(#1973),#454,.F.);
#2248=ADVANCED_FACE('',(#1974),#2156,.F.);
#2249=ADVANCED_FACE('',(#1975),#2157,.F.);
#2250=ADVANCED_FACE('',(#1976),#455,.F.);
#2251=ADVANCED_FACE('',(#1977),#456,.F.);
#2252=ADVANCED_FACE('',(#1978),#457,.T.);
#2253=ADVANCED_FACE('',(#1979),#458,.T.);
#2254=ADVANCED_FACE('',(#1980),#459,.T.);
#2255=ADVANCED_FACE('',(#1981),#460,.F.);
#2256=ADVANCED_FACE('',(#1982,#1983),#413,.F.);
#2257=ADVANCED_FACE('',(#1984,#1985),#414,.F.);
#2258=ADVANCED_FACE('',(#1986,#1987),#415,.F.);
#2259=ADVANCED_FACE('',(#1988,#1989),#416,.F.);
#2260=ADVANCED_FACE('',(#1990),#2158,.F.);
#2261=ADVANCED_FACE('',(#1991),#2159,.F.);
#2262=ADVANCED_FACE('',(#1992),#2160,.F.);
#2263=ADVANCED_FACE('',(#1993),#2161,.F.);
#2264=ADVANCED_FACE('',(#1994),#2162,.F.);
#2265=ADVANCED_FACE('',(#1995),#461,.T.);
#2266=ADVANCED_FACE('',(#1996),#2163,.F.);
#2267=ADVANCED_FACE('',(#1997),#2164,.F.);
#2268=ADVANCED_FACE('',(#1998),#2165,.F.);
#2269=ADVANCED_FACE('',(#1999),#2166,.F.);
#2270=ADVANCED_FACE('',(#2000),#2167,.F.);
#2271=ADVANCED_FACE('',(#2001),#462,.F.);
#2272=ADVANCED_FACE('',(#2002,#2003,#2004,#2005,#2006),#2168,.F.);
#2273=ADVANCED_FACE('',(#2007,#2008,#2009,#2010,#2011),#2169,.T.);
#2274=ADVANCED_FACE('',(#2012),#2170,.F.);
#2275=ADVANCED_FACE('',(#2013),#2171,.F.);
#2276=ADVANCED_FACE('',(#2014),#2172,.F.);
#2277=ADVANCED_FACE('',(#2015),#463,.T.);
#2278=ADVANCED_FACE('',(#2016),#2173,.F.);
#2279=ADVANCED_FACE('',(#2017),#2174,.F.);
#2280=ADVANCED_FACE('',(#2018),#2175,.F.);
#2281=ADVANCED_FACE('',(#2019),#2176,.F.);
#2282=ADVANCED_FACE('',(#2020),#2177,.F.);
#2283=ADVANCED_FACE('',(#2021),#464,.F.);
#2284=ADVANCED_FACE('',(#2022),#2178,.F.);
#2285=ADVANCED_FACE('',(#2023),#2179,.F.);
#2286=ADVANCED_FACE('',(#2024),#465,.T.);
#2287=ADVANCED_FACE('',(#2025),#466,.F.);
#2288=ADVANCED_FACE('',(#2026),#467,.T.);
#2289=ADVANCED_FACE('',(#2027),#468,.F.);
#2290=ADVANCED_FACE('',(#2028),#469,.F.);
#2291=ADVANCED_FACE('',(#2029),#417,.F.);
#2292=ADVANCED_FACE('',(#2030),#470,.F.);
#2293=ADVANCED_FACE('',(#2031),#418,.F.);
#2294=ADVANCED_FACE('',(#2032,#2033),#419,.F.);
#2295=ADVANCED_FACE('',(#2034,#2035),#420,.F.);
#2296=ADVANCED_FACE('',(#2036,#2037),#421,.F.);
#2297=ADVANCED_FACE('',(#2038,#2039),#422,.F.);
#2298=ADVANCED_FACE('',(#2040),#29,.T.);
#2299=ADVANCED_FACE('',(#2041),#30,.T.);
#2300=ADVANCED_FACE('',(#2042),#31,.T.);
#2301=ADVANCED_FACE('',(#2043),#32,.T.);
#2302=ADVANCED_FACE('',(#2044),#33,.T.);
#2303=ADVANCED_FACE('',(#2045),#34,.T.);
#2304=ADVANCED_FACE('',(#2046),#35,.T.);
#2305=ADVANCED_FACE('',(#2047),#36,.T.);
#2306=ADVANCED_FACE('',(#2048),#37,.T.);
#2307=ADVANCED_FACE('',(#2049),#38,.T.);
#2308=ADVANCED_FACE('',(#2050),#39,.T.);
#2309=ADVANCED_FACE('',(#2051,#2052),#435,.T.);
#2310=ADVANCED_FACE('',(#2053,#2054),#436,.F.);
#2311=ADVANCED_FACE('',(#2055,#2056),#471,.T.);
#2312=ADVANCED_FACE('',(#2057,#2058),#472,.F.);
#2313=ADVANCED_FACE('',(#2059,#2060),#473,.T.);
#2314=ADVANCED_FACE('',(#2061,#2062),#2180,.T.);
#2315=ADVANCED_FACE('',(#2063,#2064),#2181,.T.);
#2316=ADVANCED_FACE('',(#2065,#2066),#2182,.F.);
#2317=ADVANCED_FACE('',(#2067,#2068),#2183,.T.);
#2318=ADVANCED_FACE('',(#2069,#2070),#423,.T.);
#2319=ADVANCED_FACE('',(#2071,#2072),#424,.F.);
#2320=ADVANCED_FACE('',(#2073,#2074),#437,.F.);
#2321=ADVANCED_FACE('',(#2075,#2076),#474,.F.);
#2322=ADVANCED_FACE('',(#2077,#2078),#475,.T.);
#2323=ADVANCED_FACE('',(#2079,#2080),#2184,.F.);
#2324=ADVANCED_FACE('',(#2081,#2082),#2185,.F.);
#2325=ADVANCED_FACE('',(#2083,#2084),#2186,.T.);
#2326=ADVANCED_FACE('',(#2085,#2086),#476,.T.);
#2327=ADVANCED_FACE('',(#2087,#2088),#438,.T.);
#2328=ADVANCED_FACE('',(#2089,#2090),#477,.F.);
#2329=ADVANCED_FACE('',(#2091,#2092),#439,.F.);
#2330=ADVANCED_FACE('',(#2093,#2094),#478,.F.);
#2331=ADVANCED_FACE('',(#2095,#2096),#440,.F.);
#2332=ADVANCED_FACE('',(#2097,#2098),#479,.F.);
#2333=ADVANCED_FACE('',(#2099,#2100),#441,.T.);
#2334=ADVANCED_FACE('',(#2101,#2102),#2187,.T.);
#2335=ADVANCED_FACE('',(#2103,#2104),#2188,.F.);
#2336=ADVANCED_FACE('',(#2105),#2189,.T.);
#2337=ADVANCED_FACE('',(#2106),#2190,.T.);
#2338=ADVANCED_FACE('',(#2107),#2191,.T.);
#2339=ADVANCED_FACE('',(#2108,#2109),#442,.F.);
#2340=ADVANCED_FACE('',(#2110,#2111),#480,.T.);
#2341=ADVANCED_FACE('',(#2112,#2113),#425,.T.);
#2342=ADVANCED_FACE('',(#2114),#2192,.F.);
#2343=ADVANCED_FACE('',(#2115,#2116),#426,.T.);
#2344=ADVANCED_FACE('',(#2117,#2118),#481,.T.);
#2345=ADVANCED_FACE('',(#2119,#2120),#427,.T.);
#2346=ADVANCED_FACE('',(#2121),#482,.T.);
#2347=ADVANCED_FACE('',(#2122),#483,.T.);
#2348=ADVANCED_FACE('',(#2123),#40,.T.);
#2349=ADVANCED_FACE('',(#2124),#41,.T.);
#2350=CLOSED_SHELL('',(#2193,#2194,#2195,#2196,#2197,#2198,#2199,#2200,
#2201,#2202,#2203,#2204,#2205,#2206));
#2351=CLOSED_SHELL('',(#2207,#2208,#2209,#2210,#2211,#2212,#2213,#2214,
#2215,#2216,#2217));
#2352=CLOSED_SHELL('',(#2218,#2219,#2220,#2221,#2222,#2223,#2224,#2225,
#2226,#2227,#2228,#2229,#2230,#2231,#2232,#2233,#2234,#2235,#2236,#2237,
#2238,#2239,#2240,#2241,#2242,#2243,#2244,#2245,#2246,#2247,#2248,#2249,
#2250,#2251,#2252,#2253,#2254,#2255,#2256,#2257,#2258,#2259));
#2353=CLOSED_SHELL('',(#2260,#2261,#2262,#2263,#2264,#2265,#2266,#2267,
#2268,#2269,#2270,#2271,#2272,#2273,#2274,#2275,#2276,#2277,#2278,#2279,
#2280,#2281,#2282,#2283,#2284,#2285,#2286,#2287,#2288,#2289,#2290,#2291,
#2292,#2293,#2294,#2295,#2296,#2297));
#2354=CLOSED_SHELL('',(#2298));
#2355=CLOSED_SHELL('',(#2299));
#2356=CLOSED_SHELL('',(#2300));
#2357=CLOSED_SHELL('',(#2301));
#2358=CLOSED_SHELL('',(#2302));
#2359=CLOSED_SHELL('',(#2303));
#2360=CLOSED_SHELL('',(#2304));
#2361=CLOSED_SHELL('',(#2305));
#2362=CLOSED_SHELL('',(#2306));
#2363=CLOSED_SHELL('',(#2307));
#2364=CLOSED_SHELL('',(#2308));
#2365=CLOSED_SHELL('',(#2309,#2310,#2311,#2312,#2313,#2314,#2315,#2316,
#2317));
#2366=CLOSED_SHELL('',(#2318,#2319,#2320,#2321,#2322,#2323,#2324,#2325));
#2367=CLOSED_SHELL('',(#2326,#2327,#2328,#2329,#2330,#2331,#2332,#2333,
#2334,#2335));
#2368=CLOSED_SHELL('',(#2336,#2337,#2338,#2339,#2340,#2341,#2342,#2343,
#2344,#2345,#2346,#2347,#2348,#2349));
#2369=STYLED_ITEM('',(#2466),#3055);
#2370=STYLED_ITEM('',(#2467),#3056);
#2371=STYLED_ITEM('',(#2468),#2218);
#2372=STYLED_ITEM('',(#2469),#2219);
#2373=STYLED_ITEM('',(#2470),#2220);
#2374=STYLED_ITEM('',(#2471),#2221);
#2375=STYLED_ITEM('',(#2472),#2222);
#2376=STYLED_ITEM('',(#2473),#2223);
#2377=STYLED_ITEM('',(#2474),#2224);
#2378=STYLED_ITEM('',(#2475),#2225);
#2379=STYLED_ITEM('',(#2476),#2226);
#2380=STYLED_ITEM('',(#2477),#2227);
#2381=STYLED_ITEM('',(#2478),#2228);
#2382=STYLED_ITEM('',(#2479),#2229);
#2383=STYLED_ITEM('',(#2480),#2230);
#2384=STYLED_ITEM('',(#2481),#2231);
#2385=STYLED_ITEM('',(#2482),#2232);
#2386=STYLED_ITEM('',(#2483),#2233);
#2387=STYLED_ITEM('',(#2484),#2234);
#2388=STYLED_ITEM('',(#2485),#2235);
#2389=STYLED_ITEM('',(#2486),#2236);
#2390=STYLED_ITEM('',(#2487),#2237);
#2391=STYLED_ITEM('',(#2488),#2238);
#2392=STYLED_ITEM('',(#2489),#2239);
#2393=STYLED_ITEM('',(#2490),#2240);
#2394=STYLED_ITEM('',(#2491),#2241);
#2395=STYLED_ITEM('',(#2492),#2242);
#2396=STYLED_ITEM('',(#2493),#2243);
#2397=STYLED_ITEM('',(#2494),#2244);
#2398=STYLED_ITEM('',(#2495),#2245);
#2399=STYLED_ITEM('',(#2496),#2246);
#2400=STYLED_ITEM('',(#2497),#2247);
#2401=STYLED_ITEM('',(#2498),#2248);
#2402=STYLED_ITEM('',(#2499),#2249);
#2403=STYLED_ITEM('',(#2500),#2250);
#2404=STYLED_ITEM('',(#2501),#2251);
#2405=STYLED_ITEM('',(#2502),#2252);
#2406=STYLED_ITEM('',(#2503),#2253);
#2407=STYLED_ITEM('',(#2504),#2254);
#2408=STYLED_ITEM('',(#2505),#2255);
#2409=STYLED_ITEM('',(#2506),#2256);
#2410=STYLED_ITEM('',(#2507),#2257);
#2411=STYLED_ITEM('',(#2508),#2258);
#2412=STYLED_ITEM('',(#2509),#2259);
#2413=STYLED_ITEM('',(#2510),#2260);
#2414=STYLED_ITEM('',(#2511),#2261);
#2415=STYLED_ITEM('',(#2512),#2262);
#2416=STYLED_ITEM('',(#2513),#2263);
#2417=STYLED_ITEM('',(#2514),#2264);
#2418=STYLED_ITEM('',(#2515),#2265);
#2419=STYLED_ITEM('',(#2516),#2266);
#2420=STYLED_ITEM('',(#2517),#2267);
#2421=STYLED_ITEM('',(#2518),#2268);
#2422=STYLED_ITEM('',(#2519),#2269);
#2423=STYLED_ITEM('',(#2520),#2270);
#2424=STYLED_ITEM('',(#2521),#2271);
#2425=STYLED_ITEM('',(#2522),#2272);
#2426=STYLED_ITEM('',(#2523),#2273);
#2427=STYLED_ITEM('',(#2524),#2274);
#2428=STYLED_ITEM('',(#2525),#2275);
#2429=STYLED_ITEM('',(#2526),#2276);
#2430=STYLED_ITEM('',(#2527),#2277);
#2431=STYLED_ITEM('',(#2528),#2278);
#2432=STYLED_ITEM('',(#2529),#2279);
#2433=STYLED_ITEM('',(#2530),#2280);
#2434=STYLED_ITEM('',(#2531),#2281);
#2435=STYLED_ITEM('',(#2532),#2282);
#2436=STYLED_ITEM('',(#2533),#2283);
#2437=STYLED_ITEM('',(#2534),#2284);
#2438=STYLED_ITEM('',(#2535),#2285);
#2439=STYLED_ITEM('',(#2536),#2286);
#2440=STYLED_ITEM('',(#2537),#2287);
#2441=STYLED_ITEM('',(#2538),#2288);
#2442=STYLED_ITEM('',(#2539),#2289);
#2443=STYLED_ITEM('',(#2540),#2290);
#2444=STYLED_ITEM('',(#2541),#2291);
#2445=STYLED_ITEM('',(#2542),#2292);
#2446=STYLED_ITEM('',(#2543),#2293);
#2447=STYLED_ITEM('',(#2544),#2294);
#2448=STYLED_ITEM('',(#2545),#2295);
#2449=STYLED_ITEM('',(#2546),#2296);
#2450=STYLED_ITEM('',(#2547),#2297);
#2451=STYLED_ITEM('',(#2548),#3059);
#2452=STYLED_ITEM('',(#2549),#3060);
#2453=STYLED_ITEM('',(#2550),#3061);
#2454=STYLED_ITEM('',(#2551),#3062);
#2455=STYLED_ITEM('',(#2552),#3063);
#2456=STYLED_ITEM('',(#2553),#3064);
#2457=STYLED_ITEM('',(#2554),#3065);
#2458=STYLED_ITEM('',(#2555),#3066);
#2459=STYLED_ITEM('',(#2556),#3067);
#2460=STYLED_ITEM('',(#2557),#3068);
#2461=STYLED_ITEM('',(#2558),#3069);
#2462=STYLED_ITEM('',(#2559),#3070);
#2463=STYLED_ITEM('',(#2560),#3071);
#2464=STYLED_ITEM('',(#2561),#3072);
#2465=STYLED_ITEM('',(#2562),#3073);
#2466=PRESENTATION_STYLE_ASSIGNMENT((#2563));
#2467=PRESENTATION_STYLE_ASSIGNMENT((#2564));
#2468=PRESENTATION_STYLE_ASSIGNMENT((#2565));
#2469=PRESENTATION_STYLE_ASSIGNMENT((#2566));
#2470=PRESENTATION_STYLE_ASSIGNMENT((#2567));
#2471=PRESENTATION_STYLE_ASSIGNMENT((#2568));
#2472=PRESENTATION_STYLE_ASSIGNMENT((#2569));
#2473=PRESENTATION_STYLE_ASSIGNMENT((#2570));
#2474=PRESENTATION_STYLE_ASSIGNMENT((#2571));
#2475=PRESENTATION_STYLE_ASSIGNMENT((#2572));
#2476=PRESENTATION_STYLE_ASSIGNMENT((#2573));
#2477=PRESENTATION_STYLE_ASSIGNMENT((#2574));
#2478=PRESENTATION_STYLE_ASSIGNMENT((#2575));
#2479=PRESENTATION_STYLE_ASSIGNMENT((#2576));
#2480=PRESENTATION_STYLE_ASSIGNMENT((#2577));
#2481=PRESENTATION_STYLE_ASSIGNMENT((#2578));
#2482=PRESENTATION_STYLE_ASSIGNMENT((#2579));
#2483=PRESENTATION_STYLE_ASSIGNMENT((#2580));
#2484=PRESENTATION_STYLE_ASSIGNMENT((#2581));
#2485=PRESENTATION_STYLE_ASSIGNMENT((#2582));
#2486=PRESENTATION_STYLE_ASSIGNMENT((#2583));
#2487=PRESENTATION_STYLE_ASSIGNMENT((#2584));
#2488=PRESENTATION_STYLE_ASSIGNMENT((#2585));
#2489=PRESENTATION_STYLE_ASSIGNMENT((#2586));
#2490=PRESENTATION_STYLE_ASSIGNMENT((#2587));
#2491=PRESENTATION_STYLE_ASSIGNMENT((#2588));
#2492=PRESENTATION_STYLE_ASSIGNMENT((#2589));
#2493=PRESENTATION_STYLE_ASSIGNMENT((#2590));
#2494=PRESENTATION_STYLE_ASSIGNMENT((#2591));
#2495=PRESENTATION_STYLE_ASSIGNMENT((#2592));
#2496=PRESENTATION_STYLE_ASSIGNMENT((#2593));
#2497=PRESENTATION_STYLE_ASSIGNMENT((#2594));
#2498=PRESENTATION_STYLE_ASSIGNMENT((#2595));
#2499=PRESENTATION_STYLE_ASSIGNMENT((#2596));
#2500=PRESENTATION_STYLE_ASSIGNMENT((#2597));
#2501=PRESENTATION_STYLE_ASSIGNMENT((#2598));
#2502=PRESENTATION_STYLE_ASSIGNMENT((#2599));
#2503=PRESENTATION_STYLE_ASSIGNMENT((#2600));
#2504=PRESENTATION_STYLE_ASSIGNMENT((#2601));
#2505=PRESENTATION_STYLE_ASSIGNMENT((#2602));
#2506=PRESENTATION_STYLE_ASSIGNMENT((#2603));
#2507=PRESENTATION_STYLE_ASSIGNMENT((#2604));
#2508=PRESENTATION_STYLE_ASSIGNMENT((#2605));
#2509=PRESENTATION_STYLE_ASSIGNMENT((#2606));
#2510=PRESENTATION_STYLE_ASSIGNMENT((#2607));
#2511=PRESENTATION_STYLE_ASSIGNMENT((#2608));
#2512=PRESENTATION_STYLE_ASSIGNMENT((#2609));
#2513=PRESENTATION_STYLE_ASSIGNMENT((#2610));
#2514=PRESENTATION_STYLE_ASSIGNMENT((#2611));
#2515=PRESENTATION_STYLE_ASSIGNMENT((#2612));
#2516=PRESENTATION_STYLE_ASSIGNMENT((#2613));
#2517=PRESENTATION_STYLE_ASSIGNMENT((#2614));
#2518=PRESENTATION_STYLE_ASSIGNMENT((#2615));
#2519=PRESENTATION_STYLE_ASSIGNMENT((#2616));
#2520=PRESENTATION_STYLE_ASSIGNMENT((#2617));
#2521=PRESENTATION_STYLE_ASSIGNMENT((#2618));
#2522=PRESENTATION_STYLE_ASSIGNMENT((#2619));
#2523=PRESENTATION_STYLE_ASSIGNMENT((#2620));
#2524=PRESENTATION_STYLE_ASSIGNMENT((#2621));
#2525=PRESENTATION_STYLE_ASSIGNMENT((#2622));
#2526=PRESENTATION_STYLE_ASSIGNMENT((#2623));
#2527=PRESENTATION_STYLE_ASSIGNMENT((#2624));
#2528=PRESENTATION_STYLE_ASSIGNMENT((#2625));
#2529=PRESENTATION_STYLE_ASSIGNMENT((#2626));
#2530=PRESENTATION_STYLE_ASSIGNMENT((#2627));
#2531=PRESENTATION_STYLE_ASSIGNMENT((#2628));
#2532=PRESENTATION_STYLE_ASSIGNMENT((#2629));
#2533=PRESENTATION_STYLE_ASSIGNMENT((#2630));
#2534=PRESENTATION_STYLE_ASSIGNMENT((#2631));
#2535=PRESENTATION_STYLE_ASSIGNMENT((#2632));
#2536=PRESENTATION_STYLE_ASSIGNMENT((#2633));
#2537=PRESENTATION_STYLE_ASSIGNMENT((#2634));
#2538=PRESENTATION_STYLE_ASSIGNMENT((#2635));
#2539=PRESENTATION_STYLE_ASSIGNMENT((#2636));
#2540=PRESENTATION_STYLE_ASSIGNMENT((#2637));
#2541=PRESENTATION_STYLE_ASSIGNMENT((#2638));
#2542=PRESENTATION_STYLE_ASSIGNMENT((#2639));
#2543=PRESENTATION_STYLE_ASSIGNMENT((#2640));
#2544=PRESENTATION_STYLE_ASSIGNMENT((#2641));
#2545=PRESENTATION_STYLE_ASSIGNMENT((#2642));
#2546=PRESENTATION_STYLE_ASSIGNMENT((#2643));
#2547=PRESENTATION_STYLE_ASSIGNMENT((#2644));
#2548=PRESENTATION_STYLE_ASSIGNMENT((#2645));
#2549=PRESENTATION_STYLE_ASSIGNMENT((#2646));
#2550=PRESENTATION_STYLE_ASSIGNMENT((#2647));
#2551=PRESENTATION_STYLE_ASSIGNMENT((#2648));
#2552=PRESENTATION_STYLE_ASSIGNMENT((#2649));
#2553=PRESENTATION_STYLE_ASSIGNMENT((#2650));
#2554=PRESENTATION_STYLE_ASSIGNMENT((#2651));
#2555=PRESENTATION_STYLE_ASSIGNMENT((#2652));
#2556=PRESENTATION_STYLE_ASSIGNMENT((#2653));
#2557=PRESENTATION_STYLE_ASSIGNMENT((#2654));
#2558=PRESENTATION_STYLE_ASSIGNMENT((#2655));
#2559=PRESENTATION_STYLE_ASSIGNMENT((#2656));
#2560=PRESENTATION_STYLE_ASSIGNMENT((#2657));
#2561=PRESENTATION_STYLE_ASSIGNMENT((#2658));
#2562=PRESENTATION_STYLE_ASSIGNMENT((#2659));
#2563=SURFACE_STYLE_USAGE(.BOTH.,#2660);
#2564=SURFACE_STYLE_USAGE(.BOTH.,#2661);
#2565=SURFACE_STYLE_USAGE(.BOTH.,#2662);
#2566=SURFACE_STYLE_USAGE(.BOTH.,#2663);
#2567=SURFACE_STYLE_USAGE(.BOTH.,#2664);
#2568=SURFACE_STYLE_USAGE(.BOTH.,#2665);
#2569=SURFACE_STYLE_USAGE(.BOTH.,#2666);
#2570=SURFACE_STYLE_USAGE(.BOTH.,#2667);
#2571=SURFACE_STYLE_USAGE(.BOTH.,#2668);
#2572=SURFACE_STYLE_USAGE(.BOTH.,#2669);
#2573=SURFACE_STYLE_USAGE(.BOTH.,#2670);
#2574=SURFACE_STYLE_USAGE(.BOTH.,#2671);
#2575=SURFACE_STYLE_USAGE(.BOTH.,#2672);
#2576=SURFACE_STYLE_USAGE(.BOTH.,#2673);
#2577=SURFACE_STYLE_USAGE(.BOTH.,#2674);
#2578=SURFACE_STYLE_USAGE(.BOTH.,#2675);
#2579=SURFACE_STYLE_USAGE(.BOTH.,#2676);
#2580=SURFACE_STYLE_USAGE(.BOTH.,#2677);
#2581=SURFACE_STYLE_USAGE(.BOTH.,#2678);
#2582=SURFACE_STYLE_USAGE(.BOTH.,#2679);
#2583=SURFACE_STYLE_USAGE(.BOTH.,#2680);
#2584=SURFACE_STYLE_USAGE(.BOTH.,#2681);
#2585=SURFACE_STYLE_USAGE(.BOTH.,#2682);
#2586=SURFACE_STYLE_USAGE(.BOTH.,#2683);
#2587=SURFACE_STYLE_USAGE(.BOTH.,#2684);
#2588=SURFACE_STYLE_USAGE(.BOTH.,#2685);
#2589=SURFACE_STYLE_USAGE(.BOTH.,#2686);
#2590=SURFACE_STYLE_USAGE(.BOTH.,#2687);
#2591=SURFACE_STYLE_USAGE(.BOTH.,#2688);
#2592=SURFACE_STYLE_USAGE(.BOTH.,#2689);
#2593=SURFACE_STYLE_USAGE(.BOTH.,#2690);
#2594=SURFACE_STYLE_USAGE(.BOTH.,#2691);
#2595=SURFACE_STYLE_USAGE(.BOTH.,#2692);
#2596=SURFACE_STYLE_USAGE(.BOTH.,#2693);
#2597=SURFACE_STYLE_USAGE(.BOTH.,#2694);
#2598=SURFACE_STYLE_USAGE(.BOTH.,#2695);
#2599=SURFACE_STYLE_USAGE(.BOTH.,#2696);
#2600=SURFACE_STYLE_USAGE(.BOTH.,#2697);
#2601=SURFACE_STYLE_USAGE(.BOTH.,#2698);
#2602=SURFACE_STYLE_USAGE(.BOTH.,#2699);
#2603=SURFACE_STYLE_USAGE(.BOTH.,#2700);
#2604=SURFACE_STYLE_USAGE(.BOTH.,#2701);
#2605=SURFACE_STYLE_USAGE(.BOTH.,#2702);
#2606=SURFACE_STYLE_USAGE(.BOTH.,#2703);
#2607=SURFACE_STYLE_USAGE(.BOTH.,#2704);
#2608=SURFACE_STYLE_USAGE(.BOTH.,#2705);
#2609=SURFACE_STYLE_USAGE(.BOTH.,#2706);
#2610=SURFACE_STYLE_USAGE(.BOTH.,#2707);
#2611=SURFACE_STYLE_USAGE(.BOTH.,#2708);
#2612=SURFACE_STYLE_USAGE(.BOTH.,#2709);
#2613=SURFACE_STYLE_USAGE(.BOTH.,#2710);
#2614=SURFACE_STYLE_USAGE(.BOTH.,#2711);
#2615=SURFACE_STYLE_USAGE(.BOTH.,#2712);
#2616=SURFACE_STYLE_USAGE(.BOTH.,#2713);
#2617=SURFACE_STYLE_USAGE(.BOTH.,#2714);
#2618=SURFACE_STYLE_USAGE(.BOTH.,#2715);
#2619=SURFACE_STYLE_USAGE(.BOTH.,#2716);
#2620=SURFACE_STYLE_USAGE(.BOTH.,#2717);
#2621=SURFACE_STYLE_USAGE(.BOTH.,#2718);
#2622=SURFACE_STYLE_USAGE(.BOTH.,#2719);
#2623=SURFACE_STYLE_USAGE(.BOTH.,#2720);
#2624=SURFACE_STYLE_USAGE(.BOTH.,#2721);
#2625=SURFACE_STYLE_USAGE(.BOTH.,#2722);
#2626=SURFACE_STYLE_USAGE(.BOTH.,#2723);
#2627=SURFACE_STYLE_USAGE(.BOTH.,#2724);
#2628=SURFACE_STYLE_USAGE(.BOTH.,#2725);
#2629=SURFACE_STYLE_USAGE(.BOTH.,#2726);
#2630=SURFACE_STYLE_USAGE(.BOTH.,#2727);
#2631=SURFACE_STYLE_USAGE(.BOTH.,#2728);
#2632=SURFACE_STYLE_USAGE(.BOTH.,#2729);
#2633=SURFACE_STYLE_USAGE(.BOTH.,#2730);
#2634=SURFACE_STYLE_USAGE(.BOTH.,#2731);
#2635=SURFACE_STYLE_USAGE(.BOTH.,#2732);
#2636=SURFACE_STYLE_USAGE(.BOTH.,#2733);
#2637=SURFACE_STYLE_USAGE(.BOTH.,#2734);
#2638=SURFACE_STYLE_USAGE(.BOTH.,#2735);
#2639=SURFACE_STYLE_USAGE(.BOTH.,#2736);
#2640=SURFACE_STYLE_USAGE(.BOTH.,#2737);
#2641=SURFACE_STYLE_USAGE(.BOTH.,#2738);
#2642=SURFACE_STYLE_USAGE(.BOTH.,#2739);
#2643=SURFACE_STYLE_USAGE(.BOTH.,#2740);
#2644=SURFACE_STYLE_USAGE(.BOTH.,#2741);
#2645=SURFACE_STYLE_USAGE(.BOTH.,#2742);
#2646=SURFACE_STYLE_USAGE(.BOTH.,#2743);
#2647=SURFACE_STYLE_USAGE(.BOTH.,#2744);
#2648=SURFACE_STYLE_USAGE(.BOTH.,#2745);
#2649=SURFACE_STYLE_USAGE(.BOTH.,#2746);
#2650=SURFACE_STYLE_USAGE(.BOTH.,#2747);
#2651=SURFACE_STYLE_USAGE(.BOTH.,#2748);
#2652=SURFACE_STYLE_USAGE(.BOTH.,#2749);
#2653=SURFACE_STYLE_USAGE(.BOTH.,#2750);
#2654=SURFACE_STYLE_USAGE(.BOTH.,#2751);
#2655=SURFACE_STYLE_USAGE(.BOTH.,#2752);
#2656=SURFACE_STYLE_USAGE(.BOTH.,#2753);
#2657=SURFACE_STYLE_USAGE(.BOTH.,#2754);
#2658=SURFACE_STYLE_USAGE(.BOTH.,#2755);
#2659=SURFACE_STYLE_USAGE(.BOTH.,#2756);
#2660=SURFACE_SIDE_STYLE('',(#2757));
#2661=SURFACE_SIDE_STYLE('',(#2758));
#2662=SURFACE_SIDE_STYLE('',(#2759));
#2663=SURFACE_SIDE_STYLE('',(#2760));
#2664=SURFACE_SIDE_STYLE('',(#2761));
#2665=SURFACE_SIDE_STYLE('',(#2762));
#2666=SURFACE_SIDE_STYLE('',(#2763));
#2667=SURFACE_SIDE_STYLE('',(#2764));
#2668=SURFACE_SIDE_STYLE('',(#2765));
#2669=SURFACE_SIDE_STYLE('',(#2766));
#2670=SURFACE_SIDE_STYLE('',(#2767));
#2671=SURFACE_SIDE_STYLE('',(#2768));
#2672=SURFACE_SIDE_STYLE('',(#2769));
#2673=SURFACE_SIDE_STYLE('',(#2770));
#2674=SURFACE_SIDE_STYLE('',(#2771));
#2675=SURFACE_SIDE_STYLE('',(#2772));
#2676=SURFACE_SIDE_STYLE('',(#2773));
#2677=SURFACE_SIDE_STYLE('',(#2774));
#2678=SURFACE_SIDE_STYLE('',(#2775));
#2679=SURFACE_SIDE_STYLE('',(#2776));
#2680=SURFACE_SIDE_STYLE('',(#2777));
#2681=SURFACE_SIDE_STYLE('',(#2778));
#2682=SURFACE_SIDE_STYLE('',(#2779));
#2683=SURFACE_SIDE_STYLE('',(#2780));
#2684=SURFACE_SIDE_STYLE('',(#2781));
#2685=SURFACE_SIDE_STYLE('',(#2782));
#2686=SURFACE_SIDE_STYLE('',(#2783));
#2687=SURFACE_SIDE_STYLE('',(#2784));
#2688=SURFACE_SIDE_STYLE('',(#2785));
#2689=SURFACE_SIDE_STYLE('',(#2786));
#2690=SURFACE_SIDE_STYLE('',(#2787));
#2691=SURFACE_SIDE_STYLE('',(#2788));
#2692=SURFACE_SIDE_STYLE('',(#2789));
#2693=SURFACE_SIDE_STYLE('',(#2790));
#2694=SURFACE_SIDE_STYLE('',(#2791));
#2695=SURFACE_SIDE_STYLE('',(#2792));
#2696=SURFACE_SIDE_STYLE('',(#2793));
#2697=SURFACE_SIDE_STYLE('',(#2794));
#2698=SURFACE_SIDE_STYLE('',(#2795));
#2699=SURFACE_SIDE_STYLE('',(#2796));
#2700=SURFACE_SIDE_STYLE('',(#2797));
#2701=SURFACE_SIDE_STYLE('',(#2798));
#2702=SURFACE_SIDE_STYLE('',(#2799));
#2703=SURFACE_SIDE_STYLE('',(#2800));
#2704=SURFACE_SIDE_STYLE('',(#2801));
#2705=SURFACE_SIDE_STYLE('',(#2802));
#2706=SURFACE_SIDE_STYLE('',(#2803));
#2707=SURFACE_SIDE_STYLE('',(#2804));
#2708=SURFACE_SIDE_STYLE('',(#2805));
#2709=SURFACE_SIDE_STYLE('',(#2806));
#2710=SURFACE_SIDE_STYLE('',(#2807));
#2711=SURFACE_SIDE_STYLE('',(#2808));
#2712=SURFACE_SIDE_STYLE('',(#2809));
#2713=SURFACE_SIDE_STYLE('',(#2810));
#2714=SURFACE_SIDE_STYLE('',(#2811));
#2715=SURFACE_SIDE_STYLE('',(#2812));
#2716=SURFACE_SIDE_STYLE('',(#2813));
#2717=SURFACE_SIDE_STYLE('',(#2814));
#2718=SURFACE_SIDE_STYLE('',(#2815));
#2719=SURFACE_SIDE_STYLE('',(#2816));
#2720=SURFACE_SIDE_STYLE('',(#2817));
#2721=SURFACE_SIDE_STYLE('',(#2818));
#2722=SURFACE_SIDE_STYLE('',(#2819));
#2723=SURFACE_SIDE_STYLE('',(#2820));
#2724=SURFACE_SIDE_STYLE('',(#2821));
#2725=SURFACE_SIDE_STYLE('',(#2822));
#2726=SURFACE_SIDE_STYLE('',(#2823));
#2727=SURFACE_SIDE_STYLE('',(#2824));
#2728=SURFACE_SIDE_STYLE('',(#2825));
#2729=SURFACE_SIDE_STYLE('',(#2826));
#2730=SURFACE_SIDE_STYLE('',(#2827));
#2731=SURFACE_SIDE_STYLE('',(#2828));
#2732=SURFACE_SIDE_STYLE('',(#2829));
#2733=SURFACE_SIDE_STYLE('',(#2830));
#2734=SURFACE_SIDE_STYLE('',(#2831));
#2735=SURFACE_SIDE_STYLE('',(#2832));
#2736=SURFACE_SIDE_STYLE('',(#2833));
#2737=SURFACE_SIDE_STYLE('',(#2834));
#2738=SURFACE_SIDE_STYLE('',(#2835));
#2739=SURFACE_SIDE_STYLE('',(#2836));
#2740=SURFACE_SIDE_STYLE('',(#2837));
#2741=SURFACE_SIDE_STYLE('',(#2838));
#2742=SURFACE_SIDE_STYLE('',(#2839));
#2743=SURFACE_SIDE_STYLE('',(#2840));
#2744=SURFACE_SIDE_STYLE('',(#2841));
#2745=SURFACE_SIDE_STYLE('',(#2842));
#2746=SURFACE_SIDE_STYLE('',(#2843));
#2747=SURFACE_SIDE_STYLE('',(#2844));
#2748=SURFACE_SIDE_STYLE('',(#2845));
#2749=SURFACE_SIDE_STYLE('',(#2846));
#2750=SURFACE_SIDE_STYLE('',(#2847));
#2751=SURFACE_SIDE_STYLE('',(#2848));
#2752=SURFACE_SIDE_STYLE('',(#2849));
#2753=SURFACE_SIDE_STYLE('',(#2850));
#2754=SURFACE_SIDE_STYLE('',(#2851));
#2755=SURFACE_SIDE_STYLE('',(#2852));
#2756=SURFACE_SIDE_STYLE('',(#2853));
#2757=SURFACE_STYLE_FILL_AREA(#2854);
#2758=SURFACE_STYLE_FILL_AREA(#2855);
#2759=SURFACE_STYLE_FILL_AREA(#2856);
#2760=SURFACE_STYLE_FILL_AREA(#2857);
#2761=SURFACE_STYLE_FILL_AREA(#2858);
#2762=SURFACE_STYLE_FILL_AREA(#2859);
#2763=SURFACE_STYLE_FILL_AREA(#2860);
#2764=SURFACE_STYLE_FILL_AREA(#2861);
#2765=SURFACE_STYLE_FILL_AREA(#2862);
#2766=SURFACE_STYLE_FILL_AREA(#2863);
#2767=SURFACE_STYLE_FILL_AREA(#2864);
#2768=SURFACE_STYLE_FILL_AREA(#2865);
#2769=SURFACE_STYLE_FILL_AREA(#2866);
#2770=SURFACE_STYLE_FILL_AREA(#2867);
#2771=SURFACE_STYLE_FILL_AREA(#2868);
#2772=SURFACE_STYLE_FILL_AREA(#2869);
#2773=SURFACE_STYLE_FILL_AREA(#2870);
#2774=SURFACE_STYLE_FILL_AREA(#2871);
#2775=SURFACE_STYLE_FILL_AREA(#2872);
#2776=SURFACE_STYLE_FILL_AREA(#2873);
#2777=SURFACE_STYLE_FILL_AREA(#2874);
#2778=SURFACE_STYLE_FILL_AREA(#2875);
#2779=SURFACE_STYLE_FILL_AREA(#2876);
#2780=SURFACE_STYLE_FILL_AREA(#2877);
#2781=SURFACE_STYLE_FILL_AREA(#2878);
#2782=SURFACE_STYLE_FILL_AREA(#2879);
#2783=SURFACE_STYLE_FILL_AREA(#2880);
#2784=SURFACE_STYLE_FILL_AREA(#2881);
#2785=SURFACE_STYLE_FILL_AREA(#2882);
#2786=SURFACE_STYLE_FILL_AREA(#2883);
#2787=SURFACE_STYLE_FILL_AREA(#2884);
#2788=SURFACE_STYLE_FILL_AREA(#2885);
#2789=SURFACE_STYLE_FILL_AREA(#2886);
#2790=SURFACE_STYLE_FILL_AREA(#2887);
#2791=SURFACE_STYLE_FILL_AREA(#2888);
#2792=SURFACE_STYLE_FILL_AREA(#2889);
#2793=SURFACE_STYLE_FILL_AREA(#2890);
#2794=SURFACE_STYLE_FILL_AREA(#2891);
#2795=SURFACE_STYLE_FILL_AREA(#2892);
#2796=SURFACE_STYLE_FILL_AREA(#2893);
#2797=SURFACE_STYLE_FILL_AREA(#2894);
#2798=SURFACE_STYLE_FILL_AREA(#2895);
#2799=SURFACE_STYLE_FILL_AREA(#2896);
#2800=SURFACE_STYLE_FILL_AREA(#2897);
#2801=SURFACE_STYLE_FILL_AREA(#2898);
#2802=SURFACE_STYLE_FILL_AREA(#2899);
#2803=SURFACE_STYLE_FILL_AREA(#2900);
#2804=SURFACE_STYLE_FILL_AREA(#2901);
#2805=SURFACE_STYLE_FILL_AREA(#2902);
#2806=SURFACE_STYLE_FILL_AREA(#2903);
#2807=SURFACE_STYLE_FILL_AREA(#2904);
#2808=SURFACE_STYLE_FILL_AREA(#2905);
#2809=SURFACE_STYLE_FILL_AREA(#2906);
#2810=SURFACE_STYLE_FILL_AREA(#2907);
#2811=SURFACE_STYLE_FILL_AREA(#2908);
#2812=SURFACE_STYLE_FILL_AREA(#2909);
#2813=SURFACE_STYLE_FILL_AREA(#2910);
#2814=SURFACE_STYLE_FILL_AREA(#2911);
#2815=SURFACE_STYLE_FILL_AREA(#2912);
#2816=SURFACE_STYLE_FILL_AREA(#2913);
#2817=SURFACE_STYLE_FILL_AREA(#2914);
#2818=SURFACE_STYLE_FILL_AREA(#2915);
#2819=SURFACE_STYLE_FILL_AREA(#2916);
#2820=SURFACE_STYLE_FILL_AREA(#2917);
#2821=SURFACE_STYLE_FILL_AREA(#2918);
#2822=SURFACE_STYLE_FILL_AREA(#2919);
#2823=SURFACE_STYLE_FILL_AREA(#2920);
#2824=SURFACE_STYLE_FILL_AREA(#2921);
#2825=SURFACE_STYLE_FILL_AREA(#2922);
#2826=SURFACE_STYLE_FILL_AREA(#2923);
#2827=SURFACE_STYLE_FILL_AREA(#2924);
#2828=SURFACE_STYLE_FILL_AREA(#2925);
#2829=SURFACE_STYLE_FILL_AREA(#2926);
#2830=SURFACE_STYLE_FILL_AREA(#2927);
#2831=SURFACE_STYLE_FILL_AREA(#2928);
#2832=SURFACE_STYLE_FILL_AREA(#2929);
#2833=SURFACE_STYLE_FILL_AREA(#2930);
#2834=SURFACE_STYLE_FILL_AREA(#2931);
#2835=SURFACE_STYLE_FILL_AREA(#2932);
#2836=SURFACE_STYLE_FILL_AREA(#2933);
#2837=SURFACE_STYLE_FILL_AREA(#2934);
#2838=SURFACE_STYLE_FILL_AREA(#2935);
#2839=SURFACE_STYLE_FILL_AREA(#2936);
#2840=SURFACE_STYLE_FILL_AREA(#2937);
#2841=SURFACE_STYLE_FILL_AREA(#2938);
#2842=SURFACE_STYLE_FILL_AREA(#2939);
#2843=SURFACE_STYLE_FILL_AREA(#2940);
#2844=SURFACE_STYLE_FILL_AREA(#2941);
#2845=SURFACE_STYLE_FILL_AREA(#2942);
#2846=SURFACE_STYLE_FILL_AREA(#2943);
#2847=SURFACE_STYLE_FILL_AREA(#2944);
#2848=SURFACE_STYLE_FILL_AREA(#2945);
#2849=SURFACE_STYLE_FILL_AREA(#2946);
#2850=SURFACE_STYLE_FILL_AREA(#2947);
#2851=SURFACE_STYLE_FILL_AREA(#2948);
#2852=SURFACE_STYLE_FILL_AREA(#2949);
#2853=SURFACE_STYLE_FILL_AREA(#2950);
#2854=FILL_AREA_STYLE('',(#2951));
#2855=FILL_AREA_STYLE('',(#2952));
#2856=FILL_AREA_STYLE('',(#2953));
#2857=FILL_AREA_STYLE('',(#2954));
#2858=FILL_AREA_STYLE('',(#2955));
#2859=FILL_AREA_STYLE('',(#2956));
#2860=FILL_AREA_STYLE('',(#2957));
#2861=FILL_AREA_STYLE('',(#2958));
#2862=FILL_AREA_STYLE('',(#2959));
#2863=FILL_AREA_STYLE('',(#2960));
#2864=FILL_AREA_STYLE('',(#2961));
#2865=FILL_AREA_STYLE('',(#2962));
#2866=FILL_AREA_STYLE('',(#2963));
#2867=FILL_AREA_STYLE('',(#2964));
#2868=FILL_AREA_STYLE('',(#2965));
#2869=FILL_AREA_STYLE('',(#2966));
#2870=FILL_AREA_STYLE('',(#2967));
#2871=FILL_AREA_STYLE('',(#2968));
#2872=FILL_AREA_STYLE('',(#2969));
#2873=FILL_AREA_STYLE('',(#2970));
#2874=FILL_AREA_STYLE('',(#2971));
#2875=FILL_AREA_STYLE('',(#2972));
#2876=FILL_AREA_STYLE('',(#2973));
#2877=FILL_AREA_STYLE('',(#2974));
#2878=FILL_AREA_STYLE('',(#2975));
#2879=FILL_AREA_STYLE('',(#2976));
#2880=FILL_AREA_STYLE('',(#2977));
#2881=FILL_AREA_STYLE('',(#2978));
#2882=FILL_AREA_STYLE('',(#2979));
#2883=FILL_AREA_STYLE('',(#2980));
#2884=FILL_AREA_STYLE('',(#2981));
#2885=FILL_AREA_STYLE('',(#2982));
#2886=FILL_AREA_STYLE('',(#2983));
#2887=FILL_AREA_STYLE('',(#2984));
#2888=FILL_AREA_STYLE('',(#2985));
#2889=FILL_AREA_STYLE('',(#2986));
#2890=FILL_AREA_STYLE('',(#2987));
#2891=FILL_AREA_STYLE('',(#2988));
#2892=FILL_AREA_STYLE('',(#2989));
#2893=FILL_AREA_STYLE('',(#2990));
#2894=FILL_AREA_STYLE('',(#2991));
#2895=FILL_AREA_STYLE('',(#2992));
#2896=FILL_AREA_STYLE('',(#2993));
#2897=FILL_AREA_STYLE('',(#2994));
#2898=FILL_AREA_STYLE('',(#2995));
#2899=FILL_AREA_STYLE('',(#2996));
#2900=FILL_AREA_STYLE('',(#2997));
#2901=FILL_AREA_STYLE('',(#2998));
#2902=FILL_AREA_STYLE('',(#2999));
#2903=FILL_AREA_STYLE('',(#3000));
#2904=FILL_AREA_STYLE('',(#3001));
#2905=FILL_AREA_STYLE('',(#3002));
#2906=FILL_AREA_STYLE('',(#3003));
#2907=FILL_AREA_STYLE('',(#3004));
#2908=FILL_AREA_STYLE('',(#3005));
#2909=FILL_AREA_STYLE('',(#3006));
#2910=FILL_AREA_STYLE('',(#3007));
#2911=FILL_AREA_STYLE('',(#3008));
#2912=FILL_AREA_STYLE('',(#3009));
#2913=FILL_AREA_STYLE('',(#3010));
#2914=FILL_AREA_STYLE('',(#3011));
#2915=FILL_AREA_STYLE('',(#3012));
#2916=FILL_AREA_STYLE('',(#3013));
#2917=FILL_AREA_STYLE('',(#3014));
#2918=FILL_AREA_STYLE('',(#3015));
#2919=FILL_AREA_STYLE('',(#3016));
#2920=FILL_AREA_STYLE('',(#3017));
#2921=FILL_AREA_STYLE('',(#3018));
#2922=FILL_AREA_STYLE('',(#3019));
#2923=FILL_AREA_STYLE('',(#3020));
#2924=FILL_AREA_STYLE('',(#3021));
#2925=FILL_AREA_STYLE('',(#3022));
#2926=FILL_AREA_STYLE('',(#3023));
#2927=FILL_AREA_STYLE('',(#3024));
#2928=FILL_AREA_STYLE('',(#3025));
#2929=FILL_AREA_STYLE('',(#3026));
#2930=FILL_AREA_STYLE('',(#3027));
#2931=FILL_AREA_STYLE('',(#3028));
#2932=FILL_AREA_STYLE('',(#3029));
#2933=FILL_AREA_STYLE('',(#3030));
#2934=FILL_AREA_STYLE('',(#3031));
#2935=FILL_AREA_STYLE('',(#3032));
#2936=FILL_AREA_STYLE('',(#3033));
#2937=FILL_AREA_STYLE('',(#3034));
#2938=FILL_AREA_STYLE('',(#3035));
#2939=FILL_AREA_STYLE('',(#3036));
#2940=FILL_AREA_STYLE('',(#3037));
#2941=FILL_AREA_STYLE('',(#3038));
#2942=FILL_AREA_STYLE('',(#3039));
#2943=FILL_AREA_STYLE('',(#3040));
#2944=FILL_AREA_STYLE('',(#3041));
#2945=FILL_AREA_STYLE('',(#3042));
#2946=FILL_AREA_STYLE('',(#3043));
#2947=FILL_AREA_STYLE('',(#3044));
#2948=FILL_AREA_STYLE('',(#3045));
#2949=FILL_AREA_STYLE('',(#3046));
#2950=FILL_AREA_STYLE('',(#3047));
#2951=FILL_AREA_STYLE_COLOUR('',#3048);
#2952=FILL_AREA_STYLE_COLOUR('',#3048);
#2953=FILL_AREA_STYLE_COLOUR('',#3049);
#2954=FILL_AREA_STYLE_COLOUR('',#3049);
#2955=FILL_AREA_STYLE_COLOUR('',#3049);
#2956=FILL_AREA_STYLE_COLOUR('',#3049);
#2957=FILL_AREA_STYLE_COLOUR('',#3049);
#2958=FILL_AREA_STYLE_COLOUR('',#3049);
#2959=FILL_AREA_STYLE_COLOUR('',#3049);
#2960=FILL_AREA_STYLE_COLOUR('',#3049);
#2961=FILL_AREA_STYLE_COLOUR('',#3049);
#2962=FILL_AREA_STYLE_COLOUR('',#3049);
#2963=FILL_AREA_STYLE_COLOUR('',#3049);
#2964=FILL_AREA_STYLE_COLOUR('',#3049);
#2965=FILL_AREA_STYLE_COLOUR('',#3049);
#2966=FILL_AREA_STYLE_COLOUR('',#3049);
#2967=FILL_AREA_STYLE_COLOUR('',#3049);
#2968=FILL_AREA_STYLE_COLOUR('',#3049);
#2969=FILL_AREA_STYLE_COLOUR('',#3049);
#2970=FILL_AREA_STYLE_COLOUR('',#3049);
#2971=FILL_AREA_STYLE_COLOUR('',#3049);
#2972=FILL_AREA_STYLE_COLOUR('',#3049);
#2973=FILL_AREA_STYLE_COLOUR('',#3049);
#2974=FILL_AREA_STYLE_COLOUR('',#3049);
#2975=FILL_AREA_STYLE_COLOUR('',#3049);
#2976=FILL_AREA_STYLE_COLOUR('',#3049);
#2977=FILL_AREA_STYLE_COLOUR('',#3049);
#2978=FILL_AREA_STYLE_COLOUR('',#3049);
#2979=FILL_AREA_STYLE_COLOUR('',#3049);
#2980=FILL_AREA_STYLE_COLOUR('',#3049);
#2981=FILL_AREA_STYLE_COLOUR('',#3049);
#2982=FILL_AREA_STYLE_COLOUR('',#3049);
#2983=FILL_AREA_STYLE_COLOUR('',#3049);
#2984=FILL_AREA_STYLE_COLOUR('',#3049);
#2985=FILL_AREA_STYLE_COLOUR('',#3049);
#2986=FILL_AREA_STYLE_COLOUR('',#3049);
#2987=FILL_AREA_STYLE_COLOUR('',#3049);
#2988=FILL_AREA_STYLE_COLOUR('',#3049);
#2989=FILL_AREA_STYLE_COLOUR('',#3049);
#2990=FILL_AREA_STYLE_COLOUR('',#3049);
#2991=FILL_AREA_STYLE_COLOUR('',#3050);
#2992=FILL_AREA_STYLE_COLOUR('',#3050);
#2993=FILL_AREA_STYLE_COLOUR('',#3050);
#2994=FILL_AREA_STYLE_COLOUR('',#3050);
#2995=FILL_AREA_STYLE_COLOUR('',#3049);
#2996=FILL_AREA_STYLE_COLOUR('',#3049);
#2997=FILL_AREA_STYLE_COLOUR('',#3049);
#2998=FILL_AREA_STYLE_COLOUR('',#3049);
#2999=FILL_AREA_STYLE_COLOUR('',#3049);
#3000=FILL_AREA_STYLE_COLOUR('',#3049);
#3001=FILL_AREA_STYLE_COLOUR('',#3049);
#3002=FILL_AREA_STYLE_COLOUR('',#3049);
#3003=FILL_AREA_STYLE_COLOUR('',#3049);
#3004=FILL_AREA_STYLE_COLOUR('',#3049);
#3005=FILL_AREA_STYLE_COLOUR('',#3049);
#3006=FILL_AREA_STYLE_COLOUR('',#3049);
#3007=FILL_AREA_STYLE_COLOUR('',#3049);
#3008=FILL_AREA_STYLE_COLOUR('',#3049);
#3009=FILL_AREA_STYLE_COLOUR('',#3049);
#3010=FILL_AREA_STYLE_COLOUR('',#3049);
#3011=FILL_AREA_STYLE_COLOUR('',#3049);
#3012=FILL_AREA_STYLE_COLOUR('',#3049);
#3013=FILL_AREA_STYLE_COLOUR('',#3049);
#3014=FILL_AREA_STYLE_COLOUR('',#3049);
#3015=FILL_AREA_STYLE_COLOUR('',#3049);
#3016=FILL_AREA_STYLE_COLOUR('',#3049);
#3017=FILL_AREA_STYLE_COLOUR('',#3049);
#3018=FILL_AREA_STYLE_COLOUR('',#3049);
#3019=FILL_AREA_STYLE_COLOUR('',#3049);
#3020=FILL_AREA_STYLE_COLOUR('',#3049);
#3021=FILL_AREA_STYLE_COLOUR('',#3049);
#3022=FILL_AREA_STYLE_COLOUR('',#3049);
#3023=FILL_AREA_STYLE_COLOUR('',#3049);
#3024=FILL_AREA_STYLE_COLOUR('',#3049);
#3025=FILL_AREA_STYLE_COLOUR('',#3049);
#3026=FILL_AREA_STYLE_COLOUR('',#3049);
#3027=FILL_AREA_STYLE_COLOUR('',#3049);
#3028=FILL_AREA_STYLE_COLOUR('',#3049);
#3029=FILL_AREA_STYLE_COLOUR('',#3050);
#3030=FILL_AREA_STYLE_COLOUR('',#3050);
#3031=FILL_AREA_STYLE_COLOUR('',#3050);
#3032=FILL_AREA_STYLE_COLOUR('',#3050);
#3033=FILL_AREA_STYLE_COLOUR('',#3051);
#3034=FILL_AREA_STYLE_COLOUR('',#3051);
#3035=FILL_AREA_STYLE_COLOUR('',#3051);
#3036=FILL_AREA_STYLE_COLOUR('',#3051);
#3037=FILL_AREA_STYLE_COLOUR('',#3051);
#3038=FILL_AREA_STYLE_COLOUR('',#3051);
#3039=FILL_AREA_STYLE_COLOUR('',#3051);
#3040=FILL_AREA_STYLE_COLOUR('',#3051);
#3041=FILL_AREA_STYLE_COLOUR('',#3051);
#3042=FILL_AREA_STYLE_COLOUR('',#3051);
#3043=FILL_AREA_STYLE_COLOUR('',#3051);
#3044=FILL_AREA_STYLE_COLOUR('',#3052);
#3045=FILL_AREA_STYLE_COLOUR('',#3052);
#3046=FILL_AREA_STYLE_COLOUR('',#3053);
#3047=FILL_AREA_STYLE_COLOUR('',#3054);
#3048=COLOUR_RGB('',0.470588266849518,0.423529446125031,0.329411774873734);
#3049=COLOUR_RGB('',0.517647087574005,0.517647087574005,0.517647087574005);
#3050=COLOUR_RGB('',0.819999992847443,0.819999992847443,0.819999992847443);
#3051=COLOUR_RGB('',0.282352954149246,0.329411774873734,0.329411774873734);
#3052=COLOUR_RGB('',0.423529446125031,0.423529446125031,0.423529446125031);
#3053=COLOUR_RGB('',0.329411774873734,0.329411774873734,0.329411774873734);
#3054=COLOUR_RGB('',0.800000011920929,0.,0.);
#3055=MANIFOLD_SOLID_BREP('HeadFillet',#2350);
#3056=MANIFOLD_SOLID_BREP('HeadFillet',#2351);
#3057=MANIFOLD_SOLID_BREP('KCVM',#2352);
#3058=MANIFOLD_SOLID_BREP('Ø11.0 (11) Diameter Hole2',#2353);
#3059=MANIFOLD_SOLID_BREP('Revolve',#2354);
#3060=MANIFOLD_SOLID_BREP('Revolve',#2355);
#3061=MANIFOLD_SOLID_BREP('Revolve',#2356);
#3062=MANIFOLD_SOLID_BREP('Revolve',#2357);
#3063=MANIFOLD_SOLID_BREP('Revolve',#2358);
#3064=MANIFOLD_SOLID_BREP('Revolve',#2359);
#3065=MANIFOLD_SOLID_BREP('Revolve',#2360);
#3066=MANIFOLD_SOLID_BREP('Revolve',#2361);
#3067=MANIFOLD_SOLID_BREP('Revolve',#2362);
#3068=MANIFOLD_SOLID_BREP('Revolve',#2363);
#3069=MANIFOLD_SOLID_BREP('Revolve',#2364);
#3070=MANIFOLD_SOLID_BREP('BottomFillet',#2365);
#3071=MANIFOLD_SOLID_BREP('TopOuterChamfer',#2366);
#3072=MANIFOLD_SOLID_BREP('Profile',#2367);
#3073=MANIFOLD_SOLID_BREP(
'Countersunk screw DIN 964 A M6x8 24570.060.008(High)',#2368);
#3074=SHAPE_DEFINITION_REPRESENTATION(#4839,#3081);
#3075=SHAPE_DEFINITION_REPRESENTATION(#4838,#3082);
#3076=SHAPE_DEFINITION_REPRESENTATION(#4841,#3083);
#3077=SHAPE_DEFINITION_REPRESENTATION(#4843,#3084);
#3078=SHAPE_DEFINITION_REPRESENTATION(#4845,#3085);
#3079=SHAPE_DEFINITION_REPRESENTATION(#4847,#3086);
#3080=SHAPE_DEFINITION_REPRESENTATION(#4850,#3087);
#3081=SHAPE_REPRESENTATION('Pin, Ball Bearing Door Hinge',(#3088),#4822);
#3082=SHAPE_REPRESENTATION('Ball Bearing Door Hinge-2',(#3088,#3116,#3139,
#3214,#3281,#3347,#3348,#3377,#3378,#3379,#3380,#3381,#3382,#3383,#3384),
#4821);
#3083=SHAPE_REPRESENTATION('Bottom Pin, Ball Bearing Door Hinge',(#3088),
#4823);
#3084=SHAPE_REPRESENTATION('Door Frame Leaf, Ball Bearing Door Hinge',(#3088),
#4824);
#3085=SHAPE_REPRESENTATION('Door Leaf, Ball Bearing Door Hinge',(#3088),
#4825);
#3086=SHAPE_REPRESENTATION('Bearing Assembly',(#3088),#4826);
#3087=SHAPE_REPRESENTATION('Countersunk screw DIN 964 A M6x8 ',(#3088),
#4827);
#3088=AXIS2_PLACEMENT_3D('',#4123,#3385,#3386);
#3089=AXIS2_PLACEMENT_3D('',#4124,#3387,#3388);
#3090=AXIS2_PLACEMENT_3D('',#4125,#3389,#3390);
#3091=AXIS2_PLACEMENT_3D('',#4127,#3391,#3392);
#3092=AXIS2_PLACEMENT_3D('',#4128,#3393,#3394);
#3093=AXIS2_PLACEMENT_3D('',#4130,#3395,#3396);
#3094=AXIS2_PLACEMENT_3D('',#4132,#3397,#3398);
#3095=AXIS2_PLACEMENT_3D('',#4133,#3399,#3400);
#3096=AXIS2_PLACEMENT_3D('',#4135,#3401,#3402);
#3097=AXIS2_PLACEMENT_3D('',#4136,#3403,#3404);
#3098=AXIS2_PLACEMENT_3D('',#4138,#3405,#3406);
#3099=AXIS2_PLACEMENT_3D('',#4140,#3407,#3408);
#3100=AXIS2_PLACEMENT_3D('',#4141,#3409,#3410);
#3101=AXIS2_PLACEMENT_3D('',#4143,#3411,#3412);
#3102=AXIS2_PLACEMENT_3D('',#4145,#3413,#3414);
#3103=AXIS2_PLACEMENT_3D('',#4146,#3415,#3416);
#3104=AXIS2_PLACEMENT_3D('',#4148,#3417,#3418);
#3105=AXIS2_PLACEMENT_3D('',#4149,#3419,#3420);
#3106=AXIS2_PLACEMENT_3D('',#4151,#3421,#3422);
#3107=AXIS2_PLACEMENT_3D('',#4152,#3423,#3424);
#3108=AXIS2_PLACEMENT_3D('',#4153,#3425,#3426);
#3109=AXIS2_PLACEMENT_3D('',#4155,#3427,#3428);
#3110=AXIS2_PLACEMENT_3D('',#4156,#3429,#3430);
#3111=AXIS2_PLACEMENT_3D('',#4158,#3431,#3432);
#3112=AXIS2_PLACEMENT_3D('',#4159,#3433,#3434);
#3113=AXIS2_PLACEMENT_3D('',#4161,#3435,#3436);
#3114=AXIS2_PLACEMENT_3D('',#4162,#3437,#3438);
#3115=AXIS2_PLACEMENT_3D('',#4163,#3439,#3440);
#3116=AXIS2_PLACEMENT_3D('',#4164,#3441,#3442);
#3117=AXIS2_PLACEMENT_3D('',#4165,#3443,#3444);
#3118=AXIS2_PLACEMENT_3D('',#4166,#3445,#3446);
#3119=AXIS2_PLACEMENT_3D('',#4168,#3447,#3448);
#3120=AXIS2_PLACEMENT_3D('',#4170,#3449,#3450);
#3121=AXIS2_PLACEMENT_3D('',#4171,#3451,#3452);
#3122=AXIS2_PLACEMENT_3D('',#4173,#3453,#3454);
#3123=AXIS2_PLACEMENT_3D('',#4175,#3455,#3456);
#3124=AXIS2_PLACEMENT_3D('',#4176,#3457,#3458);
#3125=AXIS2_PLACEMENT_3D('',#4178,#3459,#3460);
#3126=AXIS2_PLACEMENT_3D('',#4180,#3461,#3462);
#3127=AXIS2_PLACEMENT_3D('',#4181,#3463,#3464);
#3128=AXIS2_PLACEMENT_3D('',#4183,#3465,#3466);
#3129=AXIS2_PLACEMENT_3D('',#4185,#3467,#3468);
#3130=AXIS2_PLACEMENT_3D('',#4186,#3469,#3470);
#3131=AXIS2_PLACEMENT_3D('',#4187,#3471,#3472);
#3132=AXIS2_PLACEMENT_3D('',#4189,#3473,#3474);
#3133=AXIS2_PLACEMENT_3D('',#4190,#3475,#3476);
#3134=AXIS2_PLACEMENT_3D('',#4192,#3477,#3478);
#3135=AXIS2_PLACEMENT_3D('',#4193,#3479,#3480);
#3136=AXIS2_PLACEMENT_3D('',#4195,#3481,#3482);
#3137=AXIS2_PLACEMENT_3D('',#4196,#3483,#3484);
#3138=AXIS2_PLACEMENT_3D('',#4197,#3485,#3486);
#3139=AXIS2_PLACEMENT_3D('',#4198,#3487,#3488);
#3140=AXIS2_PLACEMENT_3D('',#4199,#3489,#3490);
#3141=AXIS2_PLACEMENT_3D('',#4200,#3491,#3492);
#3142=AXIS2_PLACEMENT_3D('',#4205,#3494,#3495);
#3143=AXIS2_PLACEMENT_3D('',#4209,#3497,#3498);
#3144=AXIS2_PLACEMENT_3D('',#4217,#3502,#3503);
#3145=AXIS2_PLACEMENT_3D('',#4220,#3505,#3506);
#3146=AXIS2_PLACEMENT_3D('',#4221,#3507,#3508);
#3147=AXIS2_PLACEMENT_3D('',#4226,#3510,#3511);
#3148=AXIS2_PLACEMENT_3D('',#4234,#3515,#3516);
#3149=AXIS2_PLACEMENT_3D('',#4238,#3518,#3519);
#3150=AXIS2_PLACEMENT_3D('',#4241,#3521,#3522);
#3151=AXIS2_PLACEMENT_3D('',#4244,#3525,#3526);
#3152=AXIS2_PLACEMENT_3D('',#4248,#3528,#3529);
#3153=AXIS2_PLACEMENT_3D('',#4252,#3531,#3532);
#3154=AXIS2_PLACEMENT_3D('',#4260,#3536,#3537);
#3155=AXIS2_PLACEMENT_3D('',#4264,#3539,#3540);
#3156=AXIS2_PLACEMENT_3D('',#4265,#3541,#3542);
#3157=AXIS2_PLACEMENT_3D('',#4269,#3544,#3545);
#3158=AXIS2_PLACEMENT_3D('',#4277,#3549,#3550);
#3159=AXIS2_PLACEMENT_3D('',#4281,#3552,#3553);
#3160=AXIS2_PLACEMENT_3D('',#4285,#3555,#3556);
#3161=AXIS2_PLACEMENT_3D('',#4286,#3557,#3558);
#3162=AXIS2_PLACEMENT_3D('',#4289,#3561,#3562);
#3163=AXIS2_PLACEMENT_3D('',#4295,#3566,#3567);
#3164=AXIS2_PLACEMENT_3D('',#4299,#3570,#3571);
#3165=AXIS2_PLACEMENT_3D('',#4303,#3574,#3575);
#3166=AXIS2_PLACEMENT_3D('',#4309,#3579,#3580);
#3167=AXIS2_PLACEMENT_3D('',#4312,#3582,#3583);
#3168=AXIS2_PLACEMENT_3D('',#4313,#3584,#3585);
#3169=AXIS2_PLACEMENT_3D('',#4318,#3588,#3589);
#3170=AXIS2_PLACEMENT_3D('',#4319,#3590,#3591);
#3171=AXIS2_PLACEMENT_3D('',#4323,#3594,#3595);
#3172=AXIS2_PLACEMENT_3D('',#4324,#3596,#3597);
#3173=AXIS2_PLACEMENT_3D('',#4326,#3598,#3599);
#3174=AXIS2_PLACEMENT_3D('',#4328,#3600,#3601);
#3175=AXIS2_PLACEMENT_3D('',#4330,#3602,#3603);
#3176=AXIS2_PLACEMENT_3D('',#4340,#3609,#3610);
#3177=AXIS2_PLACEMENT_3D('',#4341,#3611,#3612);
#3178=AXIS2_PLACEMENT_3D('',#4343,#3613,#3614);
#3179=AXIS2_PLACEMENT_3D('',#4345,#3615,#3616);
#3180=AXIS2_PLACEMENT_3D('',#4347,#3617,#3618);
#3181=AXIS2_PLACEMENT_3D('',#4357,#3624,#3625);
#3182=AXIS2_PLACEMENT_3D('',#4359,#3627,#3628);
#3183=AXIS2_PLACEMENT_3D('',#4363,#3630,#3631);
#3184=AXIS2_PLACEMENT_3D('',#4371,#3635,#3636);
#3185=AXIS2_PLACEMENT_3D('',#4375,#3638,#3639);
#3186=AXIS2_PLACEMENT_3D('',#4376,#3640,#3641);
#3187=AXIS2_PLACEMENT_3D('',#4377,#3642,#3643);
#3188=AXIS2_PLACEMENT_3D('',#4378,#3644,#3645);
#3189=AXIS2_PLACEMENT_3D('',#4380,#3647,#3648);
#3190=AXIS2_PLACEMENT_3D('',#4381,#3649,#3650);
#3191=AXIS2_PLACEMENT_3D('',#4384,#3653,#3654);
#3192=AXIS2_PLACEMENT_3D('',#4387,#3657,#3658);
#3193=AXIS2_PLACEMENT_3D('',#4389,#3660,#3661);
#3194=AXIS2_PLACEMENT_3D('',#4391,#3663,#3664);
#3195=AXIS2_PLACEMENT_3D('',#4393,#3666,#3667);
#3196=AXIS2_PLACEMENT_3D('',#4395,#3669,#3670);
#3197=AXIS2_PLACEMENT_3D('',#4398,#3673,#3674);
#3198=AXIS2_PLACEMENT_3D('',#4401,#3677,#3678);
#3199=AXIS2_PLACEMENT_3D('',#4402,#3679,#3680);
#3200=AXIS2_PLACEMENT_3D('',#4403,#3681,#3682);
#3201=AXIS2_PLACEMENT_3D('',#4405,#3684,#3685);
#3202=AXIS2_PLACEMENT_3D('',#4407,#3687,#3688);
#3203=AXIS2_PLACEMENT_3D('',#4409,#3690,#3691);
#3204=AXIS2_PLACEMENT_3D('',#4411,#3693,#3694);
#3205=AXIS2_PLACEMENT_3D('',#4412,#3695,#3696);
#3206=AXIS2_PLACEMENT_3D('',#4413,#3697,#3698);
#3207=AXIS2_PLACEMENT_3D('',#4414,#3699,#3700);
#3208=AXIS2_PLACEMENT_3D('',#4415,#3701,#3702);
#3209=AXIS2_PLACEMENT_3D('',#4416,#3703,#3704);
#3210=AXIS2_PLACEMENT_3D('',#4417,#3705,#3706);
#3211=AXIS2_PLACEMENT_3D('',#4418,#3707,#3708);
#3212=AXIS2_PLACEMENT_3D('',#4419,#3709,#3710);
#3213=AXIS2_PLACEMENT_3D('',#4420,#3711,#3712);
#3214=AXIS2_PLACEMENT_3D('',#4421,#3713,#3714);
#3215=AXIS2_PLACEMENT_3D('',#4422,#3715,#3716);
#3216=AXIS2_PLACEMENT_3D('',#4431,#3721,#3722);
#3217=AXIS2_PLACEMENT_3D('',#4435,#3724,#3725);
#3218=AXIS2_PLACEMENT_3D('',#4439,#3727,#3728);
#3219=AXIS2_PLACEMENT_3D('',#4447,#3732,#3733);
#3220=AXIS2_PLACEMENT_3D('',#4451,#3735,#3736);
#3221=AXIS2_PLACEMENT_3D('',#4452,#3737,#3738);
#3222=AXIS2_PLACEMENT_3D('',#4456,#3740,#3741);
#3223=AXIS2_PLACEMENT_3D('',#4464,#3745,#3746);
#3224=AXIS2_PLACEMENT_3D('',#4468,#3748,#3749);
#3225=AXIS2_PLACEMENT_3D('',#4472,#3751,#3752);
#3226=AXIS2_PLACEMENT_3D('',#4473,#3753,#3754);
#3227=AXIS2_PLACEMENT_3D('',#4476,#3757,#3758);
#3228=AXIS2_PLACEMENT_3D('',#4485,#3763,#3764);
#3229=AXIS2_PLACEMENT_3D('',#4489,#3767,#3768);
#3230=AXIS2_PLACEMENT_3D('',#4490,#3769,#3770);
#3231=AXIS2_PLACEMENT_3D('',#4501,#3774,#3775);
#3232=AXIS2_PLACEMENT_3D('',#4510,#3778,#3779);
#3233=AXIS2_PLACEMENT_3D('',#4521,#3783,#3784);
#3234=AXIS2_PLACEMENT_3D('',#4525,#3787,#3788);
#3235=AXIS2_PLACEMENT_3D('',#4531,#3792,#3793);
#3236=AXIS2_PLACEMENT_3D('',#4533,#3795,#3796);
#3237=AXIS2_PLACEMENT_3D('',#4534,#3797,#3798);
#3238=AXIS2_PLACEMENT_3D('',#4535,#3799,#3800);
#3239=AXIS2_PLACEMENT_3D('',#4537,#3801,#3802);
#3240=AXIS2_PLACEMENT_3D('',#4539,#3803,#3804);
#3241=AXIS2_PLACEMENT_3D('',#4541,#3805,#3806);
#3242=AXIS2_PLACEMENT_3D('',#4549,#3811,#3812);
#3243=AXIS2_PLACEMENT_3D('',#4550,#3813,#3814);
#3244=AXIS2_PLACEMENT_3D('',#4552,#3815,#3816);
#3245=AXIS2_PLACEMENT_3D('',#4554,#3817,#3818);
#3246=AXIS2_PLACEMENT_3D('',#4556,#3819,#3820);
#3247=AXIS2_PLACEMENT_3D('',#4564,#3825,#3826);
#3248=AXIS2_PLACEMENT_3D('',#4566,#3828,#3829);
#3249=AXIS2_PLACEMENT_3D('',#4568,#3831,#3832);
#3250=AXIS2_PLACEMENT_3D('',#4569,#3833,#3834);
#3251=AXIS2_PLACEMENT_3D('',#4572,#3836,#3837);
#3252=AXIS2_PLACEMENT_3D('',#4573,#3838,#3839);
#3253=AXIS2_PLACEMENT_3D('',#4584,#3843,#3844);
#3254=AXIS2_PLACEMENT_3D('',#4593,#3847,#3848);
#3255=AXIS2_PLACEMENT_3D('',#4604,#3852,#3853);
#3256=AXIS2_PLACEMENT_3D('',#4608,#3856,#3857);
#3257=AXIS2_PLACEMENT_3D('',#4614,#3861,#3862);
#3258=AXIS2_PLACEMENT_3D('',#4615,#3863,#3864);
#3259=AXIS2_PLACEMENT_3D('',#4616,#3865,#3866);
#3260=AXIS2_PLACEMENT_3D('',#4617,#3867,#3868);
#3261=AXIS2_PLACEMENT_3D('',#4618,#3869,#3870);
#3262=AXIS2_PLACEMENT_3D('',#4619,#3871,#3872);
#3263=AXIS2_PLACEMENT_3D('',#4620,#3873,#3874);
#3264=AXIS2_PLACEMENT_3D('',#4621,#3875,#3876);
#3265=AXIS2_PLACEMENT_3D('',#4622,#3877,#3878);
#3266=AXIS2_PLACEMENT_3D('',#4623,#3879,#3880);
#3267=AXIS2_PLACEMENT_3D('',#4624,#3881,#3882);
#3268=AXIS2_PLACEMENT_3D('',#4625,#3883,#3884);
#3269=AXIS2_PLACEMENT_3D('',#4626,#3885,#3886);
#3270=AXIS2_PLACEMENT_3D('',#4627,#3887,#3888);
#3271=AXIS2_PLACEMENT_3D('',#4628,#3889,#3890);
#3272=AXIS2_PLACEMENT_3D('',#4629,#3891,#3892);
#3273=AXIS2_PLACEMENT_3D('',#4630,#3893,#3894);
#3274=AXIS2_PLACEMENT_3D('',#4631,#3895,#3896);
#3275=AXIS2_PLACEMENT_3D('',#4632,#3897,#3898);
#3276=AXIS2_PLACEMENT_3D('',#4633,#3899,#3900);
#3277=AXIS2_PLACEMENT_3D('',#4634,#3901,#3902);
#3278=AXIS2_PLACEMENT_3D('',#4635,#3903,#3904);
#3279=AXIS2_PLACEMENT_3D('',#4636,#3905,#3906);
#3280=AXIS2_PLACEMENT_3D('',#4637,#3907,#3908);
#3281=AXIS2_PLACEMENT_3D('',#4638,#3909,#3910);
#3282=AXIS2_PLACEMENT_3D('',#4639,#3911,#3912);
#3283=AXIS2_PLACEMENT_3D('',#4641,#3913,#3914);
#3284=AXIS2_PLACEMENT_3D('',#4643,#3915,#3916);
#3285=AXIS2_PLACEMENT_3D('',#4645,#3917,#3918);
#3286=AXIS2_PLACEMENT_3D('',#4647,#3919,#3920);
#3287=AXIS2_PLACEMENT_3D('',#4649,#3921,#3922);
#3288=AXIS2_PLACEMENT_3D('',#4651,#3923,#3924);
#3289=AXIS2_PLACEMENT_3D('',#4653,#3925,#3926);
#3290=AXIS2_PLACEMENT_3D('',#4655,#3927,#3928);
#3291=AXIS2_PLACEMENT_3D('',#4657,#3929,#3930);
#3292=AXIS2_PLACEMENT_3D('',#4659,#3931,#3932);
#3293=AXIS2_PLACEMENT_3D('',#4661,#3933,#3934);
#3294=AXIS2_PLACEMENT_3D('',#4662,#3935,#3936);
#3295=AXIS2_PLACEMENT_3D('',#4664,#3937,#3938);
#3296=AXIS2_PLACEMENT_3D('',#4666,#3939,#3940);
#3297=AXIS2_PLACEMENT_3D('',#4667,#3941,#3942);
#3298=AXIS2_PLACEMENT_3D('',#4669,#3943,#3944);
#3299=AXIS2_PLACEMENT_3D('',#4671,#3945,#3946);
#3300=AXIS2_PLACEMENT_3D('',#4672,#3947,#3948);
#3301=AXIS2_PLACEMENT_3D('',#4674,#3949,#3950);
#3302=AXIS2_PLACEMENT_3D('',#4675,#3951,#3952);
#3303=AXIS2_PLACEMENT_3D('',#4677,#3953,#3954);
#3304=AXIS2_PLACEMENT_3D('',#4679,#3955,#3956);
#3305=AXIS2_PLACEMENT_3D('',#4680,#3957,#3958);
#3306=AXIS2_PLACEMENT_3D('',#4682,#3959,#3960);
#3307=AXIS2_PLACEMENT_3D('',#4684,#3961,#3962);
#3308=AXIS2_PLACEMENT_3D('',#4685,#3963,#3964);
#3309=AXIS2_PLACEMENT_3D('',#4686,#3965,#3966);
#3310=AXIS2_PLACEMENT_3D('',#4687,#3967,#3968);
#3311=AXIS2_PLACEMENT_3D('',#4688,#3969,#3970);
#3312=AXIS2_PLACEMENT_3D('',#4689,#3971,#3972);
#3313=AXIS2_PLACEMENT_3D('',#4691,#3973,#3974);
#3314=AXIS2_PLACEMENT_3D('',#4693,#3975,#3976);
#3315=AXIS2_PLACEMENT_3D('',#4694,#3977,#3978);
#3316=AXIS2_PLACEMENT_3D('',#4696,#3979,#3980);
#3317=AXIS2_PLACEMENT_3D('',#4698,#3981,#3982);
#3318=AXIS2_PLACEMENT_3D('',#4699,#3983,#3984);
#3319=AXIS2_PLACEMENT_3D('',#4701,#3985,#3986);
#3320=AXIS2_PLACEMENT_3D('',#4703,#3987,#3988);
#3321=AXIS2_PLACEMENT_3D('',#4704,#3989,#3990);
#3322=AXIS2_PLACEMENT_3D('',#4706,#3991,#3992);
#3323=AXIS2_PLACEMENT_3D('',#4707,#3993,#3994);
#3324=AXIS2_PLACEMENT_3D('',#4709,#3995,#3996);
#3325=AXIS2_PLACEMENT_3D('',#4710,#3997,#3998);
#3326=AXIS2_PLACEMENT_3D('',#4711,#3999,#4000);
#3327=AXIS2_PLACEMENT_3D('',#4712,#4001,#4002);
#3328=AXIS2_PLACEMENT_3D('',#4713,#4003,#4004);
#3329=AXIS2_PLACEMENT_3D('',#4715,#4005,#4006);
#3330=AXIS2_PLACEMENT_3D('',#4717,#4007,#4008);
#3331=AXIS2_PLACEMENT_3D('',#4718,#4009,#4010);
#3332=AXIS2_PLACEMENT_3D('',#4720,#4011,#4012);
#3333=AXIS2_PLACEMENT_3D('',#4721,#4013,#4014);
#3334=AXIS2_PLACEMENT_3D('',#4723,#4015,#4016);
#3335=AXIS2_PLACEMENT_3D('',#4725,#4017,#4018);
#3336=AXIS2_PLACEMENT_3D('',#4726,#4019,#4020);
#3337=AXIS2_PLACEMENT_3D('',#4728,#4021,#4022);
#3338=AXIS2_PLACEMENT_3D('',#4730,#4023,#4024);
#3339=AXIS2_PLACEMENT_3D('',#4731,#4025,#4026);
#3340=AXIS2_PLACEMENT_3D('',#4733,#4027,#4028);
#3341=AXIS2_PLACEMENT_3D('',#4734,#4029,#4030);
#3342=AXIS2_PLACEMENT_3D('',#4736,#4031,#4032);
#3343=AXIS2_PLACEMENT_3D('',#4737,#4033,#4034);
#3344=AXIS2_PLACEMENT_3D('',#4739,#4035,#4036);
#3345=AXIS2_PLACEMENT_3D('',#4740,#4037,#4038);
#3346=AXIS2_PLACEMENT_3D('',#4741,#4039,#4040);
#3347=AXIS2_PLACEMENT_3D('',#4742,#4041,#4042);
#3348=AXIS2_PLACEMENT_3D('',#4743,#4043,#4044);
#3349=AXIS2_PLACEMENT_3D('',#4744,#4045,#4046);
#3350=AXIS2_PLACEMENT_3D('',#4760,#4049,#4050);
#3351=AXIS2_PLACEMENT_3D('',#4763,#4052,#4053);
#3352=AXIS2_PLACEMENT_3D('',#4764,#4054,#4055);
#3353=AXIS2_PLACEMENT_3D('',#4768,#4057,#4058);
#3354=AXIS2_PLACEMENT_3D('',#4769,#4059,#4060);
#3355=AXIS2_PLACEMENT_3D('',#4782,#4062,#4063);
#3356=AXIS2_PLACEMENT_3D('',#4785,#4065,#4066);
#3357=AXIS2_PLACEMENT_3D('',#4786,#4067,#4068);
#3358=AXIS2_PLACEMENT_3D('',#4788,#4069,#4070);
#3359=AXIS2_PLACEMENT_3D('',#4790,#4071,#4072);
#3360=AXIS2_PLACEMENT_3D('',#4791,#4073,#4074);
#3361=AXIS2_PLACEMENT_3D('',#4793,#4075,#4076);
#3362=AXIS2_PLACEMENT_3D('',#4795,#4077,#4078);
#3363=AXIS2_PLACEMENT_3D('',#4796,#4079,#4080);
#3364=AXIS2_PLACEMENT_3D('',#4798,#4081,#4082);
#3365=AXIS2_PLACEMENT_3D('',#4799,#4083,#4084);
#3366=AXIS2_PLACEMENT_3D('',#4800,#4085,#4086);
#3367=AXIS2_PLACEMENT_3D('',#4802,#4087,#4088);
#3368=AXIS2_PLACEMENT_3D('',#4803,#4089,#4090);
#3369=AXIS2_PLACEMENT_3D('',#4804,#4091,#4092);
#3370=AXIS2_PLACEMENT_3D('',#4805,#4093,#4094);
#3371=AXIS2_PLACEMENT_3D('',#4806,#4095,#4096);
#3372=AXIS2_PLACEMENT_3D('',#4807,#4097,#4098);
#3373=AXIS2_PLACEMENT_3D('',#4808,#4099,#4100);
#3374=AXIS2_PLACEMENT_3D('',#4809,#4101,#4102);
#3375=AXIS2_PLACEMENT_3D('',#4810,#4103,#4104);
#3376=AXIS2_PLACEMENT_3D('',#4811,#4105,#4106);
#3377=AXIS2_PLACEMENT_3D('',#4812,#4107,#4108);
#3378=AXIS2_PLACEMENT_3D('',#4813,#4109,#4110);
#3379=AXIS2_PLACEMENT_3D('',#4814,#4111,#4112);
#3380=AXIS2_PLACEMENT_3D('',#4815,#4113,#4114);
#3381=AXIS2_PLACEMENT_3D('',#4816,#4115,#4116);
#3382=AXIS2_PLACEMENT_3D('',#4817,#4117,#4118);
#3383=AXIS2_PLACEMENT_3D('',#4818,#4119,#4120);
#3384=AXIS2_PLACEMENT_3D('',#4819,#4121,#4122);
#3385=DIRECTION('',(0.,0.,1.));
#3386=DIRECTION('',(1.,0.,0.));
#3387=DIRECTION('',(0.,-1.,0.));
#3388=DIRECTION('',(0.,0.,-1.));
#3389=DIRECTION('',(0.,-1.,0.));
#3390=DIRECTION('',(0.,0.,-1.));
#3391=DIRECTION('',(5.78241158658936E-16,1.,0.));
#3392=DIRECTION('',(-1.,5.78241158658936E-16,0.));
#3393=DIRECTION('',(-5.78241158658936E-16,-1.,0.));
#3394=DIRECTION('',(1.,-5.78241158658936E-16,0.));
#3395=DIRECTION('',(-5.78241158658936E-16,-1.,0.));
#3396=DIRECTION('',(1.,-5.81767019382466E-16,0.));
#3397=DIRECTION('',(0.,1.,0.));
#3398=DIRECTION('',(0.,0.,1.));
#3399=DIRECTION('',(0.,1.,0.));
#3400=DIRECTION('',(0.,0.,1.));
#3401=DIRECTION('',(0.,-1.,0.));
#3402=DIRECTION('',(0.,0.,-1.));
#3403=DIRECTION('',(-5.78241158658936E-16,-1.,0.));
#3404=DIRECTION('',(1.,-5.78241158658936E-16,0.));
#3405=DIRECTION('',(0.,-1.,0.));
#3406=DIRECTION('',(0.,0.,-1.));
#3407=DIRECTION('',(0.,-1.,0.));
#3408=DIRECTION('',(0.,0.,-1.));
#3409=DIRECTION('',(0.,1.,0.));
#3410=DIRECTION('',(0.,0.,-1.));
#3411=DIRECTION('',(0.,-1.,0.));
#3412=DIRECTION('',(0.,0.,1.));
#3413=DIRECTION('',(-5.78241158658936E-16,-1.,0.));
#3414=DIRECTION('',(1.,-5.78241158658936E-16,0.));
#3415=DIRECTION('',(-5.78241158658936E-16,-1.,0.));
#3416=DIRECTION('',(1.,-5.78133025321821E-16,0.));
#3417=DIRECTION('',(-5.78241158658936E-16,-1.,0.));
#3418=DIRECTION('',(1.,-5.78133025321821E-16,0.));
#3419=DIRECTION('',(-5.78241158658936E-16,-1.,0.));
#3420=DIRECTION('',(1.,-5.73789390658706E-16,0.));
#3421=DIRECTION('',(-5.78241158658936E-16,-1.,0.));
#3422=DIRECTION('',(1.,-5.78241158658936E-16,0.));
#3423=DIRECTION('',(-5.78241158658936E-16,-1.,0.));
#3424=DIRECTION('',(1.,-5.78241158658936E-16,0.));
#3425=DIRECTION('',(-5.78241158658936E-16,-1.,0.));
#3426=DIRECTION('',(1.,-5.82758667710959E-16,0.));
#3427=DIRECTION('',(0.,1.,0.));
#3428=DIRECTION('',(0.,0.,1.));
#3429=DIRECTION('',(0.,-1.,0.));
#3430=DIRECTION('',(0.,0.,-1.));
#3431=DIRECTION('',(0.,1.,0.));
#3432=DIRECTION('',(0.,0.,1.));
#3433=DIRECTION('',(0.,-1.,0.));
#3434=DIRECTION('',(0.,0.,-1.));
#3435=DIRECTION('',(0.,-1.,0.));
#3436=DIRECTION('',(0.,0.,-1.));
#3437=DIRECTION('',(0.,1.,0.));
#3438=DIRECTION('',(0.,0.,1.));
#3439=DIRECTION('',(0.,-1.,0.));
#3440=DIRECTION('',(0.,0.,-1.));
#3441=DIRECTION('',(-1.66533453693773E-16,0.,-1.));
#3442=DIRECTION('',(-1.,0.,1.66533453693773E-16));
#3443=DIRECTION('',(0.,-1.,0.));
#3444=DIRECTION('',(0.,0.,-1.));
#3445=DIRECTION('',(0.,-1.,0.));
#3446=DIRECTION('',(0.,0.,-1.));
#3447=DIRECTION('',(0.,-1.,0.));
#3448=DIRECTION('',(0.,0.,-1.));
#3449=DIRECTION('',(0.,1.,0.));
#3450=DIRECTION('',(0.,0.,1.));
#3451=DIRECTION('',(0.,-1.,0.));
#3452=DIRECTION('',(0.,0.,-1.));
#3453=DIRECTION('',(0.,-1.,0.));
#3454=DIRECTION('',(0.,0.,-1.));
#3455=DIRECTION('',(0.,1.,0.));
#3456=DIRECTION('',(0.,0.,1.));
#3457=DIRECTION('',(0.,-1.,0.));
#3458=DIRECTION('',(0.,0.,-1.));
#3459=DIRECTION('',(0.,1.,0.));
#3460=DIRECTION('',(0.,0.,1.));
#3461=DIRECTION('',(0.,-1.,0.));
#3462=DIRECTION('',(0.,0.,-1.));
#3463=DIRECTION('',(0.,1.,0.));
#3464=DIRECTION('',(0.,0.,-1.));
#3465=DIRECTION('',(0.,-1.,0.));
#3466=DIRECTION('',(0.,0.,1.));
#3467=DIRECTION('',(0.,1.,0.));
#3468=DIRECTION('',(0.,0.,1.));
#3469=DIRECTION('',(0.,-1.,0.));
#3470=DIRECTION('',(0.,0.,-1.));
#3471=DIRECTION('',(0.,-1.,0.));
#3472=DIRECTION('',(0.,0.,-1.));
#3473=DIRECTION('',(0.,-1.,0.));
#3474=DIRECTION('',(0.,0.,-1.));
#3475=DIRECTION('',(0.,-1.,0.));
#3476=DIRECTION('',(0.,0.,-1.));
#3477=DIRECTION('',(0.,1.,0.));
#3478=DIRECTION('',(0.,0.,1.));
#3479=DIRECTION('',(0.,-1.,0.));
#3480=DIRECTION('',(0.,0.,-1.));
#3481=DIRECTION('',(0.,-1.,0.));
#3482=DIRECTION('',(0.,0.,-1.));
#3483=DIRECTION('',(0.,1.,0.));
#3484=DIRECTION('',(0.,0.,1.));
#3485=DIRECTION('',(0.,-1.,0.));
#3486=DIRECTION('',(0.,0.,-1.));
#3487=DIRECTION('',(0.,0.,1.));
#3488=DIRECTION('',(1.,0.,0.));
#3489=DIRECTION('',(-2.04085114820801E-16,-1.,0.));
#3490=DIRECTION('',(1.,-2.04085114820801E-16,0.));
#3491=DIRECTION('',(2.04085114820801E-16,1.,0.));
#3492=DIRECTION('',(1.,0.,0.));
#3493=DIRECTION('',(0.,0.,1.));
#3494=DIRECTION('',(-2.04085114820801E-16,-1.,0.));
#3495=DIRECTION('',(1.,-3.21245088143853E-16,0.));
#3496=DIRECTION('',(-0.932075471698114,1.90222729663162E-16,-0.362264150943395));
#3497=DIRECTION('',(2.04085114820801E-16,1.,0.));
#3498=DIRECTION('',(1.,0.,0.));
#3499=DIRECTION('',(0.362264150943395,-7.39327208407427E-17,-0.932075471698114));
#3500=DIRECTION('',(0.932075471698113,-1.90222729663162E-16,0.362264150943396));
#3501=DIRECTION('',(-0.362264150943395,7.39327208407426E-17,0.932075471698114));
#3502=DIRECTION('',(-2.04085114820801E-16,-1.,0.));
#3503=DIRECTION('',(1.,-2.31296463463574E-16,0.));
#3504=DIRECTION('',(0.932075471698114,-1.90222729663162E-16,0.362264150943396));
#3505=DIRECTION('',(0.,1.,0.));
#3506=DIRECTION('',(0.,0.,1.));
#3507=DIRECTION('',(0.,-1.,0.));
#3508=DIRECTION('',(-1.73472347597681E-15,0.,1.));
#3509=DIRECTION('',(-0.932075471698114,0.,-0.362264150943396));
#3510=DIRECTION('',(0.,1.,0.));
#3511=DIRECTION('',(0.,0.,1.));
#3512=DIRECTION('',(0.362264150943395,0.,-0.932075471698114));
#3513=DIRECTION('',(-0.932075471698113,0.,-0.362264150943396));
#3514=DIRECTION('',(-0.362264150943395,0.,0.932075471698114));
#3515=DIRECTION('',(0.,-1.,0.));
#3516=DIRECTION('',(0.,0.,1.));
#3517=DIRECTION('',(0.932075471698114,0.,0.362264150943395));
#3518=DIRECTION('',(0.,1.,0.));
#3519=DIRECTION('',(0.,0.,1.));
#3520=DIRECTION('',(0.,0.,1.));
#3521=DIRECTION('',(-1.,1.12644381556936E-16,0.));
#3522=DIRECTION('',(-1.12644381556936E-16,-1.,0.));
#3523=DIRECTION('',(1.21734980770302E-16,-1.,0.));
#3524=DIRECTION('',(-1.12644381556936E-16,-1.,0.));
#3525=DIRECTION('',(0.,1.,0.));
#3526=DIRECTION('',(0.,0.,1.));
#3527=DIRECTION('',(0.,0.,1.));
#3528=DIRECTION('',(0.,1.,0.));
#3529=DIRECTION('',(0.,0.,1.));
#3530=DIRECTION('',(0.932075471698114,0.,0.362264150943395));
#3531=DIRECTION('',(0.,-1.,0.));
#3532=DIRECTION('',(0.,0.,1.));
#3533=DIRECTION('',(-0.362264150943395,0.,0.932075471698114));
#3534=DIRECTION('',(-0.932075471698113,0.,-0.362264150943396));
#3535=DIRECTION('',(0.362264150943395,0.,-0.932075471698114));
#3536=DIRECTION('',(0.,1.,0.));
#3537=DIRECTION('',(0.,0.,1.));
#3538=DIRECTION('',(-0.932075471698114,0.,-0.362264150943396));
#3539=DIRECTION('',(0.,-1.,0.));
#3540=DIRECTION('',(-1.73472347597681E-15,0.,1.));
#3541=DIRECTION('',(2.04085114820801E-16,-1.,0.));
#3542=DIRECTION('',(1.,2.04085114820801E-16,0.));
#3543=DIRECTION('',(0.932075471698114,1.90222729663162E-16,0.362264150943396));
#3544=DIRECTION('',(2.04085114820801E-16,-1.,0.));
#3545=DIRECTION('',(1.,2.31296463463574E-16,0.));
#3546=DIRECTION('',(-0.362264150943395,-7.39327208407426E-17,0.932075471698114));
#3547=DIRECTION('',(0.932075471698113,1.90222729663162E-16,0.362264150943396));
#3548=DIRECTION('',(0.362264150943395,7.39327208407427E-17,-0.932075471698114));
#3549=DIRECTION('',(-2.04085114820801E-16,1.,0.));
#3550=DIRECTION('',(1.,0.,0.));
#3551=DIRECTION('',(-0.932075471698114,-1.90222729663162E-16,-0.362264150943395));
#3552=DIRECTION('',(2.04085114820801E-16,-1.,0.));
#3553=DIRECTION('',(1.,3.21245088143853E-16,0.));
#3554=DIRECTION('',(0.,0.,1.));
#3555=DIRECTION('',(-2.04085114820801E-16,1.,0.));
#3556=DIRECTION('',(1.,0.,2.60208521396521E-15));
#3557=DIRECTION('',(1.,1.12644381556936E-16,0.));
#3558=DIRECTION('',(-1.12644381556936E-16,1.,0.));
#3559=DIRECTION('',(1.21734980770302E-16,-1.,0.));
#3560=DIRECTION('',(0.,1.,0.));
#3561=DIRECTION('',(-0.932075471698114,0.,-0.362264150943395));
#3562=DIRECTION('',(-0.362264150943395,0.,0.932075471698114));
#3563=DIRECTION('',(0.,-1.,0.));
#3564=DIRECTION('',(0.,-1.,0.));
#3565=DIRECTION('',(-0.362264150943395,0.,0.932075471698114));
#3566=DIRECTION('',(-0.362264150943396,0.,0.932075471698113));
#3567=DIRECTION('',(0.932075471698113,0.,0.362264150943396));
#3568=DIRECTION('',(0.,-1.,0.));
#3569=DIRECTION('',(0.932075471698113,0.,0.362264150943396));
#3570=DIRECTION('',(0.932075471698114,0.,0.362264150943395));
#3571=DIRECTION('',(0.362264150943395,0.,-0.932075471698114));
#3572=DIRECTION('',(0.,-1.,0.));
#3573=DIRECTION('',(0.362264150943395,0.,-0.932075471698114));
#3574=DIRECTION('',(0.362264150943395,0.,-0.932075471698114));
#3575=DIRECTION('',(-0.932075471698114,0.,-0.362264150943395));
#3576=DIRECTION('',(0.,-1.,0.));
#3577=DIRECTION('',(0.,-1.,0.));
#3578=DIRECTION('',(-0.932075471698114,0.,-0.362264150943395));
#3579=DIRECTION('',(0.,-1.,0.));
#3580=DIRECTION('',(0.,0.,-1.));
#3581=DIRECTION('',(1.21734980770302E-16,-1.,0.));
#3582=DIRECTION('',(0.,-1.,0.));
#3583=DIRECTION('',(0.,0.,-1.));
#3584=DIRECTION('',(0.,-1.,0.));
#3585=DIRECTION('',(0.,0.,-1.));
#3586=DIRECTION('',(1.21734980770302E-16,-1.,0.));
#3587=DIRECTION('',(0.,-1.,0.));
#3588=DIRECTION('',(0.,1.,0.));
#3589=DIRECTION('',(3.46944695195361E-15,0.,-1.));
#3590=DIRECTION('',(-0.362264150943395,0.,0.932075471698114));
#3591=DIRECTION('',(0.932075471698114,0.,0.362264150943395));
#3592=DIRECTION('',(0.,-1.,0.));
#3593=DIRECTION('',(0.932075471698114,0.,0.362264150943396));
#3594=DIRECTION('',(0.,0.,1.));
#3595=DIRECTION('',(1.,0.,0.));
#3596=DIRECTION('',(0.,0.,1.));
#3597=DIRECTION('',(1.,0.,0.));
#3598=DIRECTION('',(0.,0.,1.));
#3599=DIRECTION('',(1.,0.,0.));
#3600=DIRECTION('',(0.,0.,1.));
#3601=DIRECTION('',(1.,0.,0.));
#3602=DIRECTION('',(0.,0.,1.));
#3603=DIRECTION('',(1.,0.,0.));
#3604=DIRECTION('',(-1.21734980770302E-16,1.,0.));
#3605=DIRECTION('',(1.,0.,0.));
#3606=DIRECTION('',(1.21734980770302E-16,-1.,0.));
#3607=DIRECTION('',(1.21734980770302E-16,-1.,0.));
#3608=DIRECTION('',(-1.,0.,0.));
#3609=DIRECTION('',(0.,0.,1.));
#3610=DIRECTION('',(1.,0.,0.));
#3611=DIRECTION('',(0.,0.,-1.));
#3612=DIRECTION('',(0.,1.,0.));
#3613=DIRECTION('',(0.,0.,-1.));
#3614=DIRECTION('',(0.,1.,0.));
#3615=DIRECTION('',(0.,0.,-1.));
#3616=DIRECTION('',(0.,1.,0.));
#3617=DIRECTION('',(0.,0.,-1.));
#3618=DIRECTION('',(0.,1.,0.));
#3619=DIRECTION('',(-1.21734980770302E-16,1.,0.));
#3620=DIRECTION('',(-1.,0.,0.));
#3621=DIRECTION('',(1.21734980770302E-16,-1.,0.));
#3622=DIRECTION('',(1.21734980770302E-16,-1.,0.));
#3623=DIRECTION('',(1.,0.,0.));
#3624=DIRECTION('',(0.,1.,0.));
#3625=DIRECTION('',(0.,0.,1.));
#3626=DIRECTION('',(0.,0.,-1.));
#3627=DIRECTION('',(0.,-1.,0.));
#3628=DIRECTION('',(0.,0.,1.));
#3629=DIRECTION('',(-0.932075471698114,0.,-0.362264150943395));
#3630=DIRECTION('',(0.,1.,0.));
#3631=DIRECTION('',(0.,0.,1.));
#3632=DIRECTION('',(0.362264150943395,0.,-0.932075471698114));
#3633=DIRECTION('',(0.932075471698113,0.,0.362264150943396));
#3634=DIRECTION('',(-0.362264150943395,0.,0.932075471698114));
#3635=DIRECTION('',(0.,-1.,0.));
#3636=DIRECTION('',(9.25185853854297E-16,0.,1.));
#3637=DIRECTION('',(0.932075471698114,0.,0.362264150943396));
#3638=DIRECTION('',(0.,1.,0.));
#3639=DIRECTION('',(0.,0.,1.));
#3640=DIRECTION('',(0.,-1.,0.));
#3641=DIRECTION('',(0.,0.,-1.));
#3642=DIRECTION('',(0.,-1.,0.));
#3643=DIRECTION('',(0.,0.,-1.));
#3644=DIRECTION('',(0.,1.,0.));
#3645=DIRECTION('',(0.,0.,-1.));
#3646=DIRECTION('',(0.,0.,-1.));
#3647=DIRECTION('',(-1.,-1.21734980770302E-16,0.));
#3648=DIRECTION('',(1.21734980770302E-16,-1.,0.));
#3649=DIRECTION('',(-0.932075471698114,0.,-0.362264150943395));
#3650=DIRECTION('',(-0.362264150943395,0.,0.932075471698114));
#3651=DIRECTION('',(0.,-1.,0.));
#3652=DIRECTION('',(0.,-1.,0.));
#3653=DIRECTION('',(-0.932075471698114,0.,-0.362264150943395));
#3654=DIRECTION('',(-0.362264150943395,0.,0.932075471698114));
#3655=DIRECTION('',(0.,-1.,0.));
#3656=DIRECTION('',(0.,-1.,0.));
#3657=DIRECTION('',(-0.362264150943396,0.,0.932075471698113));
#3658=DIRECTION('',(0.932075471698113,0.,0.362264150943396));
#3659=DIRECTION('',(0.,-1.,0.));
#3660=DIRECTION('',(-0.362264150943396,0.,0.932075471698113));
#3661=DIRECTION('',(0.932075471698113,0.,0.362264150943396));
#3662=DIRECTION('',(0.,-1.,0.));
#3663=DIRECTION('',(0.932075471698114,0.,0.362264150943395));
#3664=DIRECTION('',(0.362264150943395,0.,-0.932075471698114));
#3665=DIRECTION('',(0.,-1.,0.));
#3666=DIRECTION('',(0.932075471698114,0.,0.362264150943395));
#3667=DIRECTION('',(0.362264150943395,0.,-0.932075471698114));
#3668=DIRECTION('',(0.,-1.,0.));
#3669=DIRECTION('',(0.362264150943395,0.,-0.932075471698114));
#3670=DIRECTION('',(-0.932075471698114,0.,-0.362264150943395));
#3671=DIRECTION('',(0.,-1.,0.));
#3672=DIRECTION('',(0.,-1.,0.));
#3673=DIRECTION('',(0.362264150943395,0.,-0.932075471698114));
#3674=DIRECTION('',(-0.932075471698114,0.,-0.362264150943395));
#3675=DIRECTION('',(0.,-1.,0.));
#3676=DIRECTION('',(0.,-1.,0.));
#3677=DIRECTION('',(0.,-1.,0.));
#3678=DIRECTION('',(0.,0.,-1.));
#3679=DIRECTION('',(0.,-1.,0.));
#3680=DIRECTION('',(0.,0.,-1.));
#3681=DIRECTION('',(0.,-1.,0.));
#3682=DIRECTION('',(0.,0.,-1.));
#3683=DIRECTION('',(0.,-1.,0.));
#3684=DIRECTION('',(0.,-1.,0.));
#3685=DIRECTION('',(0.,0.,-1.));
#3686=DIRECTION('',(0.,-1.,0.));
#3687=DIRECTION('',(-0.362264150943395,0.,0.932075471698114));
#3688=DIRECTION('',(0.932075471698114,0.,0.362264150943395));
#3689=DIRECTION('',(0.,-1.,0.));
#3690=DIRECTION('',(-0.362264150943395,0.,0.932075471698114));
#3691=DIRECTION('',(0.932075471698114,0.,0.362264150943395));
#3692=DIRECTION('',(0.,-1.,0.));
#3693=DIRECTION('',(0.,-1.,0.));
#3694=DIRECTION('',(0.,0.,-1.));
#3695=DIRECTION('',(0.,-1.,0.));
#3696=DIRECTION('',(0.,0.,-1.));
#3697=DIRECTION('',(0.,-1.,0.));
#3698=DIRECTION('',(0.,0.,-1.));
#3699=DIRECTION('',(0.,-1.,0.));
#3700=DIRECTION('',(0.,0.,-1.));
#3701=DIRECTION('',(0.,-1.,0.));
#3702=DIRECTION('',(0.,0.,-1.));
#3703=DIRECTION('',(0.,-1.,0.));
#3704=DIRECTION('',(0.,0.,-1.));
#3705=DIRECTION('',(0.,0.,1.));
#3706=DIRECTION('',(0.,1.,0.));
#3707=DIRECTION('',(0.,0.,1.));
#3708=DIRECTION('',(0.,1.,0.));
#3709=DIRECTION('',(0.,0.,1.));
#3710=DIRECTION('',(0.,1.,0.));
#3711=DIRECTION('',(0.,0.,1.));
#3712=DIRECTION('',(0.,1.,0.));
#3713=DIRECTION('',(1.66533453693773E-16,0.,1.));
#3714=DIRECTION('',(1.,0.,-1.66533453693773E-16));
#3715=DIRECTION('',(-1.,-4.52536558950471E-16,0.));
#3716=DIRECTION('',(4.52536558950471E-16,-1.,0.));
#3717=DIRECTION('',(0.,0.,1.));
#3718=DIRECTION('',(-1.21734980770302E-16,1.,0.));
#3719=DIRECTION('',(0.,0.,1.));
#3720=DIRECTION('',(0.,-1.,0.));
#3721=DIRECTION('',(0.,-1.,0.));
#3722=DIRECTION('',(0.,0.,-1.));
#3723=DIRECTION('',(0.,0.,1.));
#3724=DIRECTION('',(0.,-1.,0.));
#3725=DIRECTION('',(0.,0.,-1.));
#3726=DIRECTION('',(-0.932075471698113,0.,0.362264150943397));
#3727=DIRECTION('',(0.,1.,0.));
#3728=DIRECTION('',(1.69241314729445E-15,0.,-1.));
#3729=DIRECTION('',(0.362264150943396,0.,0.932075471698113));
#3730=DIRECTION('',(0.932075471698113,0.,-0.362264150943396));
#3731=DIRECTION('',(-0.362264150943398,0.,-0.932075471698113));
#3732=DIRECTION('',(0.,-1.,0.));
#3733=DIRECTION('',(0.,0.,-1.));
#3734=DIRECTION('',(0.932075471698113,0.,-0.362264150943396));
#3735=DIRECTION('',(0.,1.,0.));
#3736=DIRECTION('',(6.93889390390724E-15,0.,-1.));
#3737=DIRECTION('',(0.,1.,0.));
#3738=DIRECTION('',(0.,0.,1.));
#3739=DIRECTION('',(-0.932075471698113,0.,0.362264150943396));
#3740=DIRECTION('',(0.,1.,0.));
#3741=DIRECTION('',(0.,0.,1.));
#3742=DIRECTION('',(0.362264150943398,0.,0.932075471698113));
#3743=DIRECTION('',(-0.932075471698113,0.,0.362264150943396));
#3744=DIRECTION('',(-0.362264150943396,0.,-0.932075471698113));
#3745=DIRECTION('',(0.,-1.,0.));
#3746=DIRECTION('',(0.,0.,1.));
#3747=DIRECTION('',(0.932075471698113,0.,-0.362264150943397));
#3748=DIRECTION('',(0.,1.,0.));
#3749=DIRECTION('',(0.,0.,1.));
#3750=DIRECTION('',(0.,0.,1.));
#3751=DIRECTION('',(0.,-1.,0.));
#3752=DIRECTION('',(-1.17961196366423E-13,0.,1.));
#3753=DIRECTION('',(-1.,0.,0.));
#3754=DIRECTION('',(0.,0.,1.));
#3755=DIRECTION('',(-1.21734980770302E-16,1.,0.));
#3756=DIRECTION('',(0.,-1.,0.));
#3757=DIRECTION('',(-1.,1.50845519650157E-16,0.));
#3758=DIRECTION('',(-1.50845519650157E-16,-1.,0.));
#3759=DIRECTION('',(0.,0.,1.));
#3760=DIRECTION('',(-1.21734980770302E-16,1.,0.));
#3761=DIRECTION('',(0.,0.,1.));
#3762=DIRECTION('',(-1.21734980770302E-16,1.,0.));
#3763=DIRECTION('',(0.,-1.,0.));
#3764=DIRECTION('',(0.,0.,-1.));
#3765=DIRECTION('',(0.,-1.,0.));
#3766=DIRECTION('',(-1.21734980770302E-16,1.,0.));
#3767=DIRECTION('',(1.22451068892481E-15,1.,0.));
#3768=DIRECTION('',(-1.,1.28498035257541E-15,0.));
#3769=DIRECTION('',(-0.362264150943397,0.,-0.932075471698113));
#3770=DIRECTION('',(-0.932075471698113,0.,0.362264150943397));
#3771=DIRECTION('',(0.932075471698113,-1.14133637797897E-15,-0.362264150943397));
#3772=DIRECTION('',(0.,1.,0.));
#3773=DIRECTION('',(0.,-1.,0.));
#3774=DIRECTION('',(-0.932075471698113,0.,0.362264150943396));
#3775=DIRECTION('',(0.362264150943396,0.,0.932075471698113));
#3776=DIRECTION('',(0.,-1.,0.));
#3777=DIRECTION('',(0.,-1.,0.));
#3778=DIRECTION('',(0.362264150943396,0.,0.932075471698113));
#3779=DIRECTION('',(0.932075471698113,0.,-0.362264150943396));
#3780=DIRECTION('',(0.,-1.,0.));
#3781=DIRECTION('',(-0.932075471698113,1.14133637797897E-15,0.362264150943396));
#3782=DIRECTION('',(0.,-1.,0.));
#3783=DIRECTION('',(0.932075471698113,0.,-0.362264150943398));
#3784=DIRECTION('',(-0.362264150943398,0.,-0.932075471698113));
#3785=DIRECTION('',(0.,-1.,0.));
#3786=DIRECTION('',(0.362264150943398,-4.4359632504446E-16,0.932075471698113));
#3787=DIRECTION('',(0.362264150943396,0.,0.932075471698113));
#3788=DIRECTION('',(0.932075471698113,0.,-0.362264150943396));
#3789=DIRECTION('',(0.,-1.,0.));
#3790=DIRECTION('',(0.,-1.,0.));
#3791=DIRECTION('',(-0.932075471698113,1.14133637797897E-15,0.362264150943396));
#3792=DIRECTION('',(0.,-1.,0.));
#3793=DIRECTION('',(0.,0.,-1.));
#3794=DIRECTION('',(-1.21734980770302E-16,1.,0.));
#3795=DIRECTION('',(-1.22451068892481E-15,-1.,0.));
#3796=DIRECTION('',(-1.,0.,-5.42101086242753E-15));
#3797=DIRECTION('',(0.,0.,1.));
#3798=DIRECTION('',(1.,0.,0.));
#3799=DIRECTION('',(0.,0.,1.));
#3800=DIRECTION('',(1.,0.,0.));
#3801=DIRECTION('',(0.,0.,1.));
#3802=DIRECTION('',(1.,0.,0.));
#3803=DIRECTION('',(0.,0.,1.));
#3804=DIRECTION('',(1.,0.,0.));
#3805=DIRECTION('',(0.,0.,1.));
#3806=DIRECTION('',(1.,0.,0.));
#3807=DIRECTION('',(1.,0.,0.));
#3808=DIRECTION('',(1.21734980770302E-16,-1.,0.));
#3809=DIRECTION('',(-1.,0.,0.));
#3810=DIRECTION('',(-1.21734980770302E-16,1.,0.));
#3811=DIRECTION('',(0.,0.,1.));
#3812=DIRECTION('',(1.,0.,0.));
#3813=DIRECTION('',(0.,0.,-1.));
#3814=DIRECTION('',(0.,1.,0.));
#3815=DIRECTION('',(0.,0.,-1.));
#3816=DIRECTION('',(0.,1.,0.));
#3817=DIRECTION('',(0.,0.,-1.));
#3818=DIRECTION('',(0.,1.,0.));
#3819=DIRECTION('',(0.,0.,-1.));
#3820=DIRECTION('',(0.,1.,0.));
#3821=DIRECTION('',(-1.21734980770302E-16,1.,0.));
#3822=DIRECTION('',(-1.,0.,0.));
#3823=DIRECTION('',(1.21734980770302E-16,-1.,0.));
#3824=DIRECTION('',(1.,0.,0.));
#3825=DIRECTION('',(0.,1.,0.));
#3826=DIRECTION('',(0.,0.,1.));
#3827=DIRECTION('',(0.,0.,-1.));
#3828=DIRECTION('',(1.,1.21734980770302E-16,0.));
#3829=DIRECTION('',(-1.21734980770302E-16,1.,0.));
#3830=DIRECTION('',(0.,0.,-1.));
#3831=DIRECTION('',(0.,-1.,0.));
#3832=DIRECTION('',(0.,0.,-1.));
#3833=DIRECTION('',(0.,-1.,0.));
#3834=DIRECTION('',(0.,0.,-1.));
#3835=DIRECTION('',(0.,-1.,0.));
#3836=DIRECTION('',(4.08170229641602E-16,-1.,0.));
#3837=DIRECTION('',(1.,0.,0.));
#3838=DIRECTION('',(-0.362264150943397,0.,-0.932075471698113));
#3839=DIRECTION('',(-0.932075471698113,0.,0.362264150943397));
#3840=DIRECTION('',(0.,1.,0.));
#3841=DIRECTION('',(-0.932075471698113,-3.80445459326323E-16,0.362264150943397));
#3842=DIRECTION('',(0.,-1.,0.));
#3843=DIRECTION('',(-0.932075471698113,0.,0.362264150943396));
#3844=DIRECTION('',(0.362264150943396,0.,0.932075471698113));
#3845=DIRECTION('',(0.,-1.,0.));
#3846=DIRECTION('',(0.,-1.,0.));
#3847=DIRECTION('',(0.362264150943396,0.,0.932075471698113));
#3848=DIRECTION('',(0.932075471698113,0.,-0.362264150943396));
#3849=DIRECTION('',(0.932075471698113,3.80445459326323E-16,-0.362264150943396));
#3850=DIRECTION('',(0.,-1.,0.));
#3851=DIRECTION('',(0.,-1.,0.));
#3852=DIRECTION('',(0.932075471698113,0.,-0.362264150943398));
#3853=DIRECTION('',(-0.362264150943398,0.,-0.932075471698113));
#3854=DIRECTION('',(0.,-1.,0.));
#3855=DIRECTION('',(-0.362264150943398,-1.47865441681487E-16,-0.932075471698113));
#3856=DIRECTION('',(0.362264150943396,0.,0.932075471698113));
#3857=DIRECTION('',(0.932075471698113,0.,-0.362264150943396));
#3858=DIRECTION('',(0.,-1.,0.));
#3859=DIRECTION('',(0.932075471698113,3.80445459326323E-16,-0.362264150943396));
#3860=DIRECTION('',(0.,-1.,0.));
#3861=DIRECTION('',(0.,-1.,0.));
#3862=DIRECTION('',(0.,0.,-1.));
#3863=DIRECTION('',(-4.08170229641602E-16,1.,0.));
#3864=DIRECTION('',(1.,0.,1.69135538907739E-14));
#3865=DIRECTION('',(4.08170229641602E-16,-1.,0.));
#3866=DIRECTION('',(1.,4.08170229641602E-16,0.));
#3867=DIRECTION('',(0.,1.,0.));
#3868=DIRECTION('',(0.,0.,1.));
#3869=DIRECTION('',(4.08170229641602E-16,-1.,0.));
#3870=DIRECTION('',(1.,0.,0.));
#3871=DIRECTION('',(1.22451068892481E-15,1.,0.));
#3872=DIRECTION('',(-1.,1.22451068892481E-15,0.));
#3873=DIRECTION('',(0.,-1.,0.));
#3874=DIRECTION('',(0.,0.,-1.));
#3875=DIRECTION('',(1.22451068892481E-15,1.,0.));
#3876=DIRECTION('',(-1.,9.25185853854297E-16,0.));
#3877=DIRECTION('',(0.,-1.,0.));
#3878=DIRECTION('',(0.,0.,-1.));
#3879=DIRECTION('',(0.,-1.,0.));
#3880=DIRECTION('',(0.,0.,-1.));
#3881=DIRECTION('',(0.,1.,0.));
#3882=DIRECTION('',(0.,0.,1.));
#3883=DIRECTION('',(0.,-1.,0.));
#3884=DIRECTION('',(0.,0.,-1.));
#3885=DIRECTION('',(0.,-1.,0.));
#3886=DIRECTION('',(0.,0.,-1.));
#3887=DIRECTION('',(0.,-1.,0.));
#3888=DIRECTION('',(0.,0.,-1.));
#3889=DIRECTION('',(0.,1.,0.));
#3890=DIRECTION('',(0.,0.,1.));
#3891=DIRECTION('',(0.,1.,0.));
#3892=DIRECTION('',(0.,0.,1.));
#3893=DIRECTION('',(0.,1.,0.));
#3894=DIRECTION('',(0.,0.,1.));
#3895=DIRECTION('',(0.,-1.,0.));
#3896=DIRECTION('',(0.,0.,-1.));
#3897=DIRECTION('',(0.,-1.,0.));
#3898=DIRECTION('',(0.,0.,-1.));
#3899=DIRECTION('',(0.,-1.,0.));
#3900=DIRECTION('',(0.,0.,-1.));
#3901=DIRECTION('',(0.,0.,1.));
#3902=DIRECTION('',(0.,1.,0.));
#3903=DIRECTION('',(0.,0.,1.));
#3904=DIRECTION('',(0.,1.,0.));
#3905=DIRECTION('',(0.,0.,1.));
#3906=DIRECTION('',(0.,1.,0.));
#3907=DIRECTION('',(0.,0.,1.));
#3908=DIRECTION('',(0.,1.,0.));
#3909=DIRECTION('',(2.27765793651141E-16,0.,1.));
#3910=DIRECTION('',(1.,0.,-2.27765793651141E-16));
#3911=DIRECTION('',(-0.186014413994024,-0.882542435892629,0.431876703047484));
#3912=DIRECTION('',(-0.716437809429884,0.422629909190401,0.555068306676775));
#3913=DIRECTION('',(0.0770048908456265,-0.882542435892629,0.463884787026431));
#3914=DIRECTION('',(-0.302613255171294,0.422629909190401,0.85428869690073));
#3915=DIRECTION('',(0.315575686932349,-0.882542435892629,0.348612728777766));
#3916=DIRECTION('',(0.207288869441094,0.422629909190401,0.882278461974193));
#3917=DIRECTION('',(0.453953432169304,-0.882542435892629,0.122658592321997));
#3918=DIRECTION('',(0.651378242639097,0.422629909190401,0.630151049252569));
#3919=DIRECTION('',(0.448204170174184,-0.882542435892629,-0.142238780531808));
#3920=DIRECTION('',(0.888659626217919,0.422629909190401,0.177955130827807));
#3921=DIRECTION('',(0.300153251008096,-0.882542435892629,-0.361976345577961));
#3922=DIRECTION('',(0.843797857441424,0.422629909190401,-0.330740284263915));
#3923=DIRECTION('',(0.0568057954284655,-0.882542435892629,-0.466788978505752));
#3924=DIRECTION('',(0.531036230918039,0.422629909190401,-0.734427996001022));
#3925=DIRECTION('',(-0.204577098829132,-0.882542435892629,-0.423399408931283));
#3926=DIRECTION('',(0.0496743532008849,0.422629909190401,-0.904940008228052));
#3927=DIRECTION('',(-0.401008209681187,-0.882542435892629,-0.245583518618399));
#3928=DIRECTION('',(-0.447458780675342,0.422629909190401,-0.788139961843231));
#3929=DIRECTION('',(-0.470122047348079,-0.882542435892629,0.0102034036456029));
#3930=DIRECTION('',(-0.802526913279813,0.422629909190401,-0.421111046304048));
#3931=DIRECTION('',(-0.38997545670561,-0.882542435892629,0.262750817345931));
#3932=DIRECTION('',(-0.902798421302148,0.422629909190401,0.0796176510082018));
#3933=DIRECTION('',(-1.1667386056234E-16,-1.,3.46587042699328E-17));
#3934=DIRECTION('',(-0.220433075922611,-8.08739500648685E-18,-0.975402101207136));
#3935=DIRECTION('',(1.1667386056234E-16,1.,-3.46587042699328E-17));
#3936=DIRECTION('',(-0.220433075922611,-8.08739500648685E-18,-0.975402101207136));
#3937=DIRECTION('',(-1.1667386056234E-16,-1.,3.46587042699328E-17));
#3938=DIRECTION('',(-0.220433075922611,-8.08739500648685E-18,-0.975402101207136));
#3939=DIRECTION('',(1.1667386056234E-16,1.,-3.46587042699328E-17));
#3940=DIRECTION('',(0.220433075922611,8.08739500648685E-18,0.975402101207136));
#3941=DIRECTION('',(1.1667386056234E-16,1.,-3.46587042699328E-17));
#3942=DIRECTION('',(-0.220433075922611,-8.08739500648685E-18,-0.975402101207136));
#3943=DIRECTION('',(-1.1667386056234E-16,-1.,3.46587042699328E-17));
#3944=DIRECTION('',(0.220433075922611,8.08739500648685E-18,0.975402101207136));
#3945=DIRECTION('',(1.1667386056234E-16,1.,-3.46587042699328E-17));
#3946=DIRECTION('',(0.220433075922611,8.08739500648685E-18,0.975402101207136));
#3947=DIRECTION('',(-1.1667386056234E-16,-1.,3.46587042699328E-17));
#3948=DIRECTION('',(-0.220433075922611,-8.08739500648685E-18,-0.975402101207136));
#3949=DIRECTION('',(-1.1667386056234E-16,-1.,3.46587042699328E-17));
#3950=DIRECTION('',(-0.220433075922611,-8.08739500648685E-18,-0.975402101207136));
#3951=DIRECTION('',(1.1667386056234E-16,1.,-3.46587042699328E-17));
#3952=DIRECTION('',(0.220433075922611,8.08739500648685E-18,0.975402101207136));
#3953=DIRECTION('',(1.1667386056234E-16,1.,-3.46587042699328E-17));
#3954=DIRECTION('',(0.220433075922611,8.08739500648685E-18,0.975402101207136));
#3955=DIRECTION('',(-1.1667386056234E-16,-1.,3.46587042699328E-17));
#3956=DIRECTION('',(-0.220433075922611,-8.08739500648685E-18,-0.975402101207136));
#3957=DIRECTION('',(-1.1667386056234E-16,-1.,3.46587042699328E-17));
#3958=DIRECTION('',(-0.220433075922611,-8.08739500648685E-18,-0.975402101207136));
#3959=DIRECTION('',(1.1667386056234E-16,1.,-3.46587042699328E-17));
#3960=DIRECTION('',(0.220433075922611,8.08739500648685E-18,0.975402101207136));
#3961=DIRECTION('',(1.1667386056234E-16,1.,-3.46587042699328E-17));
#3962=DIRECTION('',(0.220433075922611,8.08739500648685E-18,0.975402101207136));
#3963=DIRECTION('',(1.1667386056234E-16,1.,-3.46587042699328E-17));
#3964=DIRECTION('',(0.220433075922611,8.08739500648685E-18,0.975402101207136));
#3965=DIRECTION('',(1.1667386056234E-16,1.,-3.46587042699328E-17));
#3966=DIRECTION('',(0.220433075922611,8.08739500648685E-18,0.975402101207136));
#3967=DIRECTION('',(-1.1667386056234E-16,-1.,3.46587042699328E-17));
#3968=DIRECTION('',(-0.220433075922611,-8.08739500648685E-18,-0.975402101207136));
#3969=DIRECTION('',(2.03341670006158E-16,-1.,8.91962544921038E-17));
#3970=DIRECTION('',(-5.55111512312578E-17,8.91962544921038E-17,1.));
#3971=DIRECTION('',(-2.03341670006158E-16,1.,-8.91962544921038E-17));
#3972=DIRECTION('',(5.55111512312578E-17,-8.91962544921038E-17,-1.));
#3973=DIRECTION('',(2.03341670006158E-16,-1.,8.91962544921038E-17));
#3974=DIRECTION('',(5.55111512312578E-17,-8.91962544921038E-17,-1.));
#3975=DIRECTION('',(-2.03341670006158E-16,1.,-8.91962544921038E-17));
#3976=DIRECTION('',(5.55111512312578E-17,-8.91962544921038E-17,-1.));
#3977=DIRECTION('',(-2.03341670006158E-16,1.,-8.91962544921038E-17));
#3978=DIRECTION('',(5.55111512312578E-17,-8.91962544921038E-17,-1.));
#3979=DIRECTION('',(2.03341670006158E-16,-1.,8.91962544921038E-17));
#3980=DIRECTION('',(5.55111512312578E-17,-8.91962544921038E-17,-1.));
#3981=DIRECTION('',(-2.03341670006158E-16,1.,-8.91962544921038E-17));
#3982=DIRECTION('',(5.55111512312578E-17,-8.91962544921038E-17,-1.));
#3983=DIRECTION('',(2.03341670006158E-16,-1.,8.91962544921038E-17));
#3984=DIRECTION('',(5.55111512312578E-17,-8.91962544921038E-17,-1.));
#3985=DIRECTION('',(-2.03341670006158E-16,1.,-8.91962544921038E-17));
#3986=DIRECTION('',(-5.55111512312578E-17,8.91962544921038E-17,1.));
#3987=DIRECTION('',(2.03341670006158E-16,-1.,8.91962544921038E-17));
#3988=DIRECTION('',(-5.55111512312578E-17,8.91962544921038E-17,1.));
#3989=DIRECTION('',(-2.03341670006158E-16,1.,-8.91962544921038E-17));
#3990=DIRECTION('',(5.55111512312578E-17,-8.91962544921038E-17,-1.));
#3991=DIRECTION('',(2.03341670006158E-16,-1.,8.91962544921038E-17));
#3992=DIRECTION('',(-5.55111512312578E-17,8.91962544921038E-17,1.));
#3993=DIRECTION('',(-2.03341670006158E-16,1.,-8.91962544921038E-17));
#3994=DIRECTION('',(5.55111512312578E-17,-8.91962544921038E-17,-1.));
#3995=DIRECTION('',(-2.03341670006158E-16,1.,-8.91962544921038E-17));
#3996=DIRECTION('',(5.55111512312578E-17,-8.91962544921038E-17,-1.));
#3997=DIRECTION('',(-2.03341670006158E-16,1.,-8.91962544921038E-17));
#3998=DIRECTION('',(5.55111512312578E-17,-8.91962544921038E-17,-1.));
#3999=DIRECTION('',(-2.03341670006158E-16,1.,-8.91962544921038E-17));
#4000=DIRECTION('',(5.55111512312578E-17,-8.91962544921038E-17,-1.));
#4001=DIRECTION('',(0.,1.,0.));
#4002=DIRECTION('',(0.,0.,1.));
#4003=DIRECTION('',(0.,1.,0.));
#4004=DIRECTION('',(0.,0.,1.));
#4005=DIRECTION('',(0.,1.,0.));
#4006=DIRECTION('',(0.,0.,1.));
#4007=DIRECTION('',(0.,1.,0.));
#4008=DIRECTION('',(0.,0.,1.));
#4009=DIRECTION('',(0.,1.,0.));
#4010=DIRECTION('',(0.,0.,1.));
#4011=DIRECTION('',(0.,1.,0.));
#4012=DIRECTION('',(0.,0.,1.));
#4013=DIRECTION('',(0.,1.,0.));
#4014=DIRECTION('',(0.,0.,1.));
#4015=DIRECTION('',(0.,1.,0.));
#4016=DIRECTION('',(0.,0.,1.));
#4017=DIRECTION('',(0.,1.,0.));
#4018=DIRECTION('',(0.,0.,1.));
#4019=DIRECTION('',(0.,1.,0.));
#4020=DIRECTION('',(0.,0.,1.));
#4021=DIRECTION('',(0.,1.,0.));
#4022=DIRECTION('',(0.,0.,1.));
#4023=DIRECTION('',(0.,1.,0.));
#4024=DIRECTION('',(0.,0.,1.));
#4025=DIRECTION('',(0.,1.,0.));
#4026=DIRECTION('',(0.,0.,1.));
#4027=DIRECTION('',(0.,1.,0.));
#4028=DIRECTION('',(0.,0.,1.));
#4029=DIRECTION('',(0.,1.,0.));
#4030=DIRECTION('',(0.,0.,1.));
#4031=DIRECTION('',(0.,1.,0.));
#4032=DIRECTION('',(0.,0.,1.));
#4033=DIRECTION('',(0.,1.,0.));
#4034=DIRECTION('',(0.,0.,1.));
#4035=DIRECTION('',(0.,1.,0.));
#4036=DIRECTION('',(0.,0.,1.));
#4037=DIRECTION('',(0.,1.,0.));
#4038=DIRECTION('',(0.,0.,1.));
#4039=DIRECTION('',(0.,1.,0.));
#4040=DIRECTION('',(0.,0.,1.));
#4041=DIRECTION('',(1.70002900645727E-16,0.,1.));
#4042=DIRECTION('',(1.,0.,-1.70002900645727E-16));
#4043=DIRECTION('',(-2.28983498828939E-16,0.,-1.));
#4044=DIRECTION('',(1.,0.,-2.28983498828939E-16));
#4045=DIRECTION('',(0.,-1.,0.));
#4046=DIRECTION('',(0.,0.,-1.));
#4047=DIRECTION('',(0.,0.,-1.));
#4048=DIRECTION('',(1.,0.,0.));
#4049=DIRECTION('',(0.,-1.,0.));
#4050=DIRECTION('',(0.,0.,-1.));
#4051=DIRECTION('',(1.,0.,0.));
#4052=DIRECTION('',(-1.,0.,0.));
#4053=DIRECTION('',(0.,0.,1.));
#4054=DIRECTION('',(-1.,0.,0.));
#4055=DIRECTION('',(0.,0.,1.));
#4056=DIRECTION('',(0.,0.,-1.));
#4057=DIRECTION('',(-1.,0.,0.));
#4058=DIRECTION('',(0.,0.,1.));
#4059=DIRECTION('',(0.,1.,0.));
#4060=DIRECTION('',(0.,0.,1.));
#4061=DIRECTION('',(1.,0.,0.));
#4062=DIRECTION('',(0.,1.,0.));
#4063=DIRECTION('',(0.,0.,1.));
#4064=DIRECTION('',(1.,0.,0.));
#4065=DIRECTION('',(1.,0.,0.));
#4066=DIRECTION('',(0.,0.,-1.));
#4067=DIRECTION('',(1.,0.,0.));
#4068=DIRECTION('',(0.,0.,-1.));
#4069=DIRECTION('',(1.,0.,0.));
#4070=DIRECTION('',(0.,0.,-1.));
#4071=DIRECTION('',(1.,0.,0.));
#4072=DIRECTION('',(0.,0.,-1.));
#4073=DIRECTION('',(1.,0.,0.));
#4074=DIRECTION('',(0.,0.,-1.));
#4075=DIRECTION('',(1.,0.,0.));
#4076=DIRECTION('',(0.,0.,-1.));
#4077=DIRECTION('',(-1.,0.,0.));
#4078=DIRECTION('',(0.,0.,1.));
#4079=DIRECTION('',(1.,0.,0.));
#4080=DIRECTION('',(0.,0.,-1.));
#4081=DIRECTION('',(-1.,0.,0.));
#4082=DIRECTION('',(0.,0.,1.));
#4083=DIRECTION('',(1.,0.,0.));
#4084=DIRECTION('',(0.,0.,-1.));
#4085=DIRECTION('',(1.,0.,0.));
#4086=DIRECTION('',(0.,0.,-1.));
#4087=DIRECTION('',(1.,0.,0.));
#4088=DIRECTION('',(0.,0.,-1.));
#4089=DIRECTION('',(-1.,0.,0.));
#4090=DIRECTION('',(0.,0.,1.));
#4091=DIRECTION('',(1.,0.,0.));
#4092=DIRECTION('',(0.,0.,-1.));
#4093=DIRECTION('',(1.,0.,0.));
#4094=DIRECTION('',(0.,0.,-1.));
#4095=DIRECTION('',(1.,0.,0.));
#4096=DIRECTION('',(0.,0.,-1.));
#4097=DIRECTION('',(1.,0.,0.));
#4098=DIRECTION('',(0.,0.,-1.));
#4099=DIRECTION('',(1.,0.,0.));
#4100=DIRECTION('',(0.,0.,-1.));
#4101=DIRECTION('',(1.,0.,0.));
#4102=DIRECTION('',(0.,0.,-1.));
#4103=DIRECTION('',(1.,0.,0.));
#4104=DIRECTION('',(0.,1.,0.));
#4105=DIRECTION('',(1.,0.,0.));
#4106=DIRECTION('',(0.,1.,0.));
#4107=DIRECTION('',(-1.11022302462516E-16,1.,4.25269828311634E-17));
#4108=DIRECTION('',(-2.69087865472869E-16,4.25269828311634E-17,-1.));
#4109=DIRECTION('',(-8.32667268468867E-17,1.,2.8649195023349E-17));
#4110=DIRECTION('',(-2.69087865472869E-16,2.86491950233489E-17,-1.));
#4111=DIRECTION('',(-8.32667268468867E-17,1.,2.8649195023349E-17));
#4112=DIRECTION('',(-2.69087865472869E-16,2.86491950233489E-17,-1.));
#4113=DIRECTION('',(-8.32667268468867E-17,1.,2.8649195023349E-17));
#4114=DIRECTION('',(-2.69087865472869E-16,2.86491950233489E-17,-1.));
#4115=DIRECTION('',(-8.32667268468867E-17,1.,2.8649195023349E-17));
#4116=DIRECTION('',(-2.69087865472869E-16,2.86491950233489E-17,-1.));
#4117=DIRECTION('',(-8.32667268468867E-17,1.,2.8649195023349E-17));
#4118=DIRECTION('',(-2.69087865472869E-16,2.86491950233489E-17,-1.));
#4119=DIRECTION('',(-8.32667268468867E-17,1.,2.8649195023349E-17));
#4120=DIRECTION('',(-2.69087865472869E-16,2.86491950233489E-17,-1.));
#4121=DIRECTION('',(-8.32667268468867E-17,1.,2.8649195023349E-17));
#4122=DIRECTION('',(-2.69087865472869E-16,2.86491950233489E-17,-1.));
#4123=CARTESIAN_POINT('',(0.,0.,0.));
#4124=CARTESIAN_POINT('',(2.68333333333333,-82.0333333333334,0.));
#4125=CARTESIAN_POINT('',(0.,-82.0333333333334,0.));
#4126=CARTESIAN_POINT('',(0.,-82.0333333333334,-2.68333333333333));
#4127=CARTESIAN_POINT('',(3.14333333333334,0.383333333333334,0.));
#4128=CARTESIAN_POINT('',(2.2165911081926E-16,0.383333333333336,0.));
#4129=CARTESIAN_POINT('',(4.6,0.383333333333333,0.));
#4130=CARTESIAN_POINT('',(2.2165911081926E-16,0.383333333333335,0.));
#4131=CARTESIAN_POINT('',(3.14333333333334,0.383333333333333,0.));
#4132=CARTESIAN_POINT('',(5.75,2.3,0.));
#4133=CARTESIAN_POINT('',(0.,2.3,0.));
#4134=CARTESIAN_POINT('',(0.,2.3,5.67333333333334));
#4135=CARTESIAN_POINT('',(0.,0.,0.));
#4136=CARTESIAN_POINT('',(1.78840581270659E-30,3.09283728064997E-15,0.));
#4137=CARTESIAN_POINT('',(5.36666666666667,-1.03902708196529E-17,0.));
#4138=CARTESIAN_POINT('',(0.,0.,0.));
#4139=CARTESIAN_POINT('',(0.,0.,-5.67333333333334));
#4140=CARTESIAN_POINT('',(0.,0.,0.));
#4141=CARTESIAN_POINT('',(0.,0.0766666666666667,0.));
#4142=CARTESIAN_POINT('',(0.,0.0766666666666667,-5.75));
#4143=CARTESIAN_POINT('',(0.,2.22333333333333,0.));
#4144=CARTESIAN_POINT('',(0.,2.22333333333333,5.75));
#4145=CARTESIAN_POINT('',(0.,0.0766666666666698,0.));
#4146=CARTESIAN_POINT('',(5.09632622073842E-18,0.00881349614157161,0.));
#4147=CARTESIAN_POINT('',(5.33097738217581,0.00881349614156852,0.));
#4148=CARTESIAN_POINT('',(5.09632622073842E-18,0.00881349614157161,0.));
#4149=CARTESIAN_POINT('',(2.16562784598523E-16,0.374519837191767,0.));
#4150=CARTESIAN_POINT('',(4.63568928449086,0.374519837191765,0.));
#4151=CARTESIAN_POINT('',(0.,0.306666666666669,0.));
#4152=CARTESIAN_POINT('',(0.,0.306666666666668,0.));
#4153=CARTESIAN_POINT('',(1.77327288655408E-16,0.306666666666668,0.));
#4154=CARTESIAN_POINT('',(3.06666666666667,0.306666666666666,0.));
#4155=CARTESIAN_POINT('',(0.,-79.7333333333334,0.));
#4156=CARTESIAN_POINT('',(0.,-79.7333333333334,0.));
#4157=CARTESIAN_POINT('',(0.,-79.7333333333334,-3.06666666666667));
#4158=CARTESIAN_POINT('',(0.,-80.8833333333334,0.));
#4159=CARTESIAN_POINT('',(0.,-80.8833333333334,0.));
#4160=CARTESIAN_POINT('',(0.,-80.8833333333334,-2.68333333333333));
#4161=CARTESIAN_POINT('',(0.,-82.0333333333334,0.));
#4162=CARTESIAN_POINT('',(0.,2.22333333333333,0.));
#4163=CARTESIAN_POINT('',(0.,0.0766666666666667,0.));
#4164=CARTESIAN_POINT('',(-7.04593067069557E-17,57.,5.56884175909905E-16));
#4165=CARTESIAN_POINT('',(1.91666666666667,0.,0.));
#4166=CARTESIAN_POINT('',(0.,0.,0.));
#4167=CARTESIAN_POINT('',(0.,0.,-1.91666666666667));
#4168=CARTESIAN_POINT('',(0.,0.,0.));
#4169=CARTESIAN_POINT('',(0.,0.,-5.67333333333334));
#4170=CARTESIAN_POINT('',(4.21666666666667,1.91666666666667,0.));
#4171=CARTESIAN_POINT('',(0.,1.91666666666667,0.));
#4172=CARTESIAN_POINT('',(0.,1.91666666666667,-4.21666666666667));
#4173=CARTESIAN_POINT('',(0.,1.91666666666667,0.));
#4174=CARTESIAN_POINT('',(0.,1.91666666666667,-3.1625));
#4175=CARTESIAN_POINT('',(5.75,2.3,0.));
#4176=CARTESIAN_POINT('',(0.,2.3,0.));
#4177=CARTESIAN_POINT('',(0.,2.3,-4.6));
#4178=CARTESIAN_POINT('',(0.,2.3,0.));
#4179=CARTESIAN_POINT('',(0.,2.3,5.67333333333334));
#4180=CARTESIAN_POINT('',(0.,0.,0.));
#4181=CARTESIAN_POINT('',(0.,0.0766666666666667,0.));
#4182=CARTESIAN_POINT('',(0.,0.0766666666666667,-5.75));
#4183=CARTESIAN_POINT('',(0.,2.22333333333333,0.));
#4184=CARTESIAN_POINT('',(0.,2.22333333333333,5.75));
#4185=CARTESIAN_POINT('',(0.,2.3,0.));
#4186=CARTESIAN_POINT('',(0.,0.,0.));
#4187=CARTESIAN_POINT('',(0.,6.51666666666667,0.));
#4188=CARTESIAN_POINT('',(0.,6.51666666666667,-3.1625));
#4189=CARTESIAN_POINT('',(0.,6.51666666666667,0.));
#4190=CARTESIAN_POINT('',(0.,7.28333333333334,0.));
#4191=CARTESIAN_POINT('',(0.,7.28333333333334,-2.77916666666667));
#4192=CARTESIAN_POINT('',(0.,7.28333333333334,0.));
#4193=CARTESIAN_POINT('',(0.,6.9,0.));
#4194=CARTESIAN_POINT('',(0.,6.9,-1.91666666666667));
#4195=CARTESIAN_POINT('',(0.,0.,0.));
#4196=CARTESIAN_POINT('',(0.,2.22333333333333,0.));
#4197=CARTESIAN_POINT('',(0.,0.0766666666666667,0.));
#4198=CARTESIAN_POINT('',(5.77340885469219E-31,-60.,-2.88454498027597E-32));
#4199=CARTESIAN_POINT('',(-18.4,-8.43333333333333,-3.60333333333334));
#4200=CARTESIAN_POINT('',(-18.4,-8.43333333333333,-2.83666666666667));
#4201=CARTESIAN_POINT('',(-18.9554716981132,-8.43333333333334,-1.40748427672956));
#4202=CARTESIAN_POINT('',(-18.4,-8.43333333333333,-1.30333333333333));
#4203=CARTESIAN_POINT('',(-18.4,-8.43333333333333,-3.60333333333334));
#4204=CARTESIAN_POINT('',(-18.4,-8.43333333333333,1.30333333333333));
#4205=CARTESIAN_POINT('',(-18.4,-8.43333333333333,-2.83666666666667));
#4206=CARTESIAN_POINT('',(-19.8997735849057,-8.43333333333334,1.02212578616352));
#4207=CARTESIAN_POINT('',(-24.5446163522013,-8.43333333333333,-0.783157232704409));
#4208=CARTESIAN_POINT('',(-24.5446163522013,-8.43333333333333,-0.783157232704404));
#4209=CARTESIAN_POINT('',(-25.6833333333334,-8.43333333333333,2.14666666666667));
#4210=CARTESIAN_POINT('',(-22.7535094339623,-8.43333333333333,3.28538364779874));
#4211=CARTESIAN_POINT('',(-22.7535094339623,-8.43333333333333,3.28538364779875));
#4212=CARTESIAN_POINT('',(-21.8925283018868,-8.43333333333333,1.07015094339622));
#4213=CARTESIAN_POINT('',(-19.4629182389937,-8.43333333333333,2.01445283018867));
#4214=CARTESIAN_POINT('',(-19.4629182389937,-8.43333333333333,2.01445283018868));
#4215=CARTESIAN_POINT('',(-20.3238993710692,-8.43333333333333,4.2296855345912));
#4216=CARTESIAN_POINT('',(-20.3238993710692,-8.43333333333333,4.2296855345912));
#4217=CARTESIAN_POINT('',(-25.6833333333334,-8.43333333333333,2.14666666666667));
#4218=CARTESIAN_POINT('',(-23.6003144654088,-8.43333333333333,-3.21276729559749));
#4219=CARTESIAN_POINT('',(-23.6003144654088,-8.43333333333333,-3.21276729559749));
#4220=CARTESIAN_POINT('',(-18.4,-32.0466666666667,-3.60333333333334));
#4221=CARTESIAN_POINT('',(-18.4,-32.0466666666667,-2.83666666666667));
#4222=CARTESIAN_POINT('',(-18.4,-32.0466666666667,-1.30333333333333));
#4223=CARTESIAN_POINT('',(-18.9554716981132,-32.0466666666667,-1.40748427672956));
#4224=CARTESIAN_POINT('',(-23.6003144654088,-32.0466666666667,-3.21276729559749));
#4225=CARTESIAN_POINT('',(-23.6003144654088,-32.0466666666667,-3.21276729559749));
#4226=CARTESIAN_POINT('',(-25.6833333333334,-32.0466666666667,2.14666666666667));
#4227=CARTESIAN_POINT('',(-20.3238993710692,-32.0466666666667,4.2296855345912));
#4228=CARTESIAN_POINT('',(-20.3238993710692,-32.0466666666667,4.2296855345912));
#4229=CARTESIAN_POINT('',(-19.4629182389937,-32.0466666666667,2.01445283018868));
#4230=CARTESIAN_POINT('',(-19.4629182389937,-32.0466666666667,2.01445283018868));
#4231=CARTESIAN_POINT('',(-21.8925283018868,-32.0466666666667,1.07015094339622));
#4232=CARTESIAN_POINT('',(-22.7535094339623,-32.0466666666667,3.28538364779874));
#4233=CARTESIAN_POINT('',(-22.7535094339623,-32.0466666666667,3.28538364779874));
#4234=CARTESIAN_POINT('',(-25.6833333333334,-32.0466666666667,2.14666666666667));
#4235=CARTESIAN_POINT('',(-24.5446163522013,-32.0466666666667,-0.783157232704404));
#4236=CARTESIAN_POINT('',(-24.5446163522013,-32.0466666666667,-0.783157232704405));
#4237=CARTESIAN_POINT('',(-19.8997735849057,-32.0466666666667,1.02212578616352));
#4238=CARTESIAN_POINT('',(-18.4,-32.0466666666667,-2.83666666666667));
#4239=CARTESIAN_POINT('',(-18.4,-32.0466666666667,1.30333333333333));
#4240=CARTESIAN_POINT('',(-18.4,-32.0466666666667,-3.60333333333334));
#4241=CARTESIAN_POINT('',(-18.4,-32.0466666666667,-3.60333333333334));
#4242=CARTESIAN_POINT('',(-18.4,43.7,-1.30333333333333));
#4243=CARTESIAN_POINT('',(-18.4,2.07265662064762E-15,1.30333333333333));
#4244=CARTESIAN_POINT('',(-18.4,32.0466666666667,-3.60333333333334));
#4245=CARTESIAN_POINT('',(-18.4,32.0466666666667,-3.60333333333334));
#4246=CARTESIAN_POINT('',(-18.4,32.0466666666667,-1.30333333333334));
#4247=CARTESIAN_POINT('',(-18.4,32.0466666666667,1.30333333333333));
#4248=CARTESIAN_POINT('',(-18.4,32.0466666666667,-2.83666666666667));
#4249=CARTESIAN_POINT('',(-19.8997735849057,32.0466666666667,1.02212578616352));
#4250=CARTESIAN_POINT('',(-24.5446163522013,32.0466666666667,-0.783157232704405));
#4251=CARTESIAN_POINT('',(-24.5446163522013,32.0466666666667,-0.783157232704404));
#4252=CARTESIAN_POINT('',(-25.6833333333334,32.0466666666667,2.14666666666667));
#4253=CARTESIAN_POINT('',(-22.7535094339623,32.0466666666667,3.28538364779874));
#4254=CARTESIAN_POINT('',(-22.7535094339623,32.0466666666667,3.28538364779874));
#4255=CARTESIAN_POINT('',(-21.8925283018868,32.0466666666667,1.07015094339622));
#4256=CARTESIAN_POINT('',(-19.4629182389937,32.0466666666667,2.01445283018868));
#4257=CARTESIAN_POINT('',(-19.4629182389937,32.0466666666667,2.01445283018868));
#4258=CARTESIAN_POINT('',(-20.3238993710692,32.0466666666667,4.2296855345912));
#4259=CARTESIAN_POINT('',(-20.3238993710692,32.0466666666667,4.2296855345912));
#4260=CARTESIAN_POINT('',(-25.6833333333334,32.0466666666667,2.14666666666667));
#4261=CARTESIAN_POINT('',(-23.6003144654088,32.0466666666667,-3.21276729559749));
#4262=CARTESIAN_POINT('',(-23.6003144654088,32.0466666666667,-3.21276729559749));
#4263=CARTESIAN_POINT('',(-18.9554716981132,32.0466666666667,-1.40748427672956));
#4264=CARTESIAN_POINT('',(-18.4,32.0466666666667,-2.83666666666667));
#4265=CARTESIAN_POINT('',(-18.4,8.43333333333333,-3.60333333333334));
#4266=CARTESIAN_POINT('',(-23.6003144654088,8.43333333333333,-3.21276729559748));
#4267=CARTESIAN_POINT('',(-23.6003144654088,8.43333333333333,-3.21276729559749));
#4268=CARTESIAN_POINT('',(-18.9554716981132,8.43333333333334,-1.40748427672956));
#4269=CARTESIAN_POINT('',(-25.6833333333334,8.43333333333333,2.14666666666667));
#4270=CARTESIAN_POINT('',(-20.3238993710692,8.43333333333334,4.2296855345912));
#4271=CARTESIAN_POINT('',(-20.3238993710692,8.43333333333333,4.22968553459119));
#4272=CARTESIAN_POINT('',(-19.4629182389937,8.43333333333333,2.01445283018868));
#4273=CARTESIAN_POINT('',(-19.4629182389937,8.43333333333333,2.01445283018868));
#4274=CARTESIAN_POINT('',(-21.8925283018868,8.43333333333333,1.07015094339622));
#4275=CARTESIAN_POINT('',(-22.7535094339623,8.43333333333333,3.28538364779874));
#4276=CARTESIAN_POINT('',(-22.7535094339623,8.43333333333333,3.28538364779874));
#4277=CARTESIAN_POINT('',(-25.6833333333334,8.43333333333333,2.14666666666667));
#4278=CARTESIAN_POINT('',(-24.5446163522013,8.43333333333333,-0.783157232704404));
#4279=CARTESIAN_POINT('',(-24.5446163522013,8.43333333333333,-0.783157232704401));
#4280=CARTESIAN_POINT('',(-19.8997735849057,8.43333333333334,1.02212578616352));
#4281=CARTESIAN_POINT('',(-18.4,8.43333333333333,-2.83666666666667));
#4282=CARTESIAN_POINT('',(-18.4,8.43333333333333,1.30333333333333));
#4283=CARTESIAN_POINT('',(-18.4,8.43333333333333,-3.60333333333334));
#4284=CARTESIAN_POINT('',(-18.4,8.43333333333333,-1.30333333333334));
#4285=CARTESIAN_POINT('',(-18.4,8.43333333333333,-2.83666666666667));
#4286=CARTESIAN_POINT('',(-18.4,32.0466666666667,-3.60333333333334));
#4287=CARTESIAN_POINT('',(-18.4,43.7,1.30333333333333));
#4288=CARTESIAN_POINT('',(-18.4,61.0815355414238,-1.30333333333334));
#4289=CARTESIAN_POINT('',(-20.3238993710692,61.0815355414238,4.2296855345912));
#4290=CARTESIAN_POINT('',(-20.3238993710692,61.0815355414238,4.2296855345912));
#4291=CARTESIAN_POINT('',(-20.3238993710692,62.5,4.2296855345912));
#4292=CARTESIAN_POINT('',(-19.4629182389937,61.0815355414238,2.01445283018868));
#4293=CARTESIAN_POINT('',(-19.4629182389937,62.5,2.01445283018868));
#4294=CARTESIAN_POINT('',(-20.3238993710692,62.5,4.2296855345912));
#4295=CARTESIAN_POINT('',(-19.4629182389937,61.0815355414238,2.01445283018868));
#4296=CARTESIAN_POINT('',(-21.8925283018868,61.0815355414238,1.07015094339622));
#4297=CARTESIAN_POINT('',(-21.8925283018868,62.5,1.07015094339622));
#4298=CARTESIAN_POINT('',(-19.4629182389937,62.5,2.01445283018868));
#4299=CARTESIAN_POINT('',(-22.7535094339623,61.0815355414238,3.28538364779874));
#4300=CARTESIAN_POINT('',(-22.7535094339623,61.0815355414238,3.28538364779874));
#4301=CARTESIAN_POINT('',(-22.7535094339623,62.5,3.28538364779874));
#4302=CARTESIAN_POINT('',(-22.7535094339623,62.5,3.28538364779874));
#4303=CARTESIAN_POINT('',(-24.5446163522013,61.0815355414238,-0.783157232704405));
#4304=CARTESIAN_POINT('',(-24.5446163522013,61.0815355414238,-0.783157232704405));
#4305=CARTESIAN_POINT('',(-24.5446163522013,62.5,-0.783157232704405));
#4306=CARTESIAN_POINT('',(-19.8997735849057,61.0815355414238,1.02212578616352));
#4307=CARTESIAN_POINT('',(-19.8997735849057,62.5,1.02212578616352));
#4308=CARTESIAN_POINT('',(-24.5446163522013,62.5,-0.783157232704405));
#4309=CARTESIAN_POINT('',(-18.4,61.0815355414238,-2.83666666666667));
#4310=CARTESIAN_POINT('',(-18.4,43.7,1.30333333333333));
#4311=CARTESIAN_POINT('',(-18.4,62.5,1.30333333333333));
#4312=CARTESIAN_POINT('',(-18.4,62.5,-2.83666666666667));
#4313=CARTESIAN_POINT('',(-18.4,61.0815355414238,-2.83666666666667));
#4314=CARTESIAN_POINT('',(-18.4,43.7,-1.30333333333333));
#4315=CARTESIAN_POINT('',(-18.4,62.5,-1.30333333333333));
#4316=CARTESIAN_POINT('',(-18.9554716981132,61.0815355414238,-1.40748427672956));
#4317=CARTESIAN_POINT('',(-18.9554716981132,62.5,-1.40748427672956));
#4318=CARTESIAN_POINT('',(-18.4,62.5,-2.83666666666667));
#4319=CARTESIAN_POINT('',(-23.6003144654088,61.0815355414238,-3.21276729559749));
#4320=CARTESIAN_POINT('',(-23.6003144654088,61.0815355414238,-3.21276729559749));
#4321=CARTESIAN_POINT('',(-23.6003144654088,62.5,-3.21276729559749));
#4322=CARTESIAN_POINT('',(-23.6003144654088,62.5,-3.21276729559749));
#4323=CARTESIAN_POINT('',(0.,0.,-1.30333333333333));
#4324=CARTESIAN_POINT('',(-8.17999999999999,-52.5,-1.30333333333333));
#4325=CARTESIAN_POINT('',(-4.48666666666665,-52.5,-1.30333333333333));
#4326=CARTESIAN_POINT('',(-8.17999999999999,22.5,-1.30333333333333));
#4327=CARTESIAN_POINT('',(-4.48666666666666,22.5,-1.30333333333333));
#4328=CARTESIAN_POINT('',(1.82000000000001,-22.5,-1.30333333333333));
#4329=CARTESIAN_POINT('',(5.51333333333334,-22.5,-1.30333333333333));
#4330=CARTESIAN_POINT('',(1.82,52.5,-1.30333333333333));
#4331=CARTESIAN_POINT('',(5.51333333333333,52.5,-1.30333333333333));
#4332=CARTESIAN_POINT('',(11.82,43.7,-1.30333333333333));
#4333=CARTESIAN_POINT('',(11.82,-62.5,-1.30333333333333));
#4334=CARTESIAN_POINT('',(11.82,62.5,-1.30333333333333));
#4335=CARTESIAN_POINT('',(-18.4,-62.5,-1.30333333333333));
#4336=CARTESIAN_POINT('',(-18.4,-62.5,-1.30333333333333));
#4337=CARTESIAN_POINT('',(-18.4,43.7,-1.30333333333333));
#4338=CARTESIAN_POINT('',(-18.4,43.7,-1.30333333333333));
#4339=CARTESIAN_POINT('',(-18.4,62.5,-1.30333333333333));
#4340=CARTESIAN_POINT('',(0.,0.,1.30333333333333));
#4341=CARTESIAN_POINT('',(-8.17999999999999,-52.5,1.30333333333333));
#4342=CARTESIAN_POINT('',(-8.17999999999999,-46.2,1.30333333333333));
#4343=CARTESIAN_POINT('',(-8.17999999999999,22.5,1.30333333333333));
#4344=CARTESIAN_POINT('',(-8.17999999999999,28.8,1.30333333333333));
#4345=CARTESIAN_POINT('',(1.82000000000001,-22.5,1.30333333333333));
#4346=CARTESIAN_POINT('',(1.82000000000001,-16.2,1.30333333333333));
#4347=CARTESIAN_POINT('',(1.82,52.5,1.30333333333333));
#4348=CARTESIAN_POINT('',(1.82,58.8,1.30333333333333));
#4349=CARTESIAN_POINT('',(11.82,43.7,1.30333333333333));
#4350=CARTESIAN_POINT('',(11.82,-62.5,1.30333333333333));
#4351=CARTESIAN_POINT('',(11.82,62.5,1.30333333333333));
#4352=CARTESIAN_POINT('',(-18.4,62.5,1.30333333333333));
#4353=CARTESIAN_POINT('',(-18.4,43.7,1.30333333333333));
#4354=CARTESIAN_POINT('',(-18.4,43.7,1.30333333333333));
#4355=CARTESIAN_POINT('',(-18.4,-62.5,1.30333333333333));
#4356=CARTESIAN_POINT('',(-18.4,-62.5,1.30333333333333));
#4357=CARTESIAN_POINT('',(-18.4,-62.5,1.30333333333333));
#4358=CARTESIAN_POINT('',(11.82,-62.5,1.30333333333333));
#4359=CARTESIAN_POINT('',(-18.4,-62.5,-2.83666666666667));
#4360=CARTESIAN_POINT('',(-19.8997735849057,-62.5,1.02212578616352));
#4361=CARTESIAN_POINT('',(-24.5446163522013,-62.5,-0.783157232704405));
#4362=CARTESIAN_POINT('',(-24.5446163522013,-62.5,-0.783157232704404));
#4363=CARTESIAN_POINT('',(-25.6833333333334,-62.5,2.14666666666667));
#4364=CARTESIAN_POINT('',(-22.7535094339623,-62.5,3.28538364779874));
#4365=CARTESIAN_POINT('',(-22.7535094339623,-62.5,3.28538364779874));
#4366=CARTESIAN_POINT('',(-21.8925283018868,-62.5,1.07015094339622));
#4367=CARTESIAN_POINT('',(-19.4629182389937,-62.5,2.01445283018868));
#4368=CARTESIAN_POINT('',(-19.4629182389937,-62.5,2.01445283018868));
#4369=CARTESIAN_POINT('',(-20.3238993710692,-62.5,4.2296855345912));
#4370=CARTESIAN_POINT('',(-20.3238993710692,-62.5,4.2296855345912));
#4371=CARTESIAN_POINT('',(-25.6833333333334,-62.5,2.14666666666667));
#4372=CARTESIAN_POINT('',(-23.6003144654088,-62.5,-3.21276729559749));
#4373=CARTESIAN_POINT('',(-23.6003144654088,-62.5,-3.21276729559749));
#4374=CARTESIAN_POINT('',(-18.9554716981132,-62.5,-1.40748427672956));
#4375=CARTESIAN_POINT('',(-18.4,-62.5,-2.83666666666667));
#4376=CARTESIAN_POINT('',(-18.4,62.5,1.30333333333333));
#4377=CARTESIAN_POINT('',(-25.6833333333334,62.5,2.14666666666667));
#4378=CARTESIAN_POINT('',(-25.6833333333334,62.5,2.14666666666667));
#4379=CARTESIAN_POINT('',(11.82,62.5,1.30333333333333));
#4380=CARTESIAN_POINT('',(11.82,43.7,1.30333333333333));
#4381=CARTESIAN_POINT('',(-20.3238993710692,61.0815355414238,4.2296855345912));
#4382=CARTESIAN_POINT('',(-19.4629182389937,61.0815355414238,2.01445283018868));
#4383=CARTESIAN_POINT('',(-20.3238993710692,61.0815355414238,4.2296855345912));
#4384=CARTESIAN_POINT('',(-20.3238993710692,61.0815355414238,4.2296855345912));
#4385=CARTESIAN_POINT('',(-20.3238993710692,61.0815355414238,4.2296855345912));
#4386=CARTESIAN_POINT('',(-19.4629182389937,61.0815355414238,2.01445283018868));
#4387=CARTESIAN_POINT('',(-19.4629182389937,61.0815355414238,2.01445283018868));
#4388=CARTESIAN_POINT('',(-21.8925283018868,61.0815355414238,1.07015094339622));
#4389=CARTESIAN_POINT('',(-19.4629182389937,61.0815355414238,2.01445283018868));
#4390=CARTESIAN_POINT('',(-21.8925283018868,61.0815355414238,1.07015094339622));
#4391=CARTESIAN_POINT('',(-22.7535094339623,61.0815355414238,3.28538364779874));
#4392=CARTESIAN_POINT('',(-22.7535094339623,61.0815355414238,3.28538364779874));
#4393=CARTESIAN_POINT('',(-22.7535094339623,61.0815355414238,3.28538364779874));
#4394=CARTESIAN_POINT('',(-22.7535094339623,61.0815355414238,3.28538364779874));
#4395=CARTESIAN_POINT('',(-24.5446163522013,61.0815355414238,-0.783157232704405));
#4396=CARTESIAN_POINT('',(-19.8997735849057,61.0815355414238,1.02212578616352));
#4397=CARTESIAN_POINT('',(-24.5446163522013,61.0815355414238,-0.783157232704405));
#4398=CARTESIAN_POINT('',(-24.5446163522013,61.0815355414238,-0.783157232704405));
#4399=CARTESIAN_POINT('',(-24.5446163522013,61.0815355414238,-0.783157232704405));
#4400=CARTESIAN_POINT('',(-19.8997735849057,61.0815355414238,1.02212578616352));
#4401=CARTESIAN_POINT('',(-18.4,61.0815355414238,-2.83666666666667));
#4402=CARTESIAN_POINT('',(-18.4,61.0815355414238,-2.83666666666667));
#4403=CARTESIAN_POINT('',(-18.4,61.0815355414238,-2.83666666666667));
#4404=CARTESIAN_POINT('',(-18.9554716981132,61.0815355414238,-1.40748427672956));
#4405=CARTESIAN_POINT('',(-18.4,61.0815355414238,-2.83666666666667));
#4406=CARTESIAN_POINT('',(-18.9554716981132,61.0815355414238,-1.40748427672956));
#4407=CARTESIAN_POINT('',(-23.6003144654088,61.0815355414238,-3.21276729559749));
#4408=CARTESIAN_POINT('',(-23.6003144654088,61.0815355414238,-3.21276729559749));
#4409=CARTESIAN_POINT('',(-23.6003144654088,61.0815355414238,-3.21276729559749));
#4410=CARTESIAN_POINT('',(-23.6003144654088,61.0815355414238,-3.21276729559749));
#4411=CARTESIAN_POINT('',(-25.6833333333334,61.0815355414238,2.14666666666667));
#4412=CARTESIAN_POINT('',(-25.6833333333334,61.0815355414238,2.14666666666667));
#4413=CARTESIAN_POINT('',(-25.6833333333334,61.0815355414238,2.14666666666667));
#4414=CARTESIAN_POINT('',(-25.6833333333334,61.0815355414238,2.14666666666667));
#4415=CARTESIAN_POINT('',(-25.6833333333334,61.0815355414238,2.14666666666667));
#4416=CARTESIAN_POINT('',(-25.6833333333334,61.0815355414238,2.14666666666667));
#4417=CARTESIAN_POINT('',(1.82,52.5,1.30333333333333));
#4418=CARTESIAN_POINT('',(1.82000000000001,-22.5,1.30333333333333));
#4419=CARTESIAN_POINT('',(-8.17999999999999,22.5,1.30333333333333));
#4420=CARTESIAN_POINT('',(-8.17999999999999,-52.5,1.30333333333333));
#4421=CARTESIAN_POINT('',(25.6833333333334,-3.2,-2.14666666666667));
#4422=CARTESIAN_POINT('',(18.4,43.7,-3.60333333333333));
#4423=CARTESIAN_POINT('',(18.4,62.5,-3.60333333333333));
#4424=CARTESIAN_POINT('',(18.4,62.5,-1.30333333333334));
#4425=CARTESIAN_POINT('',(18.4,62.5,1.30333333333333));
#4426=CARTESIAN_POINT('',(18.4,43.7,1.30333333333333));
#4427=CARTESIAN_POINT('',(18.4,26.0666666666667,1.30333333333333));
#4428=CARTESIAN_POINT('',(18.4,26.0666666666667,-3.60333333333333));
#4429=CARTESIAN_POINT('',(18.4,26.0666666666667,-1.30333333333334));
#4430=CARTESIAN_POINT('',(18.4,61.0815355414238,-1.30333333333334));
#4431=CARTESIAN_POINT('',(18.4,-8.54833333333334,-3.60333333333333));
#4432=CARTESIAN_POINT('',(18.4,-8.54833333333334,-3.60333333333333));
#4433=CARTESIAN_POINT('',(18.4,-8.54833333333333,-1.30333333333334));
#4434=CARTESIAN_POINT('',(18.4,-8.54833333333331,1.30333333333333));
#4435=CARTESIAN_POINT('',(18.4,-8.54833333333333,-2.83666666666667));
#4436=CARTESIAN_POINT('',(19.8997735849057,-8.54833333333333,1.02212578616352));
#4437=CARTESIAN_POINT('',(24.5446163522013,-8.54833333333333,-0.783157232704406));
#4438=CARTESIAN_POINT('',(24.5446163522013,-8.54833333333333,-0.783157232704406));
#4439=CARTESIAN_POINT('',(25.6833333333333,-8.54833333333333,2.14666666666667));
#4440=CARTESIAN_POINT('',(22.7535094339623,-8.54833333333333,3.28538364779874));
#4441=CARTESIAN_POINT('',(22.7535094339623,-8.54833333333333,3.28538364779874));
#4442=CARTESIAN_POINT('',(21.8925283018868,-8.54833333333333,1.07015094339622));
#4443=CARTESIAN_POINT('',(19.4629182389937,-8.54833333333333,2.01445283018868));
#4444=CARTESIAN_POINT('',(19.4629182389937,-8.54833333333333,2.01445283018868));
#4445=CARTESIAN_POINT('',(20.3238993710692,-8.54833333333333,4.2296855345912));
#4446=CARTESIAN_POINT('',(20.3238993710692,-8.54833333333333,4.2296855345912));
#4447=CARTESIAN_POINT('',(25.6833333333333,-8.54833333333333,2.14666666666667));
#4448=CARTESIAN_POINT('',(23.6003144654088,-8.54833333333333,-3.21276729559749));
#4449=CARTESIAN_POINT('',(23.6003144654088,-8.54833333333333,-3.21276729559749));
#4450=CARTESIAN_POINT('',(18.9554716981132,-8.54833333333333,-1.40748427672956));
#4451=CARTESIAN_POINT('',(18.4,-8.54833333333333,-2.83666666666667));
#4452=CARTESIAN_POINT('',(18.4,8.54833333333334,-3.60333333333333));
#4453=CARTESIAN_POINT('',(23.6003144654088,8.54833333333333,-3.21276729559749));
#4454=CARTESIAN_POINT('',(23.6003144654088,8.54833333333333,-3.21276729559749));
#4455=CARTESIAN_POINT('',(18.9554716981132,8.54833333333333,-1.40748427672956));
#4456=CARTESIAN_POINT('',(25.6833333333333,8.54833333333333,2.14666666666667));
#4457=CARTESIAN_POINT('',(20.3238993710692,8.54833333333333,4.2296855345912));
#4458=CARTESIAN_POINT('',(20.3238993710692,8.54833333333333,4.2296855345912));
#4459=CARTESIAN_POINT('',(19.4629182389937,8.54833333333333,2.01445283018868));
#4460=CARTESIAN_POINT('',(19.4629182389937,8.54833333333333,2.01445283018868));
#4461=CARTESIAN_POINT('',(21.8925283018868,8.54833333333333,1.07015094339622));
#4462=CARTESIAN_POINT('',(22.7535094339623,8.54833333333333,3.28538364779874));
#4463=CARTESIAN_POINT('',(22.7535094339623,8.54833333333333,3.28538364779874));
#4464=CARTESIAN_POINT('',(25.6833333333333,8.54833333333333,2.14666666666667));
#4465=CARTESIAN_POINT('',(24.5446163522013,8.54833333333333,-0.783157232704406));
#4466=CARTESIAN_POINT('',(24.5446163522013,8.54833333333333,-0.783157232704406));
#4467=CARTESIAN_POINT('',(19.8997735849057,8.54833333333333,1.02212578616352));
#4468=CARTESIAN_POINT('',(18.4,8.54833333333333,-2.83666666666667));
#4469=CARTESIAN_POINT('',(18.4,8.54833333333333,1.30333333333333));
#4470=CARTESIAN_POINT('',(18.4,8.54833333333334,-3.60333333333333));
#4471=CARTESIAN_POINT('',(18.4,8.54833333333333,-1.30333333333334));
#4472=CARTESIAN_POINT('',(18.4,8.54833333333333,-2.83666666666667));
#4473=CARTESIAN_POINT('',(18.4,8.54833333333334,-3.60333333333333));
#4474=CARTESIAN_POINT('',(18.4,43.7,1.30333333333333));
#4475=CARTESIAN_POINT('',(18.4,61.0815355414238,-1.30333333333334));
#4476=CARTESIAN_POINT('',(18.4,-43.7,-3.60333333333333));
#4477=CARTESIAN_POINT('',(18.4,-26.0666666666667,-3.60333333333333));
#4478=CARTESIAN_POINT('',(18.4,-26.0666666666667,-1.30333333333334));
#4479=CARTESIAN_POINT('',(18.4,-26.0666666666667,1.30333333333333));
#4480=CARTESIAN_POINT('',(18.4,43.7,1.30333333333333));
#4481=CARTESIAN_POINT('',(18.4,-62.5,1.30333333333333));
#4482=CARTESIAN_POINT('',(18.4,-62.5,-3.60333333333333));
#4483=CARTESIAN_POINT('',(18.4,-62.5,-1.30333333333333));
#4484=CARTESIAN_POINT('',(18.4,43.7,-1.30333333333333));
#4485=CARTESIAN_POINT('',(18.4,61.0815355414238,-2.83666666666667));
#4486=CARTESIAN_POINT('',(19.8997735849057,61.0815355414238,1.02212578616352));
#4487=CARTESIAN_POINT('',(19.8997735849057,-26.0666666666667,1.02212578616352));
#4488=CARTESIAN_POINT('',(18.4,43.7,1.30333333333333));
#4489=CARTESIAN_POINT('',(18.4,-26.0666666666667,-2.83666666666667));
#4490=CARTESIAN_POINT('',(24.5446163522013,61.0815355414238,-0.783157232704406));
#4491=CARTESIAN_POINT('',(24.5446163522012,-26.0666666666667,-0.783157232704369));
#4492=CARTESIAN_POINT('',(21.9248817586874,-26.0666666666667,0.235039208499359));
#4493=CARTESIAN_POINT('',(21.9248817586874,-26.0666666666667,0.23503920849936));
#4494=CARTESIAN_POINT('',(21.9248817586874,-23.,0.23503920849936));
#4495=CARTESIAN_POINT('',(21.9248817586874,-23.,0.235039208499361));
#4496=CARTESIAN_POINT('',(22.7667375240512,-22.638259364775,-0.0921597934234222));
#4497=CARTESIAN_POINT('',(23.6253945200372,-22.3550762689104,-0.425888828300563));
#4498=CARTESIAN_POINT('',(24.5446163522013,-22.3550762689104,-0.783157232704407));
#4499=CARTESIAN_POINT('',(24.5446163522013,-22.3550762689104,-0.783157232704403));
#4500=CARTESIAN_POINT('',(24.5446163522013,61.0815355414238,-0.783157232704402));
#4501=CARTESIAN_POINT('',(22.7535094339623,61.0815355414238,3.28538364779874));
#4502=CARTESIAN_POINT('',(22.7535094339623,61.0815355414238,3.28538364779874));
#4503=CARTESIAN_POINT('',(22.7535094339623,-22.3550762689104,3.28538364779874));
#4504=CARTESIAN_POINT('',(22.7535094339623,-22.3550762689104,3.28538364779874));
#4505=CARTESIAN_POINT('',(22.4572164717572,-22.3550762689104,2.52304654712534));
#4506=CARTESIAN_POINT('',(22.1701528708512,-22.5564639684394,1.78445582396098));
#4507=CARTESIAN_POINT('',(21.8925283018868,-22.8341803935867,1.07015094339622));
#4508=CARTESIAN_POINT('',(21.8925283018868,-22.8341803935867,1.07015094339622));
#4509=CARTESIAN_POINT('',(21.8925283018868,61.0815355414238,1.07015094339622));
#4510=CARTESIAN_POINT('',(19.4629182389937,61.0815355414238,2.01445283018868));
#4511=CARTESIAN_POINT('',(21.8925283018868,-22.8341803935867,1.07015094339622));
#4512=CARTESIAN_POINT('',(21.7866117119297,-22.8886437123165,1.11131690548481));
#4513=CARTESIAN_POINT('',(21.6810816026255,-22.9439775063284,1.15233265646944));
#4514=CARTESIAN_POINT('',(21.575873880504,-23.,1.19322310717252));
#4515=CARTESIAN_POINT('',(21.575873880504,-23.,1.19322310717252));
#4516=CARTESIAN_POINT('',(21.575873880504,-26.0666666666667,1.19322310717252));
#4517=CARTESIAN_POINT('',(21.575873880504,-26.0666666666667,1.19322310717252));
#4518=CARTESIAN_POINT('',(19.4629182389936,-26.0666666666667,2.01445283018872));
#4519=CARTESIAN_POINT('',(19.4629182389937,-26.0666666666667,2.01445283018868));
#4520=CARTESIAN_POINT('',(19.4629182389937,61.0815355414238,2.01445283018868));
#4521=CARTESIAN_POINT('',(20.3238993710692,61.0815355414238,4.2296855345912));
#4522=CARTESIAN_POINT('',(20.3238993710692,61.0815355414238,4.2296855345912));
#4523=CARTESIAN_POINT('',(20.3238993710692,-26.0666666666667,4.2296855345912));
#4524=CARTESIAN_POINT('',(20.3238993710692,-26.0666666666667,4.22968553459116));
#4525=CARTESIAN_POINT('',(23.6003144654088,61.0815355414238,-3.21276729559749));
#4526=CARTESIAN_POINT('',(18.9554716981132,61.0815355414238,-1.40748427672956));
#4527=CARTESIAN_POINT('',(18.9554716981132,-26.0666666666667,-1.40748427672956));
#4528=CARTESIAN_POINT('',(23.6003144654088,61.0815355414238,-3.21276729559749));
#4529=CARTESIAN_POINT('',(23.6003144654088,-26.0666666666667,-3.21276729559749));
#4530=CARTESIAN_POINT('',(23.6003144654087,-26.0666666666667,-3.21276729559745));
#4531=CARTESIAN_POINT('',(18.4,61.0815355414238,-2.83666666666667));
#4532=CARTESIAN_POINT('',(18.4,43.7,-1.30333333333333));
#4533=CARTESIAN_POINT('',(18.4,-26.0666666666667,-2.83666666666667));
#4534=CARTESIAN_POINT('',(0.,0.,-1.30333333333333));
#4535=CARTESIAN_POINT('',(8.17999999999999,-52.5,-1.30333333333333));
#4536=CARTESIAN_POINT('',(11.7733333333333,-52.5,-1.30333333333333));
#4537=CARTESIAN_POINT('',(8.17999999999998,22.5,-1.30333333333333));
#4538=CARTESIAN_POINT('',(11.7733333333333,22.5,-1.30333333333333));
#4539=CARTESIAN_POINT('',(-1.82000000000001,-22.5,-1.30333333333333));
#4540=CARTESIAN_POINT('',(1.77333333333332,-22.5,-1.30333333333333));
#4541=CARTESIAN_POINT('',(-1.82000000000002,52.5,-1.30333333333333));
#4542=CARTESIAN_POINT('',(1.77333333333331,52.5,-1.30333333333333));
#4543=CARTESIAN_POINT('',(-18.4,-62.5,-1.30333333333333));
#4544=CARTESIAN_POINT('',(-11.82,-62.5,-1.30333333333333));
#4545=CARTESIAN_POINT('',(-11.82,43.7,-1.30333333333333));
#4546=CARTESIAN_POINT('',(-11.82,62.5,-1.30333333333333));
#4547=CARTESIAN_POINT('',(-18.4,62.5,-1.30333333333333));
#4548=CARTESIAN_POINT('',(18.4,43.7,-1.30333333333333));
#4549=CARTESIAN_POINT('',(0.,0.,1.30333333333333));
#4550=CARTESIAN_POINT('',(8.17999999999999,-52.5,1.30333333333333));
#4551=CARTESIAN_POINT('',(8.17999999999999,-46.3,1.30333333333333));
#4552=CARTESIAN_POINT('',(8.17999999999998,22.5,1.30333333333333));
#4553=CARTESIAN_POINT('',(8.17999999999998,28.7,1.30333333333333));
#4554=CARTESIAN_POINT('',(-1.82000000000001,-22.5,1.30333333333333));
#4555=CARTESIAN_POINT('',(-1.82000000000001,-16.3,1.30333333333333));
#4556=CARTESIAN_POINT('',(-1.82000000000002,52.5,1.30333333333333));
#4557=CARTESIAN_POINT('',(-1.82000000000002,58.7,1.30333333333333));
#4558=CARTESIAN_POINT('',(18.4,43.7,1.30333333333333));
#4559=CARTESIAN_POINT('',(-18.4,62.5,1.30333333333333));
#4560=CARTESIAN_POINT('',(-11.82,62.5,1.30333333333333));
#4561=CARTESIAN_POINT('',(-11.82,43.7,1.30333333333333));
#4562=CARTESIAN_POINT('',(-11.82,-62.5,1.30333333333333));
#4563=CARTESIAN_POINT('',(-18.4,-62.5,1.30333333333333));
#4564=CARTESIAN_POINT('',(-18.4,-62.5,1.30333333333333));
#4565=CARTESIAN_POINT('',(-11.82,-62.5,1.30333333333333));
#4566=CARTESIAN_POINT('',(-11.82,43.7,1.30333333333333));
#4567=CARTESIAN_POINT('',(-11.82,62.5,1.30333333333333));
#4568=CARTESIAN_POINT('',(-18.4,62.5,1.30333333333333));
#4569=CARTESIAN_POINT('',(18.4,61.0815355414238,-2.83666666666667));
#4570=CARTESIAN_POINT('',(19.8997735849057,61.0815355414238,1.02212578616352));
#4571=CARTESIAN_POINT('',(19.8997735849057,26.0666666666667,1.02212578616352));
#4572=CARTESIAN_POINT('',(18.4,26.0666666666667,-2.83666666666667));
#4573=CARTESIAN_POINT('',(24.5446163522013,61.0815355414238,-0.783157232704406));
#4574=CARTESIAN_POINT('',(24.5446163522013,22.3550762689104,-0.783157232704405));
#4575=CARTESIAN_POINT('',(23.6371380694098,22.3550762689104,-0.430453122793549));
#4576=CARTESIAN_POINT('',(22.7641324877702,22.6393787340516,-0.091147309686681));
#4577=CARTESIAN_POINT('',(21.9248817586874,23.,0.235039208499366));
#4578=CARTESIAN_POINT('',(24.5446163522013,22.3550762689104,-0.783157232704403));
#4579=CARTESIAN_POINT('',(21.9248817586874,23.,0.235039208499365));
#4580=CARTESIAN_POINT('',(21.9248817586874,26.0666666666667,0.235039208499366));
#4581=CARTESIAN_POINT('',(21.9248817586874,26.0666666666667,0.235039208499363));
#4582=CARTESIAN_POINT('',(24.5446163522013,26.0666666666667,-0.78315723270441));
#4583=CARTESIAN_POINT('',(24.5446163522013,61.0815355414238,-0.783157232704402));
#4584=CARTESIAN_POINT('',(22.7535094339623,61.0815355414238,3.28538364779874));
#4585=CARTESIAN_POINT('',(21.8925283018868,61.0815355414238,1.07015094339622));
#4586=CARTESIAN_POINT('',(21.8925283018868,22.8341803935867,1.07015094339622));
#4587=CARTESIAN_POINT('',(21.8925283018868,22.8341803935867,1.07015094339622));
#4588=CARTESIAN_POINT('',(22.1700670287199,22.556549838973,1.78423495931049));
#4589=CARTESIAN_POINT('',(22.4565088854415,22.3550762689104,2.52122598650063));
#4590=CARTESIAN_POINT('',(22.7535094339623,22.3550762689104,3.28538364779874));
#4591=CARTESIAN_POINT('',(22.7535094339623,22.3550762689104,3.28538364779874));
#4592=CARTESIAN_POINT('',(22.7535094339623,61.0815355414238,3.28538364779874));
#4593=CARTESIAN_POINT('',(19.4629182389937,61.0815355414238,2.01445283018868));
#4594=CARTESIAN_POINT('',(19.4629182389937,26.0666666666667,2.01445283018868));
#4595=CARTESIAN_POINT('',(19.4629182389937,26.0666666666667,2.01445283018868));
#4596=CARTESIAN_POINT('',(21.575873880504,26.0666666666667,1.19322310717253));
#4597=CARTESIAN_POINT('',(21.575873880504,26.0666666666667,1.19322310717253));
#4598=CARTESIAN_POINT('',(21.575873880504,23.,1.19322310717253));
#4599=CARTESIAN_POINT('',(21.575873880504,23.,1.19322310717253));
#4600=CARTESIAN_POINT('',(21.6810816026255,22.9439775063284,1.15233265646944));
#4601=CARTESIAN_POINT('',(21.7866117119297,22.8886437123165,1.11131690548481));
#4602=CARTESIAN_POINT('',(21.8925283018868,22.8341803935867,1.07015094339622));
#4603=CARTESIAN_POINT('',(19.4629182389937,61.0815355414238,2.01445283018868));
#4604=CARTESIAN_POINT('',(20.3238993710692,61.0815355414238,4.2296855345912));
#4605=CARTESIAN_POINT('',(20.3238993710692,61.0815355414238,4.2296855345912));
#4606=CARTESIAN_POINT('',(20.3238993710692,26.0666666666667,4.2296855345912));
#4607=CARTESIAN_POINT('',(20.3238993710692,26.0666666666667,4.2296855345912));
#4608=CARTESIAN_POINT('',(23.6003144654088,61.0815355414238,-3.21276729559749));
#4609=CARTESIAN_POINT('',(18.9554716981132,61.0815355414238,-1.40748427672956));
#4610=CARTESIAN_POINT('',(18.9554716981132,26.0666666666667,-1.40748427672956));
#4611=CARTESIAN_POINT('',(23.6003144654088,26.0666666666667,-3.21276729559749));
#4612=CARTESIAN_POINT('',(23.6003144654088,26.0666666666667,-3.21276729559749));
#4613=CARTESIAN_POINT('',(23.6003144654088,61.0815355414238,-3.21276729559749));
#4614=CARTESIAN_POINT('',(18.4,61.0815355414238,-2.83666666666667));
#4615=CARTESIAN_POINT('',(18.4,26.0666666666667,-2.83666666666667));
#4616=CARTESIAN_POINT('',(31.4333333333333,26.0666666666667,-3.60333333333333));
#4617=CARTESIAN_POINT('',(25.6833333333333,26.0666666666667,2.14666666666667));
#4618=CARTESIAN_POINT('',(25.6833333333333,26.0666666666667,2.14666666666667));
#4619=CARTESIAN_POINT('',(31.4333333333333,-26.0666666666667,-3.60333333333333));
#4620=CARTESIAN_POINT('',(25.6833333333333,-26.0666666666667,2.14666666666667));
#4621=CARTESIAN_POINT('',(25.6833333333333,-26.0666666666667,2.14666666666667));
#4622=CARTESIAN_POINT('',(25.6833333333333,61.0815355414238,2.14666666666667));
#4623=CARTESIAN_POINT('',(25.6833333333333,61.0815355414238,2.14666666666667));
#4624=CARTESIAN_POINT('',(25.6833333333333,22.3550762689104,2.14666666666667));
#4625=CARTESIAN_POINT('',(25.6833333333333,61.0815355414238,2.14666666666667));
#4626=CARTESIAN_POINT('',(25.6833333333333,61.0815355414238,2.14666666666667));
#4627=CARTESIAN_POINT('',(25.6833333333333,-22.3550762689104,2.14666666666667));
#4628=CARTESIAN_POINT('',(25.6833333333333,26.0666666666667,2.14666666666667));
#4629=CARTESIAN_POINT('',(25.6833333333333,23.,2.14666666666667));
#4630=CARTESIAN_POINT('',(25.6833333333333,23.,2.14666666666667));
#4631=CARTESIAN_POINT('',(25.6833333333333,-26.0666666666667,2.14666666666667));
#4632=CARTESIAN_POINT('',(25.6833333333333,-23.,2.14666666666667));
#4633=CARTESIAN_POINT('',(25.6833333333333,-23.,2.14666666666667));
#4634=CARTESIAN_POINT('',(-1.82000000000002,52.5,1.30333333333333));
#4635=CARTESIAN_POINT('',(-1.82000000000001,-22.5,1.30333333333333));
#4636=CARTESIAN_POINT('',(8.17999999999998,22.5,1.30333333333333));
#4637=CARTESIAN_POINT('',(8.17999999999999,-52.5,1.30333333333333));
#4638=CARTESIAN_POINT('',(-25.6833333333333,-3.20000000000002,-2.14666666666666));
#4639=CARTESIAN_POINT('',(-4.09083850070891,-0.153333333333333,-1.30297792468975));
#4640=CARTESIAN_POINT('',(-3.87692192461578,0.861590467943191,-1.79963613319436));
#4641=CARTESIAN_POINT('',(-4.14587539129405,-0.153333333333333,1.11553948875581));
#4642=CARTESIAN_POINT('',(-4.23443101576652,0.861590467943192,0.582071983675418));
#4643=CARTESIAN_POINT('',(-2.88462613849902,-0.153333333333333,3.17988099654678));
#4644=CARTESIAN_POINT('',(-3.24753817847122,0.861590467943192,2.77897635845234));
#4645=CARTESIAN_POINT('',(-0.707528468524896,-0.153333333333333,4.23463275589962));
#4646=CARTESIAN_POINT('',(-1.2295749155196,0.861590467943191,4.09357537472932));
#4647=CARTESIAN_POINT('',(1.69420449104862,-0.153333333333333,3.9449185357396));
#4648=CARTESIAN_POINT('',(1.1787696953483,0.861590467943191,4.10849313335118));
#4649=CARTESIAN_POINT('',(3.5580394953911,-0.153333333333333,2.40272055394467));
#4650=CARTESIAN_POINT('',(3.21286325673179,0.861590467943191,2.81899335135933));
#4651=CARTESIAN_POINT('',(4.29222209985265,-0.153333333333333,0.0976757730844951));
#4652=CARTESIAN_POINT('',(4.22689543510991,0.861590467943192,0.63448309836611));
#4653=CARTESIAN_POINT('',(3.66365451500312,-0.153333333333333,-2.23838037558598));
#4654=CARTESIAN_POINT('',(3.89891817865662,0.861590467943192,-1.751471055315));
#4655=CARTESIAN_POINT('',(1.87190250778591,-0.153333333333333,-3.86376657064787));
#4656=CARTESIAN_POINT('',(2.33306194891927,0.861590467943191,-3.58134552423671));
#4657=CARTESIAN_POINT('',(-0.514165319422237,-0.153333333333333,-4.26243417959909));
#4658=CARTESIAN_POINT('',(0.0264750350280542,0.861590467943191,-4.27416809379153));
#4659=CARTESIAN_POINT('',(-2.73698929063237,-0.153333333333333,-3.30780905344835));
#4660=CARTESIAN_POINT('',(-2.28851751542092,0.861590467943192,-3.60997249339617));
#4661=CARTESIAN_POINT('',(-6.89602360532393E-16,-2.45333333333333,2.03718429500422E-16));
#4662=CARTESIAN_POINT('',(-6.89602360532393E-16,-2.45333333333333,2.03718429500422E-16));
#4663=CARTESIAN_POINT('',(-1.26749018655501,-2.45333333333333,-5.60856208194104));
#4664=CARTESIAN_POINT('',(-7.25382344438178E-16,-2.76,2.14347098809868E-16));
#4665=CARTESIAN_POINT('',(-1.19989070993875,-2.76,-5.30943877090418));
#4666=CARTESIAN_POINT('',(-4.21252481239012E-16,-0.153333333333334,1.24003409679576E-16));
#4667=CARTESIAN_POINT('',(-5.10702441003472E-16,-0.920000000000001,1.50575082953192E-16));
#4668=CARTESIAN_POINT('',(-0.757446391431018,-0.920000000000001,-3.35165128309945));
#4669=CARTESIAN_POINT('',(-5.10702441003472E-16,-0.920000000000001,1.50575082953192E-16));
#4670=CARTESIAN_POINT('',(1.13533895382447,-0.920000000000001,5.0238014259325));
#4671=CARTESIAN_POINT('',(-7.25382344438178E-16,-2.76,2.14347098809868E-16));
#4672=CARTESIAN_POINT('',(-5.10702441003472E-16,-0.920000000000001,1.50575082953192E-16));
#4673=CARTESIAN_POINT('',(-1.26749018655501,-0.920000000000001,-5.60856208194104));
#4674=CARTESIAN_POINT('',(-5.10702441003472E-16,-0.920000000000001,1.50575082953192E-16));
#4675=CARTESIAN_POINT('',(-5.10702441003472E-16,-0.920000000000001,1.50575082953192E-16));
#4676=CARTESIAN_POINT('',(0.69289463531674,-0.920000000000001,3.06601393812777));
#4677=CARTESIAN_POINT('',(-1.04740219959024E-15,-5.52,3.10005122594883E-16));
#4678=CARTESIAN_POINT('',(0.69289463531674,-5.52,3.06601393812777));
#4679=CARTESIAN_POINT('',(-5.10702441003472E-16,-0.920000000000001,1.50575082953192E-16));
#4680=CARTESIAN_POINT('',(-7.25382344438178E-16,-2.76,2.14347098809868E-16));
#4681=CARTESIAN_POINT('',(-0.929492803473678,-2.76,-4.11294552675676));
#4682=CARTESIAN_POINT('',(-1.04740219959024E-15,-5.52,3.10005122594883E-16));
#4683=CARTESIAN_POINT('',(0.929492803473676,-5.52,4.11294552675676));
#4684=CARTESIAN_POINT('',(-5.10702441003472E-16,-0.920000000000001,1.50575082953192E-16));
#4685=CARTESIAN_POINT('',(-5.10702441003472E-16,-0.920000000000001,1.50575082953192E-16));
#4686=CARTESIAN_POINT('',(-1.04740219959024E-15,-5.52,3.10005122594883E-16));
#4687=CARTESIAN_POINT('',(-7.25382344438178E-16,-2.76,2.14347098809868E-16));
#4688=CARTESIAN_POINT('',(3.01563626440013E-17,2.91333333333333,1.32281523844522E-17));
#4689=CARTESIAN_POINT('',(3.01563626440013E-17,2.91333333333333,1.32281523844522E-17));
#4690=CARTESIAN_POINT('',(3.06786932946436E-16,2.91333333333333,-4.98333333333334));
#4691=CARTESIAN_POINT('',(1.86051642982057E-16,2.14666666666666,8.16119474950656E-17));
#4692=CARTESIAN_POINT('',(5.05240762561789E-16,2.14666666666666,-5.75));
#4693=CARTESIAN_POINT('',(1.08104002813029E-16,2.53,4.74200499397587E-17));
#4694=CARTESIAN_POINT('',(1.08104002813029E-16,2.53,4.74200499397587E-17));
#4695=CARTESIAN_POINT('',(2.82594054849949E-16,2.53,-3.14333333333333));
#4696=CARTESIAN_POINT('',(3.01563626440013E-17,2.91333333333333,1.32281523844522E-17));
#4697=CARTESIAN_POINT('',(2.25925689319571E-16,2.91333333333333,-3.52666666666667));
#4698=CARTESIAN_POINT('',(6.53737483996219E-16,-0.153333333333333,2.86763332826904E-16));
#4699=CARTESIAN_POINT('',(4.97842203658165E-16,0.613333333333334,2.18379537716291E-16));
#4700=CARTESIAN_POINT('',(7.83751984214938E-16,0.613333333333333,-5.15049272470825));
#4701=CARTESIAN_POINT('',(4.97842203658165E-16,0.613333333333334,2.18379537716291E-16));
#4702=CARTESIAN_POINT('',(3.07096232309204E-16,0.613333333333334,3.43617394195841));
#4703=CARTESIAN_POINT('',(3.01563626440013E-17,2.91333333333333,1.32281523844522E-17));
#4704=CARTESIAN_POINT('',(4.97842203658165E-16,0.613333333333334,2.18379537716291E-16));
#4705=CARTESIAN_POINT('',(6.72332255695085E-16,0.613333333333333,-3.14333333333333));
#4706=CARTESIAN_POINT('',(3.01563626440013E-17,2.91333333333333,1.32281523844522E-17));
#4707=CARTESIAN_POINT('',(4.97842203658165E-16,0.613333333333334,2.18379537716291E-16));
#4708=CARTESIAN_POINT('',(8.17031323237897E-16,0.613333333333333,-5.75));
#4709=CARTESIAN_POINT('',(4.97842203658165E-16,0.613333333333334,2.18379537716291E-16));
#4710=CARTESIAN_POINT('',(4.97842203658165E-16,0.613333333333334,2.18379537716291E-16));
#4711=CARTESIAN_POINT('',(3.01563626440013E-17,2.91333333333333,1.32281523844522E-17));
#4712=CARTESIAN_POINT('',(1.30287946540935E-15,2.23355555555558,0.));
#4713=CARTESIAN_POINT('',(1.30287946540935E-15,-1.88088888888889,0.));
#4714=CARTESIAN_POINT('',(1.30287946540935E-15,-1.88088888888889,4.52588888888889));
#4715=CARTESIAN_POINT('',(1.30287946540935E-15,1.64577777777778,0.));
#4716=CARTESIAN_POINT('',(1.30287946540935E-15,1.64577777777778,4.52588888888889));
#4717=CARTESIAN_POINT('',(1.52944786465289E-15,-1.88088888888889,0.));
#4718=CARTESIAN_POINT('',(1.30287946540935E-15,-2.23355555555555,0.));
#4719=CARTESIAN_POINT('',(1.30287946540935E-15,-2.23355555555555,4.17322222222223));
#4720=CARTESIAN_POINT('',(1.30287946540935E-15,2.23355555555558,0.));
#4721=CARTESIAN_POINT('',(1.30287946540935E-15,-2.23355555555555,0.));
#4722=CARTESIAN_POINT('',(1.30287946540935E-15,-2.23355555555555,3.35033333333333));
#4723=CARTESIAN_POINT('',(1.30287946540935E-15,-2.116,0.));
#4724=CARTESIAN_POINT('',(1.30287946540935E-15,-2.116,3.35033333333333));
#4725=CARTESIAN_POINT('',(1.52944786465289E-15,-1.88088888888889,0.));
#4726=CARTESIAN_POINT('',(1.30287946540935E-15,-2.116,0.));
#4727=CARTESIAN_POINT('',(1.30287946540935E-15,-2.116,4.17322222222223));
#4728=CARTESIAN_POINT('',(1.30287946540935E-15,-1.88088888888889,0.));
#4729=CARTESIAN_POINT('',(1.30287946540935E-15,-1.88088888888889,4.40833333333333));
#4730=CARTESIAN_POINT('',(1.30287946540935E-15,2.23355555555558,0.));
#4731=CARTESIAN_POINT('',(1.30287946540935E-15,1.64577777777778,0.));
#4732=CARTESIAN_POINT('',(1.30287946540935E-15,1.64577777777778,4.40833333333333));
#4733=CARTESIAN_POINT('',(1.52944786465289E-15,1.64577777777778,0.));
#4734=CARTESIAN_POINT('',(1.30287946540935E-15,2.116,0.));
#4735=CARTESIAN_POINT('',(1.30287946540935E-15,2.116,3.93811111111112));
#4736=CARTESIAN_POINT('',(1.30287946540935E-15,2.23355555555558,0.));
#4737=CARTESIAN_POINT('',(1.30287946540935E-15,2.23355555555555,0.));
#4738=CARTESIAN_POINT('',(1.30287946540935E-15,2.23355555555555,3.93811111111112));
#4739=CARTESIAN_POINT('',(1.52944786465289E-15,1.64577777777778,0.));
#4740=CARTESIAN_POINT('',(3.35033333333333,-2.116,0.));
#4741=CARTESIAN_POINT('',(3.35033333333333,-2.23355555555555,0.));
#4742=CARTESIAN_POINT('',(-8.28684040738271E-16,25.6266666666667,-1.10759654448002E-15));
#4743=CARTESIAN_POINT('',(-1.37333877211631E-15,-32.0266666666667,5.56884175909905E-16));
#4744=CARTESIAN_POINT('',(1.49206136232339,0.8,8.));
#4745=CARTESIAN_POINT('',(0.299999999999998,0.8,-5.44150714416512));
#4746=CARTESIAN_POINT('',(0.697959048891294,0.8,-5.03927028020196));
#4747=CARTESIAN_POINT('',(1.0954829361255,0.8,-4.63660417446882));
#4748=CARTESIAN_POINT('',(1.49206136232339,0.8,-4.23300546963821));
#4749=CARTESIAN_POINT('',(0.299999999999999,0.8,-5.44150714416512));
#4750=CARTESIAN_POINT('',(1.49206136232339,0.8,-4.23300546963821));
#4751=CARTESIAN_POINT('',(1.49206136232339,0.8,8.));
#4752=CARTESIAN_POINT('',(1.49206136232339,0.8,4.23300546963821));
#4753=CARTESIAN_POINT('',(1.49206136232339,0.8,4.23300546963821));
#4754=CARTESIAN_POINT('',(1.0954829361255,0.8,4.63660417446882));
#4755=CARTESIAN_POINT('',(0.697959048891293,0.8,5.03927028020196));
#4756=CARTESIAN_POINT('',(0.299999999999997,0.8,5.44150714416512));
#4757=CARTESIAN_POINT('',(0.299999999999999,0.8,5.44150714416512));
#4758=CARTESIAN_POINT('',(8.,0.8,5.44150714416512));
#4759=CARTESIAN_POINT('',(4.96149225870379E-7,0.8,5.44150714416512));
#4760=CARTESIAN_POINT('',(10.665365,0.8,0.));
#4761=CARTESIAN_POINT('',(4.96149227063002E-7,0.8,-5.44150714416511));
#4762=CARTESIAN_POINT('',(8.,0.8,-5.44150714416512));
#4763=CARTESIAN_POINT('',(1.49206136232339,-0.8,8.));
#4764=CARTESIAN_POINT('',(1.49206136232339,0.,0.));
#4765=CARTESIAN_POINT('',(1.49206136232339,-0.8,-4.23300546963821));
#4766=CARTESIAN_POINT('',(1.49206136232339,-0.8,8.));
#4767=CARTESIAN_POINT('',(1.49206136232339,-0.8,4.23300546963821));
#4768=CARTESIAN_POINT('',(1.49206136232339,0.,0.));
#4769=CARTESIAN_POINT('',(-4.30793863767661,-0.8,8.));
#4770=CARTESIAN_POINT('',(0.299999999999998,-0.8,5.44150714416512));
#4771=CARTESIAN_POINT('',(0.697959048891294,-0.8,5.03927028020196));
#4772=CARTESIAN_POINT('',(1.0954829361255,-0.8,4.63660417446882));
#4773=CARTESIAN_POINT('',(1.49206136232339,-0.8,4.23300546963821));
#4774=CARTESIAN_POINT('',(0.299999999999999,-0.8,5.44150714416512));
#4775=CARTESIAN_POINT('',(1.49206136232339,-0.8,-4.23300546963821));
#4776=CARTESIAN_POINT('',(1.0954829361255,-0.8,-4.63660417446882));
#4777=CARTESIAN_POINT('',(0.697959048891293,-0.8,-5.03927028020196));
#4778=CARTESIAN_POINT('',(0.299999999999997,-0.8,-5.44150714416512));
#4779=CARTESIAN_POINT('',(0.299999999999999,-0.8,-5.44150714416512));
#4780=CARTESIAN_POINT('',(8.,-0.8,-5.44150714416512));
#4781=CARTESIAN_POINT('',(4.96149225870379E-7,-0.8,-5.44150714416512));
#4782=CARTESIAN_POINT('',(10.665365,-0.8,0.));
#4783=CARTESIAN_POINT('',(4.96149227063002E-7,-0.8,5.44150714416511));
#4784=CARTESIAN_POINT('',(8.,-0.8,5.44150714416512));
#4785=CARTESIAN_POINT('',(3.4242636,0.,0.));
#4786=CARTESIAN_POINT('',(2.9999998312883,0.,0.));
#4787=CARTESIAN_POINT('',(2.9999998312883,0.,-2.79999983128806));
#4788=CARTESIAN_POINT('',(3.4242636,0.,0.));
#4789=CARTESIAN_POINT('',(3.4242636,0.,-2.6242642));
#4790=CARTESIAN_POINT('',(8.,0.,0.));
#4791=CARTESIAN_POINT('',(5.,0.,0.));
#4792=CARTESIAN_POINT('',(5.,0.,-3.));
#4793=CARTESIAN_POINT('',(7.56618998974205,0.,0.));
#4794=CARTESIAN_POINT('',(7.56618998974205,0.,-3.));
#4795=CARTESIAN_POINT('',(7.56618998974205,0.,0.));
#4796=CARTESIAN_POINT('',(8.,0.,0.));
#4797=CARTESIAN_POINT('',(8.,0.,-2.3865));
#4798=CARTESIAN_POINT('',(8.,2.3865,0.));
#4799=CARTESIAN_POINT('',(4.4370818,0.,0.));
#4800=CARTESIAN_POINT('',(4.4370818,0.,0.));
#4801=CARTESIAN_POINT('',(4.4370818,0.,-2.6242642));
#4802=CARTESIAN_POINT('',(5.,0.,0.));
#4803=CARTESIAN_POINT('',(0.3,0.,0.));
#4804=CARTESIAN_POINT('',(0.3,0.,0.));
#4805=CARTESIAN_POINT('',(0.3,0.,0.));
#4806=CARTESIAN_POINT('',(8.,0.,0.));
#4807=CARTESIAN_POINT('',(4.96149226520901E-7,0.,0.));
#4808=CARTESIAN_POINT('',(8.,0.,0.));
#4809=CARTESIAN_POINT('',(4.96149226520901E-7,0.,0.));
#4810=CARTESIAN_POINT('',(10.665365,1.38777878078145E-14,0.));
#4811=CARTESIAN_POINT('',(10.665365,1.38777878078145E-14,0.));
#4812=CARTESIAN_POINT('',(27.5033333333334,49.3,-1.34333333333334));
#4813=CARTESIAN_POINT('',(-27.5033333333334,49.3,-1.24333333333332));
#4814=CARTESIAN_POINT('',(-17.5033333333334,19.3,-1.24333333333332));
#4815=CARTESIAN_POINT('',(-27.5033333333333,-25.7,-1.24333333333332));
#4816=CARTESIAN_POINT('',(-17.5033333333333,-55.7,-1.24333333333333));
#4817=CARTESIAN_POINT('',(17.5033333333334,-55.7,-1.34333333333333));
#4818=CARTESIAN_POINT('',(27.5033333333334,-25.7,-1.34333333333333));
#4819=CARTESIAN_POINT('',(17.5033333333334,19.3,-1.34333333333333));
#4820=MECHANICAL_DESIGN_GEOMETRIC_PRESENTATION_REPRESENTATION('',(#2369,
#2370,#2371,#2372,#2373,#2374,#2375,#2376,#2377,#2378,#2379,#2380,#2381,
#2382,#2383,#2384,#2385,#2386,#2387,#2388,#2389,#2390,#2391,#2392,#2393,
#2394,#2395,#2396,#2397,#2398,#2399,#2400,#2401,#2402,#2403,#2404,#2405,
#2406,#2407,#2408,#2409,#2410,#2411,#2412,#2413,#2414,#2415,#2416,#2417,
#2418,#2419,#2420,#2421,#2422,#2423,#2424,#2425,#2426,#2427,#2428,#2429,
#2430,#2431,#2432,#2433,#2434,#2435,#2436,#2437,#2438,#2439,#2440,#2441,
#2442,#2443,#2444,#2445,#2446,#2447,#2448,#2449,#2450,#2451,#2452,#2453,
#2454,#2455,#2456,#2457,#2458,#2459,#2460,#2461,#2462,#2463,#2464,#2465),
#4821);
#4821=(
GEOMETRIC_REPRESENTATION_CONTEXT(3)
GLOBAL_UNCERTAINTY_ASSIGNED_CONTEXT((#4828))
GLOBAL_UNIT_ASSIGNED_CONTEXT((#4837,#4836,#4835))
REPRESENTATION_CONTEXT('Ball Bearing Door Hinge-2',
'TOP_LEVEL_ASSEMBLY_PART')
);
#4822=(
GEOMETRIC_REPRESENTATION_CONTEXT(3)
GLOBAL_UNCERTAINTY_ASSIGNED_CONTEXT((#4829))
GLOBAL_UNIT_ASSIGNED_CONTEXT((#4837,#4836,#4835))
REPRESENTATION_CONTEXT('Pin, Ball Bearing Door Hinge','COMPONENT_PART')
);
#4823=(
GEOMETRIC_REPRESENTATION_CONTEXT(3)
GLOBAL_UNCERTAINTY_ASSIGNED_CONTEXT((#4830))
GLOBAL_UNIT_ASSIGNED_CONTEXT((#4837,#4836,#4835))
REPRESENTATION_CONTEXT('Bottom Pin, Ball Bearing Door Hinge',
'COMPONENT_PART')
);
#4824=(
GEOMETRIC_REPRESENTATION_CONTEXT(3)
GLOBAL_UNCERTAINTY_ASSIGNED_CONTEXT((#4831))
GLOBAL_UNIT_ASSIGNED_CONTEXT((#4837,#4836,#4835))
REPRESENTATION_CONTEXT('Door Frame Leaf, Ball Bearing Door Hinge',
'COMPONENT_PART')
);
#4825=(
GEOMETRIC_REPRESENTATION_CONTEXT(3)
GLOBAL_UNCERTAINTY_ASSIGNED_CONTEXT((#4832))
GLOBAL_UNIT_ASSIGNED_CONTEXT((#4837,#4836,#4835))
REPRESENTATION_CONTEXT('Door Leaf, Ball Bearing Door Hinge',
'COMPONENT_PART')
);
#4826=(
GEOMETRIC_REPRESENTATION_CONTEXT(3)
GLOBAL_UNCERTAINTY_ASSIGNED_CONTEXT((#4833))
GLOBAL_UNIT_ASSIGNED_CONTEXT((#4837,#4836,#4835))
REPRESENTATION_CONTEXT('Bearing Assembly','COMPONENT_PART')
);
#4827=(
GEOMETRIC_REPRESENTATION_CONTEXT(3)
GLOBAL_UNCERTAINTY_ASSIGNED_CONTEXT((#4834))
GLOBAL_UNIT_ASSIGNED_CONTEXT((#4837,#4836,#4835))
REPRESENTATION_CONTEXT('Countersunk screw DIN 964 A M6x8 ',
'COMPONENT_PART')
);
#4828=UNCERTAINTY_MEASURE_WITH_UNIT(LENGTH_MEASURE(0.005),#4837,
'DISTANCE_ACCURACY_VALUE','Maximum Tolerance applied to model');
#4829=UNCERTAINTY_MEASURE_WITH_UNIT(LENGTH_MEASURE(0.005),#4837,
'DISTANCE_ACCURACY_VALUE','Maximum Tolerance applied to model');
#4830=UNCERTAINTY_MEASURE_WITH_UNIT(LENGTH_MEASURE(0.005),#4837,
'DISTANCE_ACCURACY_VALUE','Maximum Tolerance applied to model');
#4831=UNCERTAINTY_MEASURE_WITH_UNIT(LENGTH_MEASURE(0.005),#4837,
'DISTANCE_ACCURACY_VALUE','Maximum Tolerance applied to model');
#4832=UNCERTAINTY_MEASURE_WITH_UNIT(LENGTH_MEASURE(0.005),#4837,
'DISTANCE_ACCURACY_VALUE','Maximum Tolerance applied to model');
#4833=UNCERTAINTY_MEASURE_WITH_UNIT(LENGTH_MEASURE(0.005),#4837,
'DISTANCE_ACCURACY_VALUE','Maximum Tolerance applied to model');
#4834=UNCERTAINTY_MEASURE_WITH_UNIT(LENGTH_MEASURE(0.005),#4837,
'DISTANCE_ACCURACY_VALUE','Maximum Tolerance applied to model');
#4835=(
NAMED_UNIT(*)
SI_UNIT($,.STERADIAN.)
SOLID_ANGLE_UNIT()
);
#4836=(
NAMED_UNIT(*)
PLANE_ANGLE_UNIT()
SI_UNIT($,.RADIAN.)
);
#4837=(
LENGTH_UNIT()
NAMED_UNIT(*)
SI_UNIT(.MILLI.,.METRE.)
);
#4838=PRODUCT_DEFINITION_SHAPE('','',#4859);
#4839=PRODUCT_DEFINITION_SHAPE('','',#4860);
#4840=PRODUCT_DEFINITION_SHAPE(' ','NAUO PRDDFN',#354);
#4841=PRODUCT_DEFINITION_SHAPE('','',#4861);
#4842=PRODUCT_DEFINITION_SHAPE(' ','NAUO PRDDFN',#355);
#4843=PRODUCT_DEFINITION_SHAPE('','',#4862);
#4844=PRODUCT_DEFINITION_SHAPE(' ','NAUO PRDDFN',#356);
#4845=PRODUCT_DEFINITION_SHAPE('','',#4863);
#4846=PRODUCT_DEFINITION_SHAPE(' ','NAUO PRDDFN',#357);
#4847=PRODUCT_DEFINITION_SHAPE('','',#4864);
#4848=PRODUCT_DEFINITION_SHAPE(' ','NAUO PRDDFN',#358);
#4849=PRODUCT_DEFINITION_SHAPE(' ','NAUO PRDDFN',#359);
#4850=PRODUCT_DEFINITION_SHAPE('','',#4865);
#4851=PRODUCT_DEFINITION_SHAPE(' ','NAUO PRDDFN',#360);
#4852=PRODUCT_DEFINITION_SHAPE(' ','NAUO PRDDFN',#361);
#4853=PRODUCT_DEFINITION_SHAPE(' ','NAUO PRDDFN',#362);
#4854=PRODUCT_DEFINITION_SHAPE(' ','NAUO PRDDFN',#363);
#4855=PRODUCT_DEFINITION_SHAPE(' ','NAUO PRDDFN',#364);
#4856=PRODUCT_DEFINITION_SHAPE(' ','NAUO PRDDFN',#365);
#4857=PRODUCT_DEFINITION_SHAPE(' ','NAUO PRDDFN',#366);
#4858=PRODUCT_DEFINITION_SHAPE(' ','NAUO PRDDFN',#367);
#4859=PRODUCT_DEFINITION('','',#4873,#4866);
#4860=PRODUCT_DEFINITION('','',#4874,#4867);
#4861=PRODUCT_DEFINITION('','',#4875,#4868);
#4862=PRODUCT_DEFINITION('','',#4876,#4869);
#4863=PRODUCT_DEFINITION('','',#4877,#4870);
#4864=PRODUCT_DEFINITION('','',#4878,#4871);
#4865=PRODUCT_DEFINITION('','',#4879,#4872);
#4866=PRODUCT_DEFINITION_CONTEXT('',#4909,'design');
#4867=PRODUCT_DEFINITION_CONTEXT('',#4909,'design');
#4868=PRODUCT_DEFINITION_CONTEXT('',#4909,'design');
#4869=PRODUCT_DEFINITION_CONTEXT('',#4909,'design');
#4870=PRODUCT_DEFINITION_CONTEXT('',#4909,'design');
#4871=PRODUCT_DEFINITION_CONTEXT('',#4909,'design');
#4872=PRODUCT_DEFINITION_CONTEXT('',#4909,'design');
#4873=PRODUCT_DEFINITION_FORMATION_WITH_SPECIFIED_SOURCE('','',#4887,
 .NOT_KNOWN.);
#4874=PRODUCT_DEFINITION_FORMATION_WITH_SPECIFIED_SOURCE('','',#4888,
 .NOT_KNOWN.);
#4875=PRODUCT_DEFINITION_FORMATION_WITH_SPECIFIED_SOURCE('','',#4889,
 .NOT_KNOWN.);
#4876=PRODUCT_DEFINITION_FORMATION_WITH_SPECIFIED_SOURCE('','',#4890,
 .NOT_KNOWN.);
#4877=PRODUCT_DEFINITION_FORMATION_WITH_SPECIFIED_SOURCE('','',#4891,
 .NOT_KNOWN.);
#4878=PRODUCT_DEFINITION_FORMATION_WITH_SPECIFIED_SOURCE('','',#4892,
 .NOT_KNOWN.);
#4879=PRODUCT_DEFINITION_FORMATION_WITH_SPECIFIED_SOURCE('','',#4893,
 .NOT_KNOWN.);
#4880=PRODUCT_RELATED_PRODUCT_CATEGORY('','',(#4887));
#4881=PRODUCT_RELATED_PRODUCT_CATEGORY('','',(#4888));
#4882=PRODUCT_RELATED_PRODUCT_CATEGORY('','',(#4889));
#4883=PRODUCT_RELATED_PRODUCT_CATEGORY('','',(#4890));
#4884=PRODUCT_RELATED_PRODUCT_CATEGORY('','',(#4891));
#4885=PRODUCT_RELATED_PRODUCT_CATEGORY('','',(#4892));
#4886=PRODUCT_RELATED_PRODUCT_CATEGORY('','',(#4893));
#4887=PRODUCT('Ball Bearing Door Hinge-2','Ball Bearing Door Hinge-2',
'Ball Bearing Door Hinge-2',(#4901));
#4888=PRODUCT('Pin, Ball Bearing Door Hinge',
'Pin, Ball Bearing Door Hinge','Pin, Ball Bearing Door Hinge',(#4902));
#4889=PRODUCT('Bottom Pin, Ball Bearing Door Hinge',
'Bottom Pin, Ball Bearing Door Hinge',
'Bottom Pin, Ball Bearing Door Hinge',(#4903));
#4890=PRODUCT('Door Frame Leaf, Ball Bearing Door Hinge',
'Door Frame Leaf, Ball Bearing Door Hinge',
'Door Frame Leaf, Ball Bearing Door Hinge',(#4904));
#4891=PRODUCT('Door Leaf, Ball Bearing Door Hinge',
'Door Leaf, Ball Bearing Door Hinge',
'Door Leaf, Ball Bearing Door Hinge',(#4905));
#4892=PRODUCT('Bearing Assembly','Bearing Assembly','Bearing Assembly',
(#4906));
#4893=PRODUCT('Countersunk screw DIN 964 A M6x8 ',
'Countersunk screw DIN 964 A M6x8 ','Countersunk screw DIN 964 A M6x8 ',
(#4907));
#4894=PRODUCT_CATEGORY('','');
#4895=PRODUCT_CATEGORY('','');
#4896=PRODUCT_CATEGORY('','');
#4897=PRODUCT_CATEGORY('','');
#4898=PRODUCT_CATEGORY('','');
#4899=PRODUCT_CATEGORY('','');
#4900=PRODUCT_CATEGORY('','');
#4901=PRODUCT_CONTEXT('',#4909,'mechanical');
#4902=PRODUCT_CONTEXT('',#4909,'mechanical');
#4903=PRODUCT_CONTEXT('',#4909,'mechanical');
#4904=PRODUCT_CONTEXT('',#4909,'mechanical');
#4905=PRODUCT_CONTEXT('',#4909,'mechanical');
#4906=PRODUCT_CONTEXT('',#4909,'mechanical');
#4907=PRODUCT_CONTEXT('',#4909,'mechanical');
#4908=APPLICATION_PROTOCOL_DEFINITION('international standard',
'automotive_design',2010,#4909);
#4909=APPLICATION_CONTEXT(
'core data for automotive mechanical design processes');
ENDSEC;
END-ISO-10303-21;
