ISO-10303-21;
HEADER;
/*
 * Generated by a .NET application based on Eyeshot
 * from devDept Software S.r.l. (www.devdept.com)
 */
FILE_DESCRIPTION(
('STEP AP203'),
'2;1');
FILE_NAME ('CasingModel','2024-10-26T11:21:36',( '' ),( '' ),
'Eyeshot 2022.1.376', '', '');
FILE_SCHEMA(('CONFIG_CONTROL_DESIGN'));
ENDSEC;
DATA;
#1=CARTESIAN_POINT('',(0.0,0.0,270.0));
#2=VERTEX_POINT('',#1);
#3=CARTESIAN_POINT('',(293.0,0.0,-23.0));
#4=VERTEX_POINT('',#3);
#5=CARTESIAN_POINT('',(-26.0,0.0,-342.0));
#6=VERTEX_POINT('',#5);
#7=CARTESIAN_POINT('',(-374.0,0.0,6.0));
#8=VERTEX_POINT('',#7);
#9=CARTESIAN_POINT('',(-374.0,0.0,304.8));
#10=VERTEX_POINT('',#9);
#11=CARTESIAN_POINT('',(-376.0,0.0,304.8));
#12=VERTEX_POINT('',#11);
#13=CARTESIAN_POINT('',(-376.0,0.0,6.0));
#14=VERTEX_POINT('',#13);
#15=CARTESIAN_POINT('',(-26.0,0.0,-344.0));
#16=VERTEX_POINT('',#15);
#17=CARTESIAN_POINT('',(295.0,0.0,-23.0));
#18=VERTEX_POINT('',#17);
#19=CARTESIAN_POINT('',(0.0,0.0,272.0));
#20=VERTEX_POINT('',#19);
#21=CARTESIAN_POINT('',(-192.333044482741,0.0,192.333044482741));
#22=VERTEX_POINT('',#21);
#23=CARTESIAN_POINT('',(-190.918830920368,0.0,190.918830920368));
#24=VERTEX_POINT('',#23);
#25=CARTESIAN_POINT('',(0.0,-250.0,270.0));
#26=VERTEX_POINT('',#25);
#27=CARTESIAN_POINT('',(293.0,-250.0,-23.0));
#28=VERTEX_POINT('',#27);
#29=CARTESIAN_POINT('',(-26.0,-250.0,-342.0));
#30=VERTEX_POINT('',#29);
#31=CARTESIAN_POINT('',(-374.0,-250.0,6.0));
#32=VERTEX_POINT('',#31);
#33=CARTESIAN_POINT('',(-374.0,-250.0,304.8));
#34=VERTEX_POINT('',#33);
#35=CARTESIAN_POINT('',(-376.0,-250.0,304.8));
#36=VERTEX_POINT('',#35);
#37=CARTESIAN_POINT('',(-376.0,-250.0,6.0));
#38=VERTEX_POINT('',#37);
#39=CARTESIAN_POINT('',(-26.0,-250.0,-344.0));
#40=VERTEX_POINT('',#39);
#41=CARTESIAN_POINT('',(295.0,-250.0,-23.0));
#42=VERTEX_POINT('',#41);
#43=CARTESIAN_POINT('',(0.0,-250.0,272.0));
#44=VERTEX_POINT('',#43);
#45=CARTESIAN_POINT('',(-192.333044482741,-250.0,192.333044482741));
#46=VERTEX_POINT('',#45);
#47=CARTESIAN_POINT('',(-190.918830920368,-250.0,190.918830920368));
#48=VERTEX_POINT('',#47);
#49=CARTESIAN_POINT('',(0.0,0.0,-23.0));
#50=DIRECTION('',(0.0,1.0,0.0));
#51=DIRECTION('',(-1.0,0.0,0.0));
#52=AXIS2_PLACEMENT_3D('',#49,#50,#51);
#53=CIRCLE('',#52,293.0);
#54=EDGE_CURVE('',#2,#4,#53,.T.);
#55=CARTESIAN_POINT('',(-26.0,0.0,-23.0));
#56=DIRECTION('',(0.0,1.0,0.0));
#57=DIRECTION('',(-1.0,0.0,0.0));
#58=AXIS2_PLACEMENT_3D('',#55,#56,#57);
#59=CIRCLE('',#58,319.0);
#60=EDGE_CURVE('',#4,#6,#59,.T.);
#61=CARTESIAN_POINT('',(-26.0,0.0,6.0));
#62=DIRECTION('',(0.0,1.0,0.0));
#63=DIRECTION('',(-1.0,0.0,0.0));
#64=AXIS2_PLACEMENT_3D('',#61,#62,#63);
#65=CIRCLE('',#64,348.0);
#66=EDGE_CURVE('',#6,#8,#65,.T.);
#67=DIRECTION('',(0.0,0.0,1.0));
#68=VECTOR('',#67, 298.8);
#69=CARTESIAN_POINT('',(-374.0,0.0,6.0));
#70=LINE('',#69,#68);
#71=EDGE_CURVE('',#8,#10,#70,.T.);
#72=DIRECTION('',(-1.0,0.0,0.0));
#73=VECTOR('',#72, 2.0);
#74=CARTESIAN_POINT('',(-374.0,0.0,304.8));
#75=LINE('',#74,#73);
#76=EDGE_CURVE('',#10,#12,#75,.T.);
#77=DIRECTION('',(0.0,0.0,-1.0));
#78=VECTOR('',#77, 298.8);
#79=CARTESIAN_POINT('',(-376.0,0.0,304.8));
#80=LINE('',#79,#78);
#81=EDGE_CURVE('',#12,#14,#80,.T.);
#82=CARTESIAN_POINT('',(-26.0,0.0,6.0));
#83=DIRECTION('',(0.0,-1.0,0.0));
#84=DIRECTION('',(-1.0,0.0,0.0));
#85=AXIS2_PLACEMENT_3D('',#82,#83,#84);
#86=CIRCLE('',#85,350.0);
#87=EDGE_CURVE('',#14,#16,#86,.T.);
#88=CARTESIAN_POINT('',(-26.0,0.0,-23.0));
#89=DIRECTION('',(0.0,-1.0,0.0));
#90=DIRECTION('',(-1.0,0.0,0.0));
#91=AXIS2_PLACEMENT_3D('',#88,#89,#90);
#92=CIRCLE('',#91,321.0);
#93=EDGE_CURVE('',#16,#18,#92,.T.);
#94=CARTESIAN_POINT('',(0.0,0.0,-23.0));
#95=DIRECTION('',(0.0,-1.0,0.0));
#96=DIRECTION('',(-1.0,0.0,0.0));
#97=AXIS2_PLACEMENT_3D('',#94,#95,#96);
#98=CIRCLE('',#97,295.0);
#99=EDGE_CURVE('',#18,#20,#98,.T.);
#100=CARTESIAN_POINT('',(0.0,0.0,0.0));
#101=DIRECTION('',(0.0,-1.0,0.0));
#102=DIRECTION('',(-1.0,0.0,0.0));
#103=AXIS2_PLACEMENT_3D('',#100,#101,#102);
#104=CIRCLE('',#103,272.0);
#105=EDGE_CURVE('',#20,#22,#104,.T.);
#106=DIRECTION('',(0.707106781187,0.0,-0.707106781187));
#107=VECTOR('',#106, 2.0);
#108=CARTESIAN_POINT('',(-192.333044482741,0.0,192.333044482741));
#109=LINE('',#108,#107);
#110=EDGE_CURVE('',#22,#24,#109,.T.);
#111=CARTESIAN_POINT('',(0.0,0.0,0.0));
#112=DIRECTION('',(0.0,1.0,0.0));
#113=DIRECTION('',(-1.0,0.0,0.0));
#114=AXIS2_PLACEMENT_3D('',#111,#112,#113);
#115=CIRCLE('',#114,270.0);
#116=EDGE_CURVE('',#24,#2,#115,.T.);
#117=CARTESIAN_POINT('',(0.0,-250.0,-23.0));
#118=DIRECTION('',(0.0,1.0,0.0));
#119=DIRECTION('',(-1.0,0.0,0.0));
#120=AXIS2_PLACEMENT_3D('',#117,#118,#119);
#121=CIRCLE('',#120,293.0);
#122=EDGE_CURVE('',#26,#28,#121,.T.);
#123=CARTESIAN_POINT('',(-26.0,-250.0,-23.0));
#124=DIRECTION('',(0.0,1.0,0.0));
#125=DIRECTION('',(-1.0,0.0,0.0));
#126=AXIS2_PLACEMENT_3D('',#123,#124,#125);
#127=CIRCLE('',#126,319.0);
#128=EDGE_CURVE('',#28,#30,#127,.T.);
#129=CARTESIAN_POINT('',(-26.0,-250.0,6.0));
#130=DIRECTION('',(0.0,1.0,0.0));
#131=DIRECTION('',(-1.0,0.0,0.0));
#132=AXIS2_PLACEMENT_3D('',#129,#130,#131);
#133=CIRCLE('',#132,348.0);
#134=EDGE_CURVE('',#30,#32,#133,.T.);
#135=DIRECTION('',(0.0,0.0,1.0));
#136=VECTOR('',#135, 298.8);
#137=CARTESIAN_POINT('',(-374.0,-250.0,6.0));
#138=LINE('',#137,#136);
#139=EDGE_CURVE('',#32,#34,#138,.T.);
#140=DIRECTION('',(-1.0,0.0,0.0));
#141=VECTOR('',#140, 2.0);
#142=CARTESIAN_POINT('',(-374.0,-250.0,304.8));
#143=LINE('',#142,#141);
#144=EDGE_CURVE('',#34,#36,#143,.T.);
#145=DIRECTION('',(0.0,0.0,-1.0));
#146=VECTOR('',#145, 298.8);
#147=CARTESIAN_POINT('',(-376.0,-250.0,304.8));
#148=LINE('',#147,#146);
#149=EDGE_CURVE('',#36,#38,#148,.T.);
#150=CARTESIAN_POINT('',(-26.0,-250.0,6.0));
#151=DIRECTION('',(0.0,-1.0,0.0));
#152=DIRECTION('',(-1.0,0.0,0.0));
#153=AXIS2_PLACEMENT_3D('',#150,#151,#152);
#154=CIRCLE('',#153,350.0);
#155=EDGE_CURVE('',#38,#40,#154,.T.);
#156=CARTESIAN_POINT('',(-26.0,-250.0,-23.0));
#157=DIRECTION('',(0.0,-1.0,0.0));
#158=DIRECTION('',(-1.0,0.0,0.0));
#159=AXIS2_PLACEMENT_3D('',#156,#157,#158);
#160=CIRCLE('',#159,321.0);
#161=EDGE_CURVE('',#40,#42,#160,.T.);
#162=CARTESIAN_POINT('',(0.0,-250.0,-23.0));
#163=DIRECTION('',(0.0,-1.0,0.0));
#164=DIRECTION('',(-1.0,0.0,0.0));
#165=AXIS2_PLACEMENT_3D('',#162,#163,#164);
#166=CIRCLE('',#165,295.0);
#167=EDGE_CURVE('',#42,#44,#166,.T.);
#168=CARTESIAN_POINT('',(0.0,-250.0,0.0));
#169=DIRECTION('',(0.0,-1.0,0.0));
#170=DIRECTION('',(-1.0,0.0,0.0));
#171=AXIS2_PLACEMENT_3D('',#168,#169,#170);
#172=CIRCLE('',#171,272.0);
#173=EDGE_CURVE('',#44,#46,#172,.T.);
#174=DIRECTION('',(0.707106781187,0.0,-0.707106781187));
#175=VECTOR('',#174, 2.0);
#176=CARTESIAN_POINT('',(-192.333044482741,-250.0,192.333044482741));
#177=LINE('',#176,#175);
#178=EDGE_CURVE('',#46,#48,#177,.T.);
#179=CARTESIAN_POINT('',(0.0,-250.0,0.0));
#180=DIRECTION('',(0.0,1.0,0.0));
#181=DIRECTION('',(-1.0,0.0,0.0));
#182=AXIS2_PLACEMENT_3D('',#179,#180,#181);
#183=CIRCLE('',#182,270.0);
#184=EDGE_CURVE('',#48,#26,#183,.T.);
#185=DIRECTION('',(0.0,-1.0,0.0));
#186=VECTOR('',#185, 250.0);
#187=CARTESIAN_POINT('',(0.0,0.0,270.0));
#188=LINE('',#187,#186);
#189=EDGE_CURVE('',#2,#26,#188,.T.);
#190=DIRECTION('',(0.0,-1.0,0.0));
#191=VECTOR('',#190, 250.0);
#192=CARTESIAN_POINT('',(293.0,0.0,-23.0));
#193=LINE('',#192,#191);
#194=EDGE_CURVE('',#4,#28,#193,.T.);
#195=DIRECTION('',(0.0,-1.0,0.0));
#196=VECTOR('',#195, 250.0);
#197=CARTESIAN_POINT('',(-26.0,0.0,-342.0));
#198=LINE('',#197,#196);
#199=EDGE_CURVE('',#6,#30,#198,.T.);
#200=DIRECTION('',(0.0,-1.0,0.0));
#201=VECTOR('',#200, 250.0);
#202=CARTESIAN_POINT('',(-374.0,0.0,6.0));
#203=LINE('',#202,#201);
#204=EDGE_CURVE('',#8,#32,#203,.T.);
#205=DIRECTION('',(0.0,-1.0,0.0));
#206=VECTOR('',#205, 250.0);
#207=CARTESIAN_POINT('',(-374.0,0.0,304.8));
#208=LINE('',#207,#206);
#209=EDGE_CURVE('',#10,#34,#208,.T.);
#210=DIRECTION('',(0.0,-1.0,0.0));
#211=VECTOR('',#210, 250.0);
#212=CARTESIAN_POINT('',(-376.0,0.0,304.8));
#213=LINE('',#212,#211);
#214=EDGE_CURVE('',#12,#36,#213,.T.);
#215=DIRECTION('',(0.0,-1.0,0.0));
#216=VECTOR('',#215, 250.0);
#217=CARTESIAN_POINT('',(-376.0,0.0,6.0));
#218=LINE('',#217,#216);
#219=EDGE_CURVE('',#14,#38,#218,.T.);
#220=DIRECTION('',(0.0,-1.0,0.0));
#221=VECTOR('',#220, 250.0);
#222=CARTESIAN_POINT('',(-26.0,0.0,-344.0));
#223=LINE('',#222,#221);
#224=EDGE_CURVE('',#16,#40,#223,.T.);
#225=DIRECTION('',(0.0,-1.0,0.0));
#226=VECTOR('',#225, 250.0);
#227=CARTESIAN_POINT('',(295.0,0.0,-23.0));
#228=LINE('',#227,#226);
#229=EDGE_CURVE('',#18,#42,#228,.T.);
#230=DIRECTION('',(0.0,-1.0,0.0));
#231=VECTOR('',#230, 250.0);
#232=CARTESIAN_POINT('',(0.0,0.0,272.0));
#233=LINE('',#232,#231);
#234=EDGE_CURVE('',#20,#44,#233,.T.);
#235=DIRECTION('',(0.0,-1.0,0.0));
#236=VECTOR('',#235, 250.0);
#237=CARTESIAN_POINT('',(-192.333044482741,0.0,192.333044482741));
#238=LINE('',#237,#236);
#239=EDGE_CURVE('',#22,#46,#238,.T.);
#240=DIRECTION('',(0.0,-1.0,0.0));
#241=VECTOR('',#240, 250.0);
#242=CARTESIAN_POINT('',(-190.918830920368,0.0,190.918830920368));
#243=LINE('',#242,#241);
#244=EDGE_CURVE('',#24,#48,#243,.T.);
#245=ORIENTED_EDGE('',*,*,#54,.T.);
#246=ORIENTED_EDGE('',*,*,#194,.T.);
#247=ORIENTED_EDGE('',*,*,#122,.F.);
#248=ORIENTED_EDGE('',*,*,#189,.F.);
#249=ORIENTED_EDGE('',*,*,#60,.T.);
#250=ORIENTED_EDGE('',*,*,#199,.T.);
#251=ORIENTED_EDGE('',*,*,#128,.F.);
#252=ORIENTED_EDGE('',*,*,#194,.F.);
#253=ORIENTED_EDGE('',*,*,#66,.T.);
#254=ORIENTED_EDGE('',*,*,#204,.T.);
#255=ORIENTED_EDGE('',*,*,#134,.F.);
#256=ORIENTED_EDGE('',*,*,#199,.F.);
#257=ORIENTED_EDGE('',*,*,#71,.T.);
#258=ORIENTED_EDGE('',*,*,#209,.T.);
#259=ORIENTED_EDGE('',*,*,#139,.F.);
#260=ORIENTED_EDGE('',*,*,#204,.F.);
#261=ORIENTED_EDGE('',*,*,#76,.T.);
#262=ORIENTED_EDGE('',*,*,#214,.T.);
#263=ORIENTED_EDGE('',*,*,#144,.F.);
#264=ORIENTED_EDGE('',*,*,#209,.F.);
#265=ORIENTED_EDGE('',*,*,#81,.T.);
#266=ORIENTED_EDGE('',*,*,#219,.T.);
#267=ORIENTED_EDGE('',*,*,#149,.F.);
#268=ORIENTED_EDGE('',*,*,#214,.F.);
#269=ORIENTED_EDGE('',*,*,#87,.T.);
#270=ORIENTED_EDGE('',*,*,#224,.T.);
#271=ORIENTED_EDGE('',*,*,#155,.F.);
#272=ORIENTED_EDGE('',*,*,#219,.F.);
#273=ORIENTED_EDGE('',*,*,#93,.T.);
#274=ORIENTED_EDGE('',*,*,#229,.T.);
#275=ORIENTED_EDGE('',*,*,#161,.F.);
#276=ORIENTED_EDGE('',*,*,#224,.F.);
#277=ORIENTED_EDGE('',*,*,#99,.T.);
#278=ORIENTED_EDGE('',*,*,#234,.T.);
#279=ORIENTED_EDGE('',*,*,#167,.F.);
#280=ORIENTED_EDGE('',*,*,#229,.F.);
#281=ORIENTED_EDGE('',*,*,#105,.T.);
#282=ORIENTED_EDGE('',*,*,#239,.T.);
#283=ORIENTED_EDGE('',*,*,#173,.F.);
#284=ORIENTED_EDGE('',*,*,#234,.F.);
#285=ORIENTED_EDGE('',*,*,#110,.T.);
#286=ORIENTED_EDGE('',*,*,#244,.T.);
#287=ORIENTED_EDGE('',*,*,#178,.F.);
#288=ORIENTED_EDGE('',*,*,#239,.F.);
#289=ORIENTED_EDGE('',*,*,#116,.T.);
#290=ORIENTED_EDGE('',*,*,#189,.T.);
#291=ORIENTED_EDGE('',*,*,#184,.F.);
#292=ORIENTED_EDGE('',*,*,#244,.F.);
#293=ORIENTED_EDGE('',*,*,#54,.T.);
#294=ORIENTED_EDGE('',*,*,#60,.T.);
#295=ORIENTED_EDGE('',*,*,#66,.T.);
#296=ORIENTED_EDGE('',*,*,#71,.T.);
#297=ORIENTED_EDGE('',*,*,#76,.T.);
#298=ORIENTED_EDGE('',*,*,#81,.T.);
#299=ORIENTED_EDGE('',*,*,#87,.T.);
#300=ORIENTED_EDGE('',*,*,#93,.T.);
#301=ORIENTED_EDGE('',*,*,#99,.T.);
#302=ORIENTED_EDGE('',*,*,#105,.T.);
#303=ORIENTED_EDGE('',*,*,#110,.T.);
#304=ORIENTED_EDGE('',*,*,#116,.T.);
#305=ORIENTED_EDGE('',*,*,#122,.T.);
#306=ORIENTED_EDGE('',*,*,#128,.T.);
#307=ORIENTED_EDGE('',*,*,#134,.T.);
#308=ORIENTED_EDGE('',*,*,#139,.T.);
#309=ORIENTED_EDGE('',*,*,#144,.T.);
#310=ORIENTED_EDGE('',*,*,#149,.T.);
#311=ORIENTED_EDGE('',*,*,#155,.T.);
#312=ORIENTED_EDGE('',*,*,#161,.T.);
#313=ORIENTED_EDGE('',*,*,#167,.T.);
#314=ORIENTED_EDGE('',*,*,#173,.T.);
#315=ORIENTED_EDGE('',*,*,#178,.T.);
#316=ORIENTED_EDGE('',*,*,#184,.T.);
#317=CARTESIAN_POINT('',(0.0,0.0,-23.0));
#318=DIRECTION('',(0.0,1.0,0.0));
#319=DIRECTION('',(-1.0,0.0,0.0));
#320=AXIS2_PLACEMENT_3D('',#317,#318,#319);
#321=CIRCLE('',#320,293.0);
#322=DIRECTION('',(0.0,-1.0,0.0));
#323=VECTOR('',#322, 250.0);
#324=SURFACE_OF_LINEAR_EXTRUSION('',#321,#323);
#325=EDGE_LOOP('',(#245,#246,#247,#248));
#326=FACE_OUTER_BOUND('',#325,.T.);
#327=ADVANCED_FACE('',(#326),#324,.T.);
#328=CARTESIAN_POINT('',(-26.0,0.0,-23.0));
#329=DIRECTION('',(0.0,1.0,0.0));
#330=DIRECTION('',(-1.0,0.0,0.0));
#331=AXIS2_PLACEMENT_3D('',#328,#329,#330);
#332=CIRCLE('',#331,319.0);
#333=DIRECTION('',(0.0,-1.0,0.0));
#334=VECTOR('',#333, 250.0);
#335=SURFACE_OF_LINEAR_EXTRUSION('',#332,#334);
#336=EDGE_LOOP('',(#249,#250,#251,#252));
#337=FACE_OUTER_BOUND('',#336,.T.);
#338=ADVANCED_FACE('',(#337),#335,.T.);
#339=CARTESIAN_POINT('',(-26.0,0.0,6.0));
#340=DIRECTION('',(0.0,1.0,0.0));
#341=DIRECTION('',(-1.0,0.0,0.0));
#342=AXIS2_PLACEMENT_3D('',#339,#340,#341);
#343=CIRCLE('',#342,348.0);
#344=DIRECTION('',(0.0,-1.0,0.0));
#345=VECTOR('',#344, 250.0);
#346=SURFACE_OF_LINEAR_EXTRUSION('',#343,#345);
#347=EDGE_LOOP('',(#253,#254,#255,#256));
#348=FACE_OUTER_BOUND('',#347,.T.);
#349=ADVANCED_FACE('',(#348),#346,.T.);
#350=DIRECTION('',(0.0,0.0,1.0));
#351=VECTOR('',#350, 298.8);
#352=CARTESIAN_POINT('',(-374.0,0.0,6.0));
#353=LINE('',#352,#351);
#354=DIRECTION('',(0.0,-1.0,0.0));
#355=VECTOR('',#354, 250.0);
#356=SURFACE_OF_LINEAR_EXTRUSION('',#353,#355);
#357=EDGE_LOOP('',(#257,#258,#259,#260));
#358=FACE_OUTER_BOUND('',#357,.T.);
#359=ADVANCED_FACE('',(#358),#356,.T.);
#360=DIRECTION('',(-1.0,0.0,0.0));
#361=VECTOR('',#360, 2.0);
#362=CARTESIAN_POINT('',(-374.0,0.0,304.8));
#363=LINE('',#362,#361);
#364=DIRECTION('',(0.0,-1.0,0.0));
#365=VECTOR('',#364, 250.0);
#366=SURFACE_OF_LINEAR_EXTRUSION('',#363,#365);
#367=EDGE_LOOP('',(#261,#262,#263,#264));
#368=FACE_OUTER_BOUND('',#367,.T.);
#369=ADVANCED_FACE('',(#368),#366,.T.);
#370=DIRECTION('',(0.0,0.0,-1.0));
#371=VECTOR('',#370, 298.8);
#372=CARTESIAN_POINT('',(-376.0,0.0,304.8));
#373=LINE('',#372,#371);
#374=DIRECTION('',(0.0,-1.0,0.0));
#375=VECTOR('',#374, 250.0);
#376=SURFACE_OF_LINEAR_EXTRUSION('',#373,#375);
#377=EDGE_LOOP('',(#265,#266,#267,#268));
#378=FACE_OUTER_BOUND('',#377,.T.);
#379=ADVANCED_FACE('',(#378),#376,.T.);
#380=CARTESIAN_POINT('',(-26.0,0.0,6.0));
#381=DIRECTION('',(0.0,-1.0,0.0));
#382=DIRECTION('',(-1.0,0.0,0.0));
#383=AXIS2_PLACEMENT_3D('',#380,#381,#382);
#384=CIRCLE('',#383,350.0);
#385=DIRECTION('',(0.0,-1.0,0.0));
#386=VECTOR('',#385, 250.0);
#387=SURFACE_OF_LINEAR_EXTRUSION('',#384,#386);
#388=EDGE_LOOP('',(#269,#270,#271,#272));
#389=FACE_OUTER_BOUND('',#388,.T.);
#390=ADVANCED_FACE('',(#389),#387,.T.);
#391=CARTESIAN_POINT('',(-26.0,0.0,-23.0));
#392=DIRECTION('',(0.0,-1.0,0.0));
#393=DIRECTION('',(-1.0,0.0,0.0));
#394=AXIS2_PLACEMENT_3D('',#391,#392,#393);
#395=CIRCLE('',#394,321.0);
#396=DIRECTION('',(0.0,-1.0,0.0));
#397=VECTOR('',#396, 250.0);
#398=SURFACE_OF_LINEAR_EXTRUSION('',#395,#397);
#399=EDGE_LOOP('',(#273,#274,#275,#276));
#400=FACE_OUTER_BOUND('',#399,.T.);
#401=ADVANCED_FACE('',(#400),#398,.T.);
#402=CARTESIAN_POINT('',(0.0,0.0,-23.0));
#403=DIRECTION('',(0.0,-1.0,0.0));
#404=DIRECTION('',(-1.0,0.0,0.0));
#405=AXIS2_PLACEMENT_3D('',#402,#403,#404);
#406=CIRCLE('',#405,295.0);
#407=DIRECTION('',(0.0,-1.0,0.0));
#408=VECTOR('',#407, 250.0);
#409=SURFACE_OF_LINEAR_EXTRUSION('',#406,#408);
#410=EDGE_LOOP('',(#277,#278,#279,#280));
#411=FACE_OUTER_BOUND('',#410,.T.);
#412=ADVANCED_FACE('',(#411),#409,.T.);
#413=CARTESIAN_POINT('',(0.0,0.0,0.0));
#414=DIRECTION('',(0.0,-1.0,0.0));
#415=DIRECTION('',(-1.0,0.0,0.0));
#416=AXIS2_PLACEMENT_3D('',#413,#414,#415);
#417=CIRCLE('',#416,272.0);
#418=DIRECTION('',(0.0,-1.0,0.0));
#419=VECTOR('',#418, 250.0);
#420=SURFACE_OF_LINEAR_EXTRUSION('',#417,#419);
#421=EDGE_LOOP('',(#281,#282,#283,#284));
#422=FACE_OUTER_BOUND('',#421,.T.);
#423=ADVANCED_FACE('',(#422),#420,.T.);
#424=DIRECTION('',(0.707106781187,0.0,-0.707106781187));
#425=VECTOR('',#424, 2.0);
#426=CARTESIAN_POINT('',(-192.333044482741,0.0,192.333044482741));
#427=LINE('',#426,#425);
#428=DIRECTION('',(0.0,-1.0,0.0));
#429=VECTOR('',#428, 250.0);
#430=SURFACE_OF_LINEAR_EXTRUSION('',#427,#429);
#431=EDGE_LOOP('',(#285,#286,#287,#288));
#432=FACE_OUTER_BOUND('',#431,.T.);
#433=ADVANCED_FACE('',(#432),#430,.T.);
#434=CARTESIAN_POINT('',(0.0,0.0,0.0));
#435=DIRECTION('',(0.0,1.0,0.0));
#436=DIRECTION('',(-1.0,0.0,0.0));
#437=AXIS2_PLACEMENT_3D('',#434,#435,#436);
#438=CIRCLE('',#437,270.0);
#439=DIRECTION('',(0.0,-1.0,0.0));
#440=VECTOR('',#439, 250.0);
#441=SURFACE_OF_LINEAR_EXTRUSION('',#438,#440);
#442=EDGE_LOOP('',(#289,#290,#291,#292));
#443=FACE_OUTER_BOUND('',#442,.T.);
#444=ADVANCED_FACE('',(#443),#441,.T.);
#445=CARTESIAN_POINT('',(0.0,0.0,270.0));
#446=DIRECTION('',(0.0,-1.0,0.0));
#447=DIRECTION('',(0.0,0.0,1.0));
#448=AXIS2_PLACEMENT_3D('',#445,#446,#447);
#449=PLANE ( 'NONE',#448);
#450=EDGE_LOOP('',(#293,#294,#295,#296,#297,#298,#299,#300,#301,#302,#303,#304));
#451=FACE_OUTER_BOUND('',#450,.F.);
#452=ADVANCED_FACE('',(#451),#449,.F.);
#453=CARTESIAN_POINT('',(0.0,-250.0,270.0));
#454=DIRECTION('',(0.0,-1.0,0.0));
#455=DIRECTION('',(0.0,0.0,1.0));
#456=AXIS2_PLACEMENT_3D('',#453,#454,#455);
#457=PLANE ( 'NONE',#456);
#458=EDGE_LOOP('',(#305,#306,#307,#308,#309,#310,#311,#312,#313,#314,#315,#316));
#459=FACE_OUTER_BOUND('',#458,.T.);
#460=ADVANCED_FACE('',(#459),#457,.T.);
#461=CLOSED_SHELL('',(#327,#338,#349,#359,#369,#379,#390,#401,#412,#423,#433,#444,#452,#460));
#462=MANIFOLD_SOLID_BREP('solid_461',#461);
#463=(NAMED_UNIT(*)SI_UNIT($,.STERADIAN.)SOLID_ANGLE_UNIT());
#464=(NAMED_UNIT(*)PLANE_ANGLE_UNIT()SI_UNIT($,.RADIAN.));
#465=(LENGTH_UNIT()NAMED_UNIT(*)SI_UNIT(.MILLI.,.METRE.));
#466=UNCERTAINTY_MEASURE_WITH_UNIT(LENGTH_MEASURE(1.0E-5),#465,'DISTANCE_ACCURACY_VALUE','');
#467=(GEOMETRIC_REPRESENTATION_CONTEXT(3)GLOBAL_UNCERTAINTY_ASSIGNED_CONTEXT((#466))GLOBAL_UNIT_ASSIGNED_CONTEXT((#465,#463,#464))REPRESENTATION_CONTEXT('None','None'));
#468=SHAPE_REPRESENTATION('',(#462),#467);
#469=COLOUR_RGB($,0.0,0.0,0.0);
#470=FILL_AREA_STYLE_COLOUR('',#469);
#471=FILL_AREA_STYLE('',(#470));
#472=SURFACE_STYLE_FILL_AREA(#471);
#473=SURFACE_SIDE_STYLE('',(#472));
#474=SURFACE_STYLE_USAGE(.BOTH.,#473);
#475=PRESENTATION_STYLE_ASSIGNMENT((#474));
#476=STYLED_ITEM('',(#475),#462);
#477=CARTESIAN_POINT('',(-167.0,0.0,304.8));
#478=VERTEX_POINT('',#477);
#479=CARTESIAN_POINT('',(-167.0,0.0,272.0));
#480=VERTEX_POINT('',#479);
#481=CARTESIAN_POINT('',(0.0,0.0,272.0));
#482=VERTEX_POINT('',#481);
#483=CARTESIAN_POINT('',(0.0,0.0,274.0));
#484=VERTEX_POINT('',#483);
#485=CARTESIAN_POINT('',(-165.0,0.0,274.0));
#486=VERTEX_POINT('',#485);
#487=CARTESIAN_POINT('',(-165.0,0.0,304.8));
#488=VERTEX_POINT('',#487);
#489=CARTESIAN_POINT('',(-167.0,-250.0,304.8));
#490=VERTEX_POINT('',#489);
#491=CARTESIAN_POINT('',(-167.0,-250.0,272.0));
#492=VERTEX_POINT('',#491);
#493=CARTESIAN_POINT('',(0.0,-250.0,272.0));
#494=VERTEX_POINT('',#493);
#495=CARTESIAN_POINT('',(0.0,-250.0,274.0));
#496=VERTEX_POINT('',#495);
#497=CARTESIAN_POINT('',(-165.0,-250.0,274.0));
#498=VERTEX_POINT('',#497);
#499=CARTESIAN_POINT('',(-165.0,-250.0,304.8));
#500=VERTEX_POINT('',#499);
#501=DIRECTION('',(0.0,0.0,-1.0));
#502=VECTOR('',#501, 32.8);
#503=CARTESIAN_POINT('',(-167.0,0.0,304.8));
#504=LINE('',#503,#502);
#505=EDGE_CURVE('',#478,#480,#504,.T.);
#506=DIRECTION('',(1.0,0.0,0.0));
#507=VECTOR('',#506, 167.0);
#508=CARTESIAN_POINT('',(-167.0,0.0,272.0));
#509=LINE('',#508,#507);
#510=EDGE_CURVE('',#480,#482,#509,.T.);
#511=DIRECTION('',(0.0,0.0,1.0));
#512=VECTOR('',#511, 2.0);
#513=CARTESIAN_POINT('',(0.0,0.0,272.0));
#514=LINE('',#513,#512);
#515=EDGE_CURVE('',#482,#484,#514,.T.);
#516=DIRECTION('',(-1.0,0.0,0.0));
#517=VECTOR('',#516, 165.0);
#518=CARTESIAN_POINT('',(0.0,0.0,274.0));
#519=LINE('',#518,#517);
#520=EDGE_CURVE('',#484,#486,#519,.T.);
#521=DIRECTION('',(0.0,0.0,1.0));
#522=VECTOR('',#521, 30.8);
#523=CARTESIAN_POINT('',(-165.0,0.0,274.0));
#524=LINE('',#523,#522);
#525=EDGE_CURVE('',#486,#488,#524,.T.);
#526=DIRECTION('',(-1.0,0.0,0.0));
#527=VECTOR('',#526, 2.0);
#528=CARTESIAN_POINT('',(-165.0,0.0,304.8));
#529=LINE('',#528,#527);
#530=EDGE_CURVE('',#488,#478,#529,.T.);
#531=DIRECTION('',(0.0,0.0,-1.0));
#532=VECTOR('',#531, 32.8);
#533=CARTESIAN_POINT('',(-167.0,-250.0,304.8));
#534=LINE('',#533,#532);
#535=EDGE_CURVE('',#490,#492,#534,.T.);
#536=DIRECTION('',(1.0,0.0,0.0));
#537=VECTOR('',#536, 167.0);
#538=CARTESIAN_POINT('',(-167.0,-250.0,272.0));
#539=LINE('',#538,#537);
#540=EDGE_CURVE('',#492,#494,#539,.T.);
#541=DIRECTION('',(0.0,0.0,1.0));
#542=VECTOR('',#541, 2.0);
#543=CARTESIAN_POINT('',(0.0,-250.0,272.0));
#544=LINE('',#543,#542);
#545=EDGE_CURVE('',#494,#496,#544,.T.);
#546=DIRECTION('',(-1.0,0.0,0.0));
#547=VECTOR('',#546, 165.0);
#548=CARTESIAN_POINT('',(0.0,-250.0,274.0));
#549=LINE('',#548,#547);
#550=EDGE_CURVE('',#496,#498,#549,.T.);
#551=DIRECTION('',(0.0,0.0,1.0));
#552=VECTOR('',#551, 30.8);
#553=CARTESIAN_POINT('',(-165.0,-250.0,274.0));
#554=LINE('',#553,#552);
#555=EDGE_CURVE('',#498,#500,#554,.T.);
#556=DIRECTION('',(-1.0,0.0,0.0));
#557=VECTOR('',#556, 2.0);
#558=CARTESIAN_POINT('',(-165.0,-250.0,304.8));
#559=LINE('',#558,#557);
#560=EDGE_CURVE('',#500,#490,#559,.T.);
#561=DIRECTION('',(0.0,-1.0,0.0));
#562=VECTOR('',#561, 250.0);
#563=CARTESIAN_POINT('',(-167.0,0.0,304.8));
#564=LINE('',#563,#562);
#565=EDGE_CURVE('',#478,#490,#564,.T.);
#566=DIRECTION('',(0.0,-1.0,0.0));
#567=VECTOR('',#566, 250.0);
#568=CARTESIAN_POINT('',(-167.0,0.0,272.0));
#569=LINE('',#568,#567);
#570=EDGE_CURVE('',#480,#492,#569,.T.);
#571=DIRECTION('',(0.0,-1.0,0.0));
#572=VECTOR('',#571, 250.0);
#573=CARTESIAN_POINT('',(0.0,0.0,272.0));
#574=LINE('',#573,#572);
#575=EDGE_CURVE('',#482,#494,#574,.T.);
#576=DIRECTION('',(0.0,-1.0,0.0));
#577=VECTOR('',#576, 250.0);
#578=CARTESIAN_POINT('',(0.0,0.0,274.0));
#579=LINE('',#578,#577);
#580=EDGE_CURVE('',#484,#496,#579,.T.);
#581=DIRECTION('',(0.0,-1.0,0.0));
#582=VECTOR('',#581, 250.0);
#583=CARTESIAN_POINT('',(-165.0,0.0,274.0));
#584=LINE('',#583,#582);
#585=EDGE_CURVE('',#486,#498,#584,.T.);
#586=DIRECTION('',(0.0,-1.0,0.0));
#587=VECTOR('',#586, 250.0);
#588=CARTESIAN_POINT('',(-165.0,0.0,304.8));
#589=LINE('',#588,#587);
#590=EDGE_CURVE('',#488,#500,#589,.T.);
#591=ORIENTED_EDGE('',*,*,#505,.T.);
#592=ORIENTED_EDGE('',*,*,#570,.T.);
#593=ORIENTED_EDGE('',*,*,#535,.F.);
#594=ORIENTED_EDGE('',*,*,#565,.F.);
#595=ORIENTED_EDGE('',*,*,#510,.T.);
#596=ORIENTED_EDGE('',*,*,#575,.T.);
#597=ORIENTED_EDGE('',*,*,#540,.F.);
#598=ORIENTED_EDGE('',*,*,#570,.F.);
#599=ORIENTED_EDGE('',*,*,#515,.T.);
#600=ORIENTED_EDGE('',*,*,#580,.T.);
#601=ORIENTED_EDGE('',*,*,#545,.F.);
#602=ORIENTED_EDGE('',*,*,#575,.F.);
#603=ORIENTED_EDGE('',*,*,#520,.T.);
#604=ORIENTED_EDGE('',*,*,#585,.T.);
#605=ORIENTED_EDGE('',*,*,#550,.F.);
#606=ORIENTED_EDGE('',*,*,#580,.F.);
#607=ORIENTED_EDGE('',*,*,#525,.T.);
#608=ORIENTED_EDGE('',*,*,#590,.T.);
#609=ORIENTED_EDGE('',*,*,#555,.F.);
#610=ORIENTED_EDGE('',*,*,#585,.F.);
#611=ORIENTED_EDGE('',*,*,#530,.T.);
#612=ORIENTED_EDGE('',*,*,#565,.T.);
#613=ORIENTED_EDGE('',*,*,#560,.F.);
#614=ORIENTED_EDGE('',*,*,#590,.F.);
#615=ORIENTED_EDGE('',*,*,#505,.T.);
#616=ORIENTED_EDGE('',*,*,#510,.T.);
#617=ORIENTED_EDGE('',*,*,#515,.T.);
#618=ORIENTED_EDGE('',*,*,#520,.T.);
#619=ORIENTED_EDGE('',*,*,#525,.T.);
#620=ORIENTED_EDGE('',*,*,#530,.T.);
#621=ORIENTED_EDGE('',*,*,#535,.T.);
#622=ORIENTED_EDGE('',*,*,#540,.T.);
#623=ORIENTED_EDGE('',*,*,#545,.T.);
#624=ORIENTED_EDGE('',*,*,#550,.T.);
#625=ORIENTED_EDGE('',*,*,#555,.T.);
#626=ORIENTED_EDGE('',*,*,#560,.T.);
#627=DIRECTION('',(0.0,0.0,-1.0));
#628=VECTOR('',#627, 32.8);
#629=CARTESIAN_POINT('',(-167.0,0.0,304.8));
#630=LINE('',#629,#628);
#631=DIRECTION('',(0.0,-1.0,0.0));
#632=VECTOR('',#631, 250.0);
#633=SURFACE_OF_LINEAR_EXTRUSION('',#630,#632);
#634=EDGE_LOOP('',(#591,#592,#593,#594));
#635=FACE_OUTER_BOUND('',#634,.T.);
#636=ADVANCED_FACE('',(#635),#633,.T.);
#637=DIRECTION('',(1.0,0.0,0.0));
#638=VECTOR('',#637, 167.0);
#639=CARTESIAN_POINT('',(-167.0,0.0,272.0));
#640=LINE('',#639,#638);
#641=DIRECTION('',(0.0,-1.0,0.0));
#642=VECTOR('',#641, 250.0);
#643=SURFACE_OF_LINEAR_EXTRUSION('',#640,#642);
#644=EDGE_LOOP('',(#595,#596,#597,#598));
#645=FACE_OUTER_BOUND('',#644,.T.);
#646=ADVANCED_FACE('',(#645),#643,.T.);
#647=DIRECTION('',(0.0,0.0,1.0));
#648=VECTOR('',#647, 2.0);
#649=CARTESIAN_POINT('',(0.0,0.0,272.0));
#650=LINE('',#649,#648);
#651=DIRECTION('',(0.0,-1.0,0.0));
#652=VECTOR('',#651, 250.0);
#653=SURFACE_OF_LINEAR_EXTRUSION('',#650,#652);
#654=EDGE_LOOP('',(#599,#600,#601,#602));
#655=FACE_OUTER_BOUND('',#654,.T.);
#656=ADVANCED_FACE('',(#655),#653,.T.);
#657=DIRECTION('',(-1.0,0.0,0.0));
#658=VECTOR('',#657, 165.0);
#659=CARTESIAN_POINT('',(0.0,0.0,274.0));
#660=LINE('',#659,#658);
#661=DIRECTION('',(0.0,-1.0,0.0));
#662=VECTOR('',#661, 250.0);
#663=SURFACE_OF_LINEAR_EXTRUSION('',#660,#662);
#664=EDGE_LOOP('',(#603,#604,#605,#606));
#665=FACE_OUTER_BOUND('',#664,.T.);
#666=ADVANCED_FACE('',(#665),#663,.T.);
#667=DIRECTION('',(0.0,0.0,1.0));
#668=VECTOR('',#667, 30.8);
#669=CARTESIAN_POINT('',(-165.0,0.0,274.0));
#670=LINE('',#669,#668);
#671=DIRECTION('',(0.0,-1.0,0.0));
#672=VECTOR('',#671, 250.0);
#673=SURFACE_OF_LINEAR_EXTRUSION('',#670,#672);
#674=EDGE_LOOP('',(#607,#608,#609,#610));
#675=FACE_OUTER_BOUND('',#674,.T.);
#676=ADVANCED_FACE('',(#675),#673,.T.);
#677=DIRECTION('',(-1.0,0.0,0.0));
#678=VECTOR('',#677, 2.0);
#679=CARTESIAN_POINT('',(-165.0,0.0,304.8));
#680=LINE('',#679,#678);
#681=DIRECTION('',(0.0,-1.0,0.0));
#682=VECTOR('',#681, 250.0);
#683=SURFACE_OF_LINEAR_EXTRUSION('',#680,#682);
#684=EDGE_LOOP('',(#611,#612,#613,#614));
#685=FACE_OUTER_BOUND('',#684,.T.);
#686=ADVANCED_FACE('',(#685),#683,.T.);
#687=CARTESIAN_POINT('',(-167.0,0.0,304.8));
#688=DIRECTION('',(0.0,-1.0,0.0));
#689=DIRECTION('',(0.0,0.0,1.0));
#690=AXIS2_PLACEMENT_3D('',#687,#688,#689);
#691=PLANE ( 'NONE',#690);
#692=EDGE_LOOP('',(#615,#616,#617,#618,#619,#620));
#693=FACE_OUTER_BOUND('',#692,.F.);
#694=ADVANCED_FACE('',(#693),#691,.F.);
#695=CARTESIAN_POINT('',(-167.0,-250.0,304.8));
#696=DIRECTION('',(0.0,-1.0,0.0));
#697=DIRECTION('',(0.0,0.0,1.0));
#698=AXIS2_PLACEMENT_3D('',#695,#696,#697);
#699=PLANE ( 'NONE',#698);
#700=EDGE_LOOP('',(#621,#622,#623,#624,#625,#626));
#701=FACE_OUTER_BOUND('',#700,.T.);
#702=ADVANCED_FACE('',(#701),#699,.T.);
#703=CLOSED_SHELL('',(#636,#646,#656,#666,#676,#686,#694,#702));
#704=MANIFOLD_SOLID_BREP('solid_703',#703);
#705=(NAMED_UNIT(*)SI_UNIT($,.STERADIAN.)SOLID_ANGLE_UNIT());
#706=(NAMED_UNIT(*)PLANE_ANGLE_UNIT()SI_UNIT($,.RADIAN.));
#707=(LENGTH_UNIT()NAMED_UNIT(*)SI_UNIT(.MILLI.,.METRE.));
#708=UNCERTAINTY_MEASURE_WITH_UNIT(LENGTH_MEASURE(1.0E-5),#707,'DISTANCE_ACCURACY_VALUE','');
#709=(GEOMETRIC_REPRESENTATION_CONTEXT(3)GLOBAL_UNCERTAINTY_ASSIGNED_CONTEXT((#708))GLOBAL_UNIT_ASSIGNED_CONTEXT((#707,#705,#706))REPRESENTATION_CONTEXT('None','None'));
#710=SHAPE_REPRESENTATION('',(#704),#709);
#711=COLOUR_RGB($,0.0,0.0,0.0);
#712=FILL_AREA_STYLE_COLOUR('',#711);
#713=FILL_AREA_STYLE('',(#712));
#714=SURFACE_STYLE_FILL_AREA(#713);
#715=SURFACE_SIDE_STYLE('',(#714));
#716=SURFACE_STYLE_USAGE(.BOTH.,#715);
#717=PRESENTATION_STYLE_ASSIGNMENT((#716));
#718=STYLED_ITEM('',(#717),#704);
#719=CARTESIAN_POINT('',(0.0,0.0,270.0));
#720=VERTEX_POINT('',#719);
#721=CARTESIAN_POINT('',(293.0,0.0,-23.0));
#722=VERTEX_POINT('',#721);
#723=CARTESIAN_POINT('',(-26.0,0.0,-342.0));
#724=VERTEX_POINT('',#723);
#725=CARTESIAN_POINT('',(-374.0,0.0,6.0));
#726=VERTEX_POINT('',#725);
#727=CARTESIAN_POINT('',(-374.0,0.0,304.8));
#728=VERTEX_POINT('',#727);
#729=CARTESIAN_POINT('',(-165.0,0.0,304.8));
#730=VERTEX_POINT('',#729);
#731=CARTESIAN_POINT('',(-165.0,0.0,270.0));
#732=VERTEX_POINT('',#731);
#733=CARTESIAN_POINT('',(0.0,2.0,270.0));
#734=VERTEX_POINT('',#733);
#735=CARTESIAN_POINT('',(293.0,2.0,-23.0));
#736=VERTEX_POINT('',#735);
#737=CARTESIAN_POINT('',(-26.0,2.0,-342.0));
#738=VERTEX_POINT('',#737);
#739=CARTESIAN_POINT('',(-374.0,2.0,6.0));
#740=VERTEX_POINT('',#739);
#741=CARTESIAN_POINT('',(-374.0,2.0,304.8));
#742=VERTEX_POINT('',#741);
#743=CARTESIAN_POINT('',(-165.0,2.0,304.8));
#744=VERTEX_POINT('',#743);
#745=CARTESIAN_POINT('',(-165.0,2.0,270.0));
#746=VERTEX_POINT('',#745);
#747=CARTESIAN_POINT('',(34.625,0.0,0.0));
#748=VERTEX_POINT('',#747);
#749=CARTESIAN_POINT('',(34.625,2.0,0.0));
#750=VERTEX_POINT('',#749);
#751=CARTESIAN_POINT('',(0.0,0.0,-23.0));
#752=DIRECTION('',(0.0,1.0,0.0));
#753=DIRECTION('',(1.0,0.0,0.0));
#754=AXIS2_PLACEMENT_3D('',#751,#752,#753);
#755=CIRCLE('',#754,293.0);
#756=EDGE_CURVE('',#720,#722,#755,.T.);
#757=CARTESIAN_POINT('',(-26.0,0.0,-23.0));
#758=DIRECTION('',(0.0,1.0,0.0));
#759=DIRECTION('',(1.0,0.0,0.0));
#760=AXIS2_PLACEMENT_3D('',#757,#758,#759);
#761=CIRCLE('',#760,319.0);
#762=EDGE_CURVE('',#722,#724,#761,.T.);
#763=CARTESIAN_POINT('',(-26.0,0.0,6.0));
#764=DIRECTION('',(0.0,1.0,0.0));
#765=DIRECTION('',(1.0,0.0,0.0));
#766=AXIS2_PLACEMENT_3D('',#763,#764,#765);
#767=CIRCLE('',#766,348.0);
#768=EDGE_CURVE('',#724,#726,#767,.T.);
#769=DIRECTION('',(0.0,0.0,1.0));
#770=VECTOR('',#769, 298.8);
#771=CARTESIAN_POINT('',(-374.0,0.0,6.0));
#772=LINE('',#771,#770);
#773=EDGE_CURVE('',#726,#728,#772,.T.);
#774=DIRECTION('',(1.0,0.0,0.0));
#775=VECTOR('',#774, 209.0);
#776=CARTESIAN_POINT('',(-374.0,0.0,304.8));
#777=LINE('',#776,#775);
#778=EDGE_CURVE('',#728,#730,#777,.T.);
#779=DIRECTION('',(0.0,0.0,-1.0));
#780=VECTOR('',#779, 34.8);
#781=CARTESIAN_POINT('',(-165.0,0.0,304.8));
#782=LINE('',#781,#780);
#783=EDGE_CURVE('',#730,#732,#782,.T.);
#784=DIRECTION('',(1.0,0.0,0.0));
#785=VECTOR('',#784, 165.0);
#786=CARTESIAN_POINT('',(-165.0,0.0,270.0));
#787=LINE('',#786,#785);
#788=EDGE_CURVE('',#732,#720,#787,.T.);
#789=CARTESIAN_POINT('',(0.0,2.0,-23.0));
#790=DIRECTION('',(0.0,1.0,0.0));
#791=DIRECTION('',(1.0,0.0,0.0));
#792=AXIS2_PLACEMENT_3D('',#789,#790,#791);
#793=CIRCLE('',#792,293.0);
#794=EDGE_CURVE('',#734,#736,#793,.T.);
#795=CARTESIAN_POINT('',(-26.0,2.0,-23.0));
#796=DIRECTION('',(0.0,1.0,0.0));
#797=DIRECTION('',(1.0,0.0,0.0));
#798=AXIS2_PLACEMENT_3D('',#795,#796,#797);
#799=CIRCLE('',#798,319.0);
#800=EDGE_CURVE('',#736,#738,#799,.T.);
#801=CARTESIAN_POINT('',(-26.0,2.0,6.0));
#802=DIRECTION('',(0.0,1.0,0.0));
#803=DIRECTION('',(1.0,0.0,0.0));
#804=AXIS2_PLACEMENT_3D('',#801,#802,#803);
#805=CIRCLE('',#804,348.0);
#806=EDGE_CURVE('',#738,#740,#805,.T.);
#807=DIRECTION('',(0.0,0.0,1.0));
#808=VECTOR('',#807, 298.8);
#809=CARTESIAN_POINT('',(-374.0,2.0,6.0));
#810=LINE('',#809,#808);
#811=EDGE_CURVE('',#740,#742,#810,.T.);
#812=DIRECTION('',(1.0,0.0,0.0));
#813=VECTOR('',#812, 209.0);
#814=CARTESIAN_POINT('',(-374.0,2.0,304.8));
#815=LINE('',#814,#813);
#816=EDGE_CURVE('',#742,#744,#815,.T.);
#817=DIRECTION('',(0.0,0.0,-1.0));
#818=VECTOR('',#817, 34.8);
#819=CARTESIAN_POINT('',(-165.0,2.0,304.8));
#820=LINE('',#819,#818);
#821=EDGE_CURVE('',#744,#746,#820,.T.);
#822=DIRECTION('',(1.0,0.0,0.0));
#823=VECTOR('',#822, 165.0);
#824=CARTESIAN_POINT('',(-165.0,2.0,270.0));
#825=LINE('',#824,#823);
#826=EDGE_CURVE('',#746,#734,#825,.T.);
#827=DIRECTION('',(0.0,1.0,0.0));
#828=VECTOR('',#827, 2.0);
#829=CARTESIAN_POINT('',(0.0,0.0,270.0));
#830=LINE('',#829,#828);
#831=EDGE_CURVE('',#720,#734,#830,.T.);
#832=DIRECTION('',(0.0,1.0,0.0));
#833=VECTOR('',#832, 2.0);
#834=CARTESIAN_POINT('',(293.0,0.0,-23.0));
#835=LINE('',#834,#833);
#836=EDGE_CURVE('',#722,#736,#835,.T.);
#837=DIRECTION('',(0.0,1.0,0.0));
#838=VECTOR('',#837, 2.0);
#839=CARTESIAN_POINT('',(-26.0,0.0,-342.0));
#840=LINE('',#839,#838);
#841=EDGE_CURVE('',#724,#738,#840,.T.);
#842=DIRECTION('',(0.0,1.0,0.0));
#843=VECTOR('',#842, 2.0);
#844=CARTESIAN_POINT('',(-374.0,0.0,6.0));
#845=LINE('',#844,#843);
#846=EDGE_CURVE('',#726,#740,#845,.T.);
#847=DIRECTION('',(0.0,1.0,0.0));
#848=VECTOR('',#847, 2.0);
#849=CARTESIAN_POINT('',(-374.0,0.0,304.8));
#850=LINE('',#849,#848);
#851=EDGE_CURVE('',#728,#742,#850,.T.);
#852=DIRECTION('',(0.0,1.0,0.0));
#853=VECTOR('',#852, 2.0);
#854=CARTESIAN_POINT('',(-165.0,0.0,304.8));
#855=LINE('',#854,#853);
#856=EDGE_CURVE('',#730,#744,#855,.T.);
#857=DIRECTION('',(0.0,1.0,0.0));
#858=VECTOR('',#857, 2.0);
#859=CARTESIAN_POINT('',(-165.0,0.0,270.0));
#860=LINE('',#859,#858);
#861=EDGE_CURVE('',#732,#746,#860,.T.);
#862=CARTESIAN_POINT('',(0.0,0.0,0.0));
#863=DIRECTION('',(0.0,-1.0,0.0));
#864=DIRECTION('',(1.0,0.0,0.0));
#865=AXIS2_PLACEMENT_3D('',#862,#863,#864);
#866=CIRCLE('',#865,34.625);
#867=EDGE_CURVE('',#748,#748,#866,.T.);
#868=CARTESIAN_POINT('',(0.0,2.0,0.0));
#869=DIRECTION('',(0.0,-1.0,0.0));
#870=DIRECTION('',(1.0,0.0,0.0));
#871=AXIS2_PLACEMENT_3D('',#868,#869,#870);
#872=CIRCLE('',#871,34.625);
#873=EDGE_CURVE('',#750,#750,#872,.T.);
#874=DIRECTION('',(0.0,1.0,0.0));
#875=VECTOR('',#874, 2.0);
#876=CARTESIAN_POINT('',(34.625,0.0,0.0));
#877=LINE('',#876,#875);
#878=EDGE_CURVE('',#748,#750,#877,.T.);
#879=ORIENTED_EDGE('',*,*,#756,.T.);
#880=ORIENTED_EDGE('',*,*,#836,.T.);
#881=ORIENTED_EDGE('',*,*,#794,.F.);
#882=ORIENTED_EDGE('',*,*,#831,.F.);
#883=ORIENTED_EDGE('',*,*,#762,.T.);
#884=ORIENTED_EDGE('',*,*,#841,.T.);
#885=ORIENTED_EDGE('',*,*,#800,.F.);
#886=ORIENTED_EDGE('',*,*,#836,.F.);
#887=ORIENTED_EDGE('',*,*,#768,.T.);
#888=ORIENTED_EDGE('',*,*,#846,.T.);
#889=ORIENTED_EDGE('',*,*,#806,.F.);
#890=ORIENTED_EDGE('',*,*,#841,.F.);
#891=ORIENTED_EDGE('',*,*,#773,.T.);
#892=ORIENTED_EDGE('',*,*,#851,.T.);
#893=ORIENTED_EDGE('',*,*,#811,.F.);
#894=ORIENTED_EDGE('',*,*,#846,.F.);
#895=ORIENTED_EDGE('',*,*,#778,.T.);
#896=ORIENTED_EDGE('',*,*,#856,.T.);
#897=ORIENTED_EDGE('',*,*,#816,.F.);
#898=ORIENTED_EDGE('',*,*,#851,.F.);
#899=ORIENTED_EDGE('',*,*,#783,.T.);
#900=ORIENTED_EDGE('',*,*,#861,.T.);
#901=ORIENTED_EDGE('',*,*,#821,.F.);
#902=ORIENTED_EDGE('',*,*,#856,.F.);
#903=ORIENTED_EDGE('',*,*,#788,.T.);
#904=ORIENTED_EDGE('',*,*,#831,.T.);
#905=ORIENTED_EDGE('',*,*,#826,.F.);
#906=ORIENTED_EDGE('',*,*,#861,.F.);
#907=ORIENTED_EDGE('',*,*,#867,.T.);
#908=ORIENTED_EDGE('',*,*,#878,.T.);
#909=ORIENTED_EDGE('',*,*,#873,.F.);
#910=ORIENTED_EDGE('',*,*,#878,.F.);
#911=ORIENTED_EDGE('',*,*,#756,.T.);
#912=ORIENTED_EDGE('',*,*,#762,.T.);
#913=ORIENTED_EDGE('',*,*,#768,.T.);
#914=ORIENTED_EDGE('',*,*,#773,.T.);
#915=ORIENTED_EDGE('',*,*,#778,.T.);
#916=ORIENTED_EDGE('',*,*,#783,.T.);
#917=ORIENTED_EDGE('',*,*,#788,.T.);
#918=ORIENTED_EDGE('',*,*,#867,.T.);
#919=ORIENTED_EDGE('',*,*,#794,.T.);
#920=ORIENTED_EDGE('',*,*,#800,.T.);
#921=ORIENTED_EDGE('',*,*,#806,.T.);
#922=ORIENTED_EDGE('',*,*,#811,.T.);
#923=ORIENTED_EDGE('',*,*,#816,.T.);
#924=ORIENTED_EDGE('',*,*,#821,.T.);
#925=ORIENTED_EDGE('',*,*,#826,.T.);
#926=ORIENTED_EDGE('',*,*,#873,.T.);
#927=CARTESIAN_POINT('',(0.0,0.0,-23.0));
#928=DIRECTION('',(0.0,1.0,0.0));
#929=DIRECTION('',(1.0,0.0,0.0));
#930=AXIS2_PLACEMENT_3D('',#927,#928,#929);
#931=CIRCLE('',#930,293.0);
#932=DIRECTION('',(0.0,1.0,0.0));
#933=VECTOR('',#932, 2.0);
#934=SURFACE_OF_LINEAR_EXTRUSION('',#931,#933);
#935=EDGE_LOOP('',(#879,#880,#881,#882));
#936=FACE_OUTER_BOUND('',#935,.T.);
#937=ADVANCED_FACE('',(#936),#934,.T.);
#938=CARTESIAN_POINT('',(-26.0,0.0,-23.0));
#939=DIRECTION('',(0.0,1.0,0.0));
#940=DIRECTION('',(1.0,0.0,0.0));
#941=AXIS2_PLACEMENT_3D('',#938,#939,#940);
#942=CIRCLE('',#941,319.0);
#943=DIRECTION('',(0.0,1.0,0.0));
#944=VECTOR('',#943, 2.0);
#945=SURFACE_OF_LINEAR_EXTRUSION('',#942,#944);
#946=EDGE_LOOP('',(#883,#884,#885,#886));
#947=FACE_OUTER_BOUND('',#946,.T.);
#948=ADVANCED_FACE('',(#947),#945,.T.);
#949=CARTESIAN_POINT('',(-26.0,0.0,6.0));
#950=DIRECTION('',(0.0,1.0,0.0));
#951=DIRECTION('',(1.0,0.0,0.0));
#952=AXIS2_PLACEMENT_3D('',#949,#950,#951);
#953=CIRCLE('',#952,348.0);
#954=DIRECTION('',(0.0,1.0,0.0));
#955=VECTOR('',#954, 2.0);
#956=SURFACE_OF_LINEAR_EXTRUSION('',#953,#955);
#957=EDGE_LOOP('',(#887,#888,#889,#890));
#958=FACE_OUTER_BOUND('',#957,.T.);
#959=ADVANCED_FACE('',(#958),#956,.T.);
#960=DIRECTION('',(0.0,0.0,1.0));
#961=VECTOR('',#960, 298.8);
#962=CARTESIAN_POINT('',(-374.0,0.0,6.0));
#963=LINE('',#962,#961);
#964=DIRECTION('',(0.0,1.0,0.0));
#965=VECTOR('',#964, 2.0);
#966=SURFACE_OF_LINEAR_EXTRUSION('',#963,#965);
#967=EDGE_LOOP('',(#891,#892,#893,#894));
#968=FACE_OUTER_BOUND('',#967,.T.);
#969=ADVANCED_FACE('',(#968),#966,.T.);
#970=DIRECTION('',(1.0,0.0,0.0));
#971=VECTOR('',#970, 209.0);
#972=CARTESIAN_POINT('',(-374.0,0.0,304.8));
#973=LINE('',#972,#971);
#974=DIRECTION('',(0.0,1.0,0.0));
#975=VECTOR('',#974, 2.0);
#976=SURFACE_OF_LINEAR_EXTRUSION('',#973,#975);
#977=EDGE_LOOP('',(#895,#896,#897,#898));
#978=FACE_OUTER_BOUND('',#977,.T.);
#979=ADVANCED_FACE('',(#978),#976,.T.);
#980=DIRECTION('',(0.0,0.0,-1.0));
#981=VECTOR('',#980, 34.8);
#982=CARTESIAN_POINT('',(-165.0,0.0,304.8));
#983=LINE('',#982,#981);
#984=DIRECTION('',(0.0,1.0,0.0));
#985=VECTOR('',#984, 2.0);
#986=SURFACE_OF_LINEAR_EXTRUSION('',#983,#985);
#987=EDGE_LOOP('',(#899,#900,#901,#902));
#988=FACE_OUTER_BOUND('',#987,.T.);
#989=ADVANCED_FACE('',(#988),#986,.T.);
#990=DIRECTION('',(1.0,0.0,0.0));
#991=VECTOR('',#990, 165.0);
#992=CARTESIAN_POINT('',(-165.0,0.0,270.0));
#993=LINE('',#992,#991);
#994=DIRECTION('',(0.0,1.0,0.0));
#995=VECTOR('',#994, 2.0);
#996=SURFACE_OF_LINEAR_EXTRUSION('',#993,#995);
#997=EDGE_LOOP('',(#903,#904,#905,#906));
#998=FACE_OUTER_BOUND('',#997,.T.);
#999=ADVANCED_FACE('',(#998),#996,.T.);
#1000=CARTESIAN_POINT('',(0.0,0.0,0.0));
#1001=DIRECTION('',(0.0,-1.0,0.0));
#1002=DIRECTION('',(1.0,0.0,0.0));
#1003=AXIS2_PLACEMENT_3D('',#1000,#1001,#1002);
#1004=CIRCLE('',#1003,34.625);
#1005=DIRECTION('',(0.0,1.0,0.0));
#1006=VECTOR('',#1005, 2.0);
#1007=SURFACE_OF_LINEAR_EXTRUSION('',#1004,#1006);
#1008=EDGE_LOOP('',(#907,#908,#909,#910));
#1009=FACE_OUTER_BOUND('',#1008,.T.);
#1010=ADVANCED_FACE('',(#1009),#1007,.T.);
#1011=CARTESIAN_POINT('',(0.0,0.0,270.0));
#1012=DIRECTION('',(0.0,1.0,0.0));
#1013=DIRECTION('',(1.0,0.0,0.0));
#1014=AXIS2_PLACEMENT_3D('',#1011,#1012,#1013);
#1015=PLANE ( 'NONE',#1014);
#1016=EDGE_LOOP('',(#911,#912,#913,#914,#915,#916,#917));
#1017=FACE_OUTER_BOUND('',#1016,.F.);
#1018=EDGE_LOOP('',(#918));
#1019=FACE_BOUND('',#1018,.F.);
#1020=ADVANCED_FACE('',(#1017,#1019),#1015,.F.);
#1021=CARTESIAN_POINT('',(0.0,2.0,270.0));
#1022=DIRECTION('',(0.0,1.0,0.0));
#1023=DIRECTION('',(1.0,0.0,0.0));
#1024=AXIS2_PLACEMENT_3D('',#1021,#1022,#1023);
#1025=PLANE ( 'NONE',#1024);
#1026=EDGE_LOOP('',(#919,#920,#921,#922,#923,#924,#925));
#1027=FACE_OUTER_BOUND('',#1026,.T.);
#1028=EDGE_LOOP('',(#926));
#1029=FACE_BOUND('',#1028,.T.);
#1030=ADVANCED_FACE('',(#1027,#1029),#1025,.T.);
#1031=CLOSED_SHELL('',(#937,#948,#959,#969,#979,#989,#999,#1010,#1020,#1030));
#1032=MANIFOLD_SOLID_BREP('solid_1031',#1031);
#1033=(NAMED_UNIT(*)SI_UNIT($,.STERADIAN.)SOLID_ANGLE_UNIT());
#1034=(NAMED_UNIT(*)PLANE_ANGLE_UNIT()SI_UNIT($,.RADIAN.));
#1035=(LENGTH_UNIT()NAMED_UNIT(*)SI_UNIT(.MILLI.,.METRE.));
#1036=UNCERTAINTY_MEASURE_WITH_UNIT(LENGTH_MEASURE(1.0E-5),#1035,'DISTANCE_ACCURACY_VALUE','');
#1037=(GEOMETRIC_REPRESENTATION_CONTEXT(3)GLOBAL_UNCERTAINTY_ASSIGNED_CONTEXT((#1036))GLOBAL_UNIT_ASSIGNED_CONTEXT((#1035,#1033,#1034))REPRESENTATION_CONTEXT('None','None'));
#1038=SHAPE_REPRESENTATION('',(#1032),#1037);
#1039=COLOUR_RGB($,0.0,0.0,0.0);
#1040=FILL_AREA_STYLE_COLOUR('',#1039);
#1041=FILL_AREA_STYLE('',(#1040));
#1042=SURFACE_STYLE_FILL_AREA(#1041);
#1043=SURFACE_SIDE_STYLE('',(#1042));
#1044=SURFACE_STYLE_USAGE(.BOTH.,#1043);
#1045=PRESENTATION_STYLE_ASSIGNMENT((#1044));
#1046=STYLED_ITEM('',(#1045),#1032);
#1047=CARTESIAN_POINT('',(0.0,-252.0,270.0));
#1048=VERTEX_POINT('',#1047);
#1049=CARTESIAN_POINT('',(293.0,-252.0,-23.0));
#1050=VERTEX_POINT('',#1049);
#1051=CARTESIAN_POINT('',(-26.0,-252.0,-342.0));
#1052=VERTEX_POINT('',#1051);
#1053=CARTESIAN_POINT('',(-374.0,-252.0,6.0));
#1054=VERTEX_POINT('',#1053);
#1055=CARTESIAN_POINT('',(-374.0,-252.0,304.8));
#1056=VERTEX_POINT('',#1055);
#1057=CARTESIAN_POINT('',(-165.0,-252.0,304.8));
#1058=VERTEX_POINT('',#1057);
#1059=CARTESIAN_POINT('',(-165.0,-252.0,270.0));
#1060=VERTEX_POINT('',#1059);
#1061=CARTESIAN_POINT('',(0.0,-250.0,270.0));
#1062=VERTEX_POINT('',#1061);
#1063=CARTESIAN_POINT('',(293.0,-250.0,-23.0));
#1064=VERTEX_POINT('',#1063);
#1065=CARTESIAN_POINT('',(-26.0,-250.0,-342.0));
#1066=VERTEX_POINT('',#1065);
#1067=CARTESIAN_POINT('',(-374.0,-250.0,6.0));
#1068=VERTEX_POINT('',#1067);
#1069=CARTESIAN_POINT('',(-374.0,-250.0,304.8));
#1070=VERTEX_POINT('',#1069);
#1071=CARTESIAN_POINT('',(-165.0,-250.0,304.8));
#1072=VERTEX_POINT('',#1071);
#1073=CARTESIAN_POINT('',(-165.0,-250.0,270.0));
#1074=VERTEX_POINT('',#1073);
#1075=CARTESIAN_POINT('',(138.5,-252.0,0.0));
#1076=VERTEX_POINT('',#1075);
#1077=CARTESIAN_POINT('',(138.5,-250.0,0.0));
#1078=VERTEX_POINT('',#1077);
#1079=CARTESIAN_POINT('',(0.0,-252.0,-23.0));
#1080=DIRECTION('',(0.0,1.0,0.0));
#1081=DIRECTION('',(1.0,0.0,0.0));
#1082=AXIS2_PLACEMENT_3D('',#1079,#1080,#1081);
#1083=CIRCLE('',#1082,293.0);
#1084=EDGE_CURVE('',#1048,#1050,#1083,.T.);
#1085=CARTESIAN_POINT('',(-26.0,-252.0,-23.0));
#1086=DIRECTION('',(0.0,1.0,0.0));
#1087=DIRECTION('',(1.0,0.0,0.0));
#1088=AXIS2_PLACEMENT_3D('',#1085,#1086,#1087);
#1089=CIRCLE('',#1088,319.0);
#1090=EDGE_CURVE('',#1050,#1052,#1089,.T.);
#1091=CARTESIAN_POINT('',(-26.0,-252.0,6.0));
#1092=DIRECTION('',(0.0,1.0,0.0));
#1093=DIRECTION('',(1.0,0.0,0.0));
#1094=AXIS2_PLACEMENT_3D('',#1091,#1092,#1093);
#1095=CIRCLE('',#1094,348.0);
#1096=EDGE_CURVE('',#1052,#1054,#1095,.T.);
#1097=DIRECTION('',(0.0,0.0,1.0));
#1098=VECTOR('',#1097, 298.8);
#1099=CARTESIAN_POINT('',(-374.0,-252.0,6.0));
#1100=LINE('',#1099,#1098);
#1101=EDGE_CURVE('',#1054,#1056,#1100,.T.);
#1102=DIRECTION('',(1.0,0.0,0.0));
#1103=VECTOR('',#1102, 209.0);
#1104=CARTESIAN_POINT('',(-374.0,-252.0,304.8));
#1105=LINE('',#1104,#1103);
#1106=EDGE_CURVE('',#1056,#1058,#1105,.T.);
#1107=DIRECTION('',(0.0,0.0,-1.0));
#1108=VECTOR('',#1107, 34.8);
#1109=CARTESIAN_POINT('',(-165.0,-252.0,304.8));
#1110=LINE('',#1109,#1108);
#1111=EDGE_CURVE('',#1058,#1060,#1110,.T.);
#1112=DIRECTION('',(1.0,0.0,0.0));
#1113=VECTOR('',#1112, 165.0);
#1114=CARTESIAN_POINT('',(-165.0,-252.0,270.0));
#1115=LINE('',#1114,#1113);
#1116=EDGE_CURVE('',#1060,#1048,#1115,.T.);
#1117=CARTESIAN_POINT('',(0.0,-250.0,-23.0));
#1118=DIRECTION('',(0.0,1.0,0.0));
#1119=DIRECTION('',(1.0,0.0,0.0));
#1120=AXIS2_PLACEMENT_3D('',#1117,#1118,#1119);
#1121=CIRCLE('',#1120,293.0);
#1122=EDGE_CURVE('',#1062,#1064,#1121,.T.);
#1123=CARTESIAN_POINT('',(-26.0,-250.0,-23.0));
#1124=DIRECTION('',(0.0,1.0,0.0));
#1125=DIRECTION('',(1.0,0.0,0.0));
#1126=AXIS2_PLACEMENT_3D('',#1123,#1124,#1125);
#1127=CIRCLE('',#1126,319.0);
#1128=EDGE_CURVE('',#1064,#1066,#1127,.T.);
#1129=CARTESIAN_POINT('',(-26.0,-250.0,6.0));
#1130=DIRECTION('',(0.0,1.0,0.0));
#1131=DIRECTION('',(1.0,0.0,0.0));
#1132=AXIS2_PLACEMENT_3D('',#1129,#1130,#1131);
#1133=CIRCLE('',#1132,348.0);
#1134=EDGE_CURVE('',#1066,#1068,#1133,.T.);
#1135=DIRECTION('',(0.0,0.0,1.0));
#1136=VECTOR('',#1135, 298.8);
#1137=CARTESIAN_POINT('',(-374.0,-250.0,6.0));
#1138=LINE('',#1137,#1136);
#1139=EDGE_CURVE('',#1068,#1070,#1138,.T.);
#1140=DIRECTION('',(1.0,0.0,0.0));
#1141=VECTOR('',#1140, 209.0);
#1142=CARTESIAN_POINT('',(-374.0,-250.0,304.8));
#1143=LINE('',#1142,#1141);
#1144=EDGE_CURVE('',#1070,#1072,#1143,.T.);
#1145=DIRECTION('',(0.0,0.0,-1.0));
#1146=VECTOR('',#1145, 34.8);
#1147=CARTESIAN_POINT('',(-165.0,-250.0,304.8));
#1148=LINE('',#1147,#1146);
#1149=EDGE_CURVE('',#1072,#1074,#1148,.T.);
#1150=DIRECTION('',(1.0,0.0,0.0));
#1151=VECTOR('',#1150, 165.0);
#1152=CARTESIAN_POINT('',(-165.0,-250.0,270.0));
#1153=LINE('',#1152,#1151);
#1154=EDGE_CURVE('',#1074,#1062,#1153,.T.);
#1155=DIRECTION('',(0.0,1.0,0.0));
#1156=VECTOR('',#1155, 2.0);
#1157=CARTESIAN_POINT('',(0.0,-252.0,270.0));
#1158=LINE('',#1157,#1156);
#1159=EDGE_CURVE('',#1048,#1062,#1158,.T.);
#1160=DIRECTION('',(0.0,1.0,0.0));
#1161=VECTOR('',#1160, 2.0);
#1162=CARTESIAN_POINT('',(293.0,-252.0,-23.0));
#1163=LINE('',#1162,#1161);
#1164=EDGE_CURVE('',#1050,#1064,#1163,.T.);
#1165=DIRECTION('',(0.0,1.0,0.0));
#1166=VECTOR('',#1165, 2.0);
#1167=CARTESIAN_POINT('',(-26.0,-252.0,-342.0));
#1168=LINE('',#1167,#1166);
#1169=EDGE_CURVE('',#1052,#1066,#1168,.T.);
#1170=DIRECTION('',(0.0,1.0,0.0));
#1171=VECTOR('',#1170, 2.0);
#1172=CARTESIAN_POINT('',(-374.0,-252.0,6.0));
#1173=LINE('',#1172,#1171);
#1174=EDGE_CURVE('',#1054,#1068,#1173,.T.);
#1175=DIRECTION('',(0.0,1.0,0.0));
#1176=VECTOR('',#1175, 2.0);
#1177=CARTESIAN_POINT('',(-374.0,-252.0,304.8));
#1178=LINE('',#1177,#1176);
#1179=EDGE_CURVE('',#1056,#1070,#1178,.T.);
#1180=DIRECTION('',(0.0,1.0,0.0));
#1181=VECTOR('',#1180, 2.0);
#1182=CARTESIAN_POINT('',(-165.0,-252.0,304.8));
#1183=LINE('',#1182,#1181);
#1184=EDGE_CURVE('',#1058,#1072,#1183,.T.);
#1185=DIRECTION('',(0.0,1.0,0.0));
#1186=VECTOR('',#1185, 2.0);
#1187=CARTESIAN_POINT('',(-165.0,-252.0,270.0));
#1188=LINE('',#1187,#1186);
#1189=EDGE_CURVE('',#1060,#1074,#1188,.T.);
#1190=CARTESIAN_POINT('',(0.0,-252.0,0.0));
#1191=DIRECTION('',(0.0,-1.0,0.0));
#1192=DIRECTION('',(1.0,0.0,0.0));
#1193=AXIS2_PLACEMENT_3D('',#1190,#1191,#1192);
#1194=CIRCLE('',#1193,138.5);
#1195=EDGE_CURVE('',#1076,#1076,#1194,.T.);
#1196=CARTESIAN_POINT('',(0.0,-250.0,0.0));
#1197=DIRECTION('',(0.0,-1.0,0.0));
#1198=DIRECTION('',(1.0,0.0,0.0));
#1199=AXIS2_PLACEMENT_3D('',#1196,#1197,#1198);
#1200=CIRCLE('',#1199,138.5);
#1201=EDGE_CURVE('',#1078,#1078,#1200,.T.);
#1202=DIRECTION('',(0.0,1.0,0.0));
#1203=VECTOR('',#1202, 2.0);
#1204=CARTESIAN_POINT('',(138.5,-252.0,0.0));
#1205=LINE('',#1204,#1203);
#1206=EDGE_CURVE('',#1076,#1078,#1205,.T.);
#1207=ORIENTED_EDGE('',*,*,#1084,.T.);
#1208=ORIENTED_EDGE('',*,*,#1164,.T.);
#1209=ORIENTED_EDGE('',*,*,#1122,.F.);
#1210=ORIENTED_EDGE('',*,*,#1159,.F.);
#1211=ORIENTED_EDGE('',*,*,#1090,.T.);
#1212=ORIENTED_EDGE('',*,*,#1169,.T.);
#1213=ORIENTED_EDGE('',*,*,#1128,.F.);
#1214=ORIENTED_EDGE('',*,*,#1164,.F.);
#1215=ORIENTED_EDGE('',*,*,#1096,.T.);
#1216=ORIENTED_EDGE('',*,*,#1174,.T.);
#1217=ORIENTED_EDGE('',*,*,#1134,.F.);
#1218=ORIENTED_EDGE('',*,*,#1169,.F.);
#1219=ORIENTED_EDGE('',*,*,#1101,.T.);
#1220=ORIENTED_EDGE('',*,*,#1179,.T.);
#1221=ORIENTED_EDGE('',*,*,#1139,.F.);
#1222=ORIENTED_EDGE('',*,*,#1174,.F.);
#1223=ORIENTED_EDGE('',*,*,#1106,.T.);
#1224=ORIENTED_EDGE('',*,*,#1184,.T.);
#1225=ORIENTED_EDGE('',*,*,#1144,.F.);
#1226=ORIENTED_EDGE('',*,*,#1179,.F.);
#1227=ORIENTED_EDGE('',*,*,#1111,.T.);
#1228=ORIENTED_EDGE('',*,*,#1189,.T.);
#1229=ORIENTED_EDGE('',*,*,#1149,.F.);
#1230=ORIENTED_EDGE('',*,*,#1184,.F.);
#1231=ORIENTED_EDGE('',*,*,#1116,.T.);
#1232=ORIENTED_EDGE('',*,*,#1159,.T.);
#1233=ORIENTED_EDGE('',*,*,#1154,.F.);
#1234=ORIENTED_EDGE('',*,*,#1189,.F.);
#1235=ORIENTED_EDGE('',*,*,#1195,.T.);
#1236=ORIENTED_EDGE('',*,*,#1206,.T.);
#1237=ORIENTED_EDGE('',*,*,#1201,.F.);
#1238=ORIENTED_EDGE('',*,*,#1206,.F.);
#1239=ORIENTED_EDGE('',*,*,#1084,.T.);
#1240=ORIENTED_EDGE('',*,*,#1090,.T.);
#1241=ORIENTED_EDGE('',*,*,#1096,.T.);
#1242=ORIENTED_EDGE('',*,*,#1101,.T.);
#1243=ORIENTED_EDGE('',*,*,#1106,.T.);
#1244=ORIENTED_EDGE('',*,*,#1111,.T.);
#1245=ORIENTED_EDGE('',*,*,#1116,.T.);
#1246=ORIENTED_EDGE('',*,*,#1195,.T.);
#1247=ORIENTED_EDGE('',*,*,#1122,.T.);
#1248=ORIENTED_EDGE('',*,*,#1128,.T.);
#1249=ORIENTED_EDGE('',*,*,#1134,.T.);
#1250=ORIENTED_EDGE('',*,*,#1139,.T.);
#1251=ORIENTED_EDGE('',*,*,#1144,.T.);
#1252=ORIENTED_EDGE('',*,*,#1149,.T.);
#1253=ORIENTED_EDGE('',*,*,#1154,.T.);
#1254=ORIENTED_EDGE('',*,*,#1201,.T.);
#1255=CARTESIAN_POINT('',(0.0,-252.0,-23.0));
#1256=DIRECTION('',(0.0,1.0,0.0));
#1257=DIRECTION('',(1.0,0.0,0.0));
#1258=AXIS2_PLACEMENT_3D('',#1255,#1256,#1257);
#1259=CIRCLE('',#1258,293.0);
#1260=DIRECTION('',(0.0,1.0,0.0));
#1261=VECTOR('',#1260, 2.0);
#1262=SURFACE_OF_LINEAR_EXTRUSION('',#1259,#1261);
#1263=EDGE_LOOP('',(#1207,#1208,#1209,#1210));
#1264=FACE_OUTER_BOUND('',#1263,.T.);
#1265=ADVANCED_FACE('',(#1264),#1262,.T.);
#1266=CARTESIAN_POINT('',(-26.0,-252.0,-23.0));
#1267=DIRECTION('',(0.0,1.0,0.0));
#1268=DIRECTION('',(1.0,0.0,0.0));
#1269=AXIS2_PLACEMENT_3D('',#1266,#1267,#1268);
#1270=CIRCLE('',#1269,319.0);
#1271=DIRECTION('',(0.0,1.0,0.0));
#1272=VECTOR('',#1271, 2.0);
#1273=SURFACE_OF_LINEAR_EXTRUSION('',#1270,#1272);
#1274=EDGE_LOOP('',(#1211,#1212,#1213,#1214));
#1275=FACE_OUTER_BOUND('',#1274,.T.);
#1276=ADVANCED_FACE('',(#1275),#1273,.T.);
#1277=CARTESIAN_POINT('',(-26.0,-252.0,6.0));
#1278=DIRECTION('',(0.0,1.0,0.0));
#1279=DIRECTION('',(1.0,0.0,0.0));
#1280=AXIS2_PLACEMENT_3D('',#1277,#1278,#1279);
#1281=CIRCLE('',#1280,348.0);
#1282=DIRECTION('',(0.0,1.0,0.0));
#1283=VECTOR('',#1282, 2.0);
#1284=SURFACE_OF_LINEAR_EXTRUSION('',#1281,#1283);
#1285=EDGE_LOOP('',(#1215,#1216,#1217,#1218));
#1286=FACE_OUTER_BOUND('',#1285,.T.);
#1287=ADVANCED_FACE('',(#1286),#1284,.T.);
#1288=DIRECTION('',(0.0,0.0,1.0));
#1289=VECTOR('',#1288, 298.8);
#1290=CARTESIAN_POINT('',(-374.0,-252.0,6.0));
#1291=LINE('',#1290,#1289);
#1292=DIRECTION('',(0.0,1.0,0.0));
#1293=VECTOR('',#1292, 2.0);
#1294=SURFACE_OF_LINEAR_EXTRUSION('',#1291,#1293);
#1295=EDGE_LOOP('',(#1219,#1220,#1221,#1222));
#1296=FACE_OUTER_BOUND('',#1295,.T.);
#1297=ADVANCED_FACE('',(#1296),#1294,.T.);
#1298=DIRECTION('',(1.0,0.0,0.0));
#1299=VECTOR('',#1298, 209.0);
#1300=CARTESIAN_POINT('',(-374.0,-252.0,304.8));
#1301=LINE('',#1300,#1299);
#1302=DIRECTION('',(0.0,1.0,0.0));
#1303=VECTOR('',#1302, 2.0);
#1304=SURFACE_OF_LINEAR_EXTRUSION('',#1301,#1303);
#1305=EDGE_LOOP('',(#1223,#1224,#1225,#1226));
#1306=FACE_OUTER_BOUND('',#1305,.T.);
#1307=ADVANCED_FACE('',(#1306),#1304,.T.);
#1308=DIRECTION('',(0.0,0.0,-1.0));
#1309=VECTOR('',#1308, 34.8);
#1310=CARTESIAN_POINT('',(-165.0,-252.0,304.8));
#1311=LINE('',#1310,#1309);
#1312=DIRECTION('',(0.0,1.0,0.0));
#1313=VECTOR('',#1312, 2.0);
#1314=SURFACE_OF_LINEAR_EXTRUSION('',#1311,#1313);
#1315=EDGE_LOOP('',(#1227,#1228,#1229,#1230));
#1316=FACE_OUTER_BOUND('',#1315,.T.);
#1317=ADVANCED_FACE('',(#1316),#1314,.T.);
#1318=DIRECTION('',(1.0,0.0,0.0));
#1319=VECTOR('',#1318, 165.0);
#1320=CARTESIAN_POINT('',(-165.0,-252.0,270.0));
#1321=LINE('',#1320,#1319);
#1322=DIRECTION('',(0.0,1.0,0.0));
#1323=VECTOR('',#1322, 2.0);
#1324=SURFACE_OF_LINEAR_EXTRUSION('',#1321,#1323);
#1325=EDGE_LOOP('',(#1231,#1232,#1233,#1234));
#1326=FACE_OUTER_BOUND('',#1325,.T.);
#1327=ADVANCED_FACE('',(#1326),#1324,.T.);
#1328=CARTESIAN_POINT('',(0.0,-252.0,0.0));
#1329=DIRECTION('',(0.0,-1.0,0.0));
#1330=DIRECTION('',(1.0,0.0,0.0));
#1331=AXIS2_PLACEMENT_3D('',#1328,#1329,#1330);
#1332=CIRCLE('',#1331,138.5);
#1333=DIRECTION('',(0.0,1.0,0.0));
#1334=VECTOR('',#1333, 2.0);
#1335=SURFACE_OF_LINEAR_EXTRUSION('',#1332,#1334);
#1336=EDGE_LOOP('',(#1235,#1236,#1237,#1238));
#1337=FACE_OUTER_BOUND('',#1336,.T.);
#1338=ADVANCED_FACE('',(#1337),#1335,.T.);
#1339=CARTESIAN_POINT('',(0.0,-252.0,270.0));
#1340=DIRECTION('',(0.0,1.0,0.0));
#1341=DIRECTION('',(1.0,0.0,0.0));
#1342=AXIS2_PLACEMENT_3D('',#1339,#1340,#1341);
#1343=PLANE ( 'NONE',#1342);
#1344=EDGE_LOOP('',(#1239,#1240,#1241,#1242,#1243,#1244,#1245));
#1345=FACE_OUTER_BOUND('',#1344,.F.);
#1346=EDGE_LOOP('',(#1246));
#1347=FACE_BOUND('',#1346,.F.);
#1348=ADVANCED_FACE('',(#1345,#1347),#1343,.F.);
#1349=CARTESIAN_POINT('',(0.0,-250.0,270.0));
#1350=DIRECTION('',(0.0,1.0,0.0));
#1351=DIRECTION('',(1.0,0.0,0.0));
#1352=AXIS2_PLACEMENT_3D('',#1349,#1350,#1351);
#1353=PLANE ( 'NONE',#1352);
#1354=EDGE_LOOP('',(#1247,#1248,#1249,#1250,#1251,#1252,#1253));
#1355=FACE_OUTER_BOUND('',#1354,.T.);
#1356=EDGE_LOOP('',(#1254));
#1357=FACE_BOUND('',#1356,.T.);
#1358=ADVANCED_FACE('',(#1355,#1357),#1353,.T.);
#1359=CLOSED_SHELL('',(#1265,#1276,#1287,#1297,#1307,#1317,#1327,#1338,#1348,#1358));
#1360=MANIFOLD_SOLID_BREP('solid_1359',#1359);
#1361=(NAMED_UNIT(*)SI_UNIT($,.STERADIAN.)SOLID_ANGLE_UNIT());
#1362=(NAMED_UNIT(*)PLANE_ANGLE_UNIT()SI_UNIT($,.RADIAN.));
#1363=(LENGTH_UNIT()NAMED_UNIT(*)SI_UNIT(.MILLI.,.METRE.));
#1364=UNCERTAINTY_MEASURE_WITH_UNIT(LENGTH_MEASURE(1.0E-5),#1363,'DISTANCE_ACCURACY_VALUE','');
#1365=(GEOMETRIC_REPRESENTATION_CONTEXT(3)GLOBAL_UNCERTAINTY_ASSIGNED_CONTEXT((#1364))GLOBAL_UNIT_ASSIGNED_CONTEXT((#1363,#1361,#1362))REPRESENTATION_CONTEXT('None','None'));
#1366=SHAPE_REPRESENTATION('',(#1360),#1365);
#1367=COLOUR_RGB($,0.0,0.0,0.0);
#1368=FILL_AREA_STYLE_COLOUR('',#1367);
#1369=FILL_AREA_STYLE('',(#1368));
#1370=SURFACE_STYLE_FILL_AREA(#1369);
#1371=SURFACE_SIDE_STYLE('',(#1370));
#1372=SURFACE_STYLE_USAGE(.BOTH.,#1371);
#1373=PRESENTATION_STYLE_ASSIGNMENT((#1372));
#1374=STYLED_ITEM('',(#1373),#1360);
#1375=CARTESIAN_POINT('',(-406.5,-282.5,309.8));
#1376=VERTEX_POINT('',#1375);
#1377=CARTESIAN_POINT('',(-132.5,-282.5,309.8));
#1378=VERTEX_POINT('',#1377);
#1379=CARTESIAN_POINT('',(-132.5,-282.5,304.8));
#1380=VERTEX_POINT('',#1379);
#1381=CARTESIAN_POINT('',(-406.5,-282.5,304.8));
#1382=VERTEX_POINT('',#1381);
#1383=CARTESIAN_POINT('',(-132.5,32.5,309.8));
#1384=VERTEX_POINT('',#1383);
#1385=CARTESIAN_POINT('',(-406.5,32.5,309.8));
#1386=VERTEX_POINT('',#1385);
#1387=CARTESIAN_POINT('',(-332.0,20.5,309.8));
#1388=VERTEX_POINT('',#1387);
#1389=CARTESIAN_POINT('',(-207.0,20.5,309.8));
#1390=VERTEX_POINT('',#1389);
#1391=CARTESIAN_POINT('',(-332.0,-262.0,309.8));
#1392=VERTEX_POINT('',#1391);
#1393=CARTESIAN_POINT('',(-207.0,-262.0,309.8));
#1394=VERTEX_POINT('',#1393);
#1395=CARTESIAN_POINT('',(-390.25,-183.25,309.8));
#1396=VERTEX_POINT('',#1395);
#1397=CARTESIAN_POINT('',(-390.25,-58.25,309.8));
#1398=VERTEX_POINT('',#1397);
#1399=CARTESIAN_POINT('',(-148.75,-183.25,309.8));
#1400=VERTEX_POINT('',#1399);
#1401=CARTESIAN_POINT('',(-148.75,-58.25,309.8));
#1402=VERTEX_POINT('',#1401);
#1403=CARTESIAN_POINT('',(-165.0,0.0,309.8));
#1404=VERTEX_POINT('',#1403);
#1405=CARTESIAN_POINT('',(-165.0,-250.0,309.8));
#1406=VERTEX_POINT('',#1405);
#1407=CARTESIAN_POINT('',(-374.0,-250.0,309.8));
#1408=VERTEX_POINT('',#1407);
#1409=CARTESIAN_POINT('',(-374.0,0.0,309.8));
#1410=VERTEX_POINT('',#1409);
#1411=CARTESIAN_POINT('',(-132.5,32.5,304.8));
#1412=VERTEX_POINT('',#1411);
#1413=CARTESIAN_POINT('',(-406.5,32.5,304.8));
#1414=VERTEX_POINT('',#1413);
#1415=CARTESIAN_POINT('',(-332.0,20.5,304.8));
#1416=VERTEX_POINT('',#1415);
#1417=CARTESIAN_POINT('',(-207.0,20.5,304.8));
#1418=VERTEX_POINT('',#1417);
#1419=CARTESIAN_POINT('',(-332.0,-262.0,304.8));
#1420=VERTEX_POINT('',#1419);
#1421=CARTESIAN_POINT('',(-207.0,-262.0,304.8));
#1422=VERTEX_POINT('',#1421);
#1423=CARTESIAN_POINT('',(-390.25,-183.25,304.8));
#1424=VERTEX_POINT('',#1423);
#1425=CARTESIAN_POINT('',(-390.25,-58.25,304.8));
#1426=VERTEX_POINT('',#1425);
#1427=CARTESIAN_POINT('',(-148.75,-183.25,304.8));
#1428=VERTEX_POINT('',#1427);
#1429=CARTESIAN_POINT('',(-148.75,-58.25,304.8));
#1430=VERTEX_POINT('',#1429);
#1431=CARTESIAN_POINT('',(-374.0,-250.0,304.8));
#1432=VERTEX_POINT('',#1431);
#1433=CARTESIAN_POINT('',(-165.0,-250.0,304.8));
#1434=VERTEX_POINT('',#1433);
#1435=CARTESIAN_POINT('',(-165.0,0.0,304.8));
#1436=VERTEX_POINT('',#1435);
#1437=CARTESIAN_POINT('',(-374.0,0.0,304.8));
#1438=VERTEX_POINT('',#1437);
#1439=DIRECTION('',(1.0,0.0,0.0));
#1440=VECTOR('',#1439, 274.0);
#1441=CARTESIAN_POINT('',(-406.5,-282.5,309.8));
#1442=LINE('',#1441,#1440);
#1443=EDGE_CURVE('',#1376,#1378,#1442,.T.);
#1444=DIRECTION('',(0.0,0.0,-1.0));
#1445=VECTOR('',#1444, 5.0);
#1446=CARTESIAN_POINT('',(-132.5,-282.5,309.8));
#1447=LINE('',#1446,#1445);
#1448=EDGE_CURVE('',#1378,#1380,#1447,.T.);
#1449=DIRECTION('',(1.0,0.0,0.0));
#1450=VECTOR('',#1449, 274.0);
#1451=CARTESIAN_POINT('',(-406.5,-282.5,304.8));
#1452=LINE('',#1451,#1450);
#1453=EDGE_CURVE('',#1382,#1380,#1452,.T.);
#1454=DIRECTION('',(0.0,0.0,-1.0));
#1455=VECTOR('',#1454, 5.0);
#1456=CARTESIAN_POINT('',(-406.5,-282.5,309.8));
#1457=LINE('',#1456,#1455);
#1458=EDGE_CURVE('',#1376,#1382,#1457,.T.);
#1459=DIRECTION('',(0.0,1.0,0.0));
#1460=VECTOR('',#1459, 315.0);
#1461=CARTESIAN_POINT('',(-132.5,-282.5,309.8));
#1462=LINE('',#1461,#1460);
#1463=EDGE_CURVE('',#1378,#1384,#1462,.T.);
#1464=DIRECTION('',(-1.0,0.0,0.0));
#1465=VECTOR('',#1464, 274.0);
#1466=CARTESIAN_POINT('',(-132.5,32.5,309.8));
#1467=LINE('',#1466,#1465);
#1468=EDGE_CURVE('',#1384,#1386,#1467,.T.);
#1469=DIRECTION('',(0.0,-1.0,0.0));
#1470=VECTOR('',#1469, 315.0);
#1471=CARTESIAN_POINT('',(-406.5,32.5,309.8));
#1472=LINE('',#1471,#1470);
#1473=EDGE_CURVE('',#1386,#1376,#1472,.T.);
#1474=CARTESIAN_POINT('',(-332.0,16.25,309.8));
#1475=DIRECTION('',(0.0,0.0,-1.0));
#1476=DIRECTION('',(0.0,1.0,0.0));
#1477=AXIS2_PLACEMENT_3D('',#1474,#1475,#1476);
#1478=CIRCLE('',#1477,4.25);
#1479=EDGE_CURVE('',#1388,#1388,#1478,.T.);
#1480=CARTESIAN_POINT('',(-207.0,16.25,309.8));
#1481=DIRECTION('',(0.0,0.0,-1.0));
#1482=DIRECTION('',(0.0,1.0,0.0));
#1483=AXIS2_PLACEMENT_3D('',#1480,#1481,#1482);
#1484=CIRCLE('',#1483,4.25);
#1485=EDGE_CURVE('',#1390,#1390,#1484,.T.);
#1486=CARTESIAN_POINT('',(-332.0,-266.25,309.8));
#1487=DIRECTION('',(0.0,0.0,-1.0));
#1488=DIRECTION('',(0.0,1.0,0.0));
#1489=AXIS2_PLACEMENT_3D('',#1486,#1487,#1488);
#1490=CIRCLE('',#1489,4.25);
#1491=EDGE_CURVE('',#1392,#1392,#1490,.T.);
#1492=CARTESIAN_POINT('',(-207.0,-266.25,309.8));
#1493=DIRECTION('',(0.0,0.0,-1.0));
#1494=DIRECTION('',(0.0,1.0,0.0));
#1495=AXIS2_PLACEMENT_3D('',#1492,#1493,#1494);
#1496=CIRCLE('',#1495,4.25);
#1497=EDGE_CURVE('',#1394,#1394,#1496,.T.);
#1498=CARTESIAN_POINT('',(-390.25,-187.5,309.8));
#1499=DIRECTION('',(0.0,0.0,-1.0));
#1500=DIRECTION('',(0.0,1.0,0.0));
#1501=AXIS2_PLACEMENT_3D('',#1498,#1499,#1500);
#1502=CIRCLE('',#1501,4.25);
#1503=EDGE_CURVE('',#1396,#1396,#1502,.T.);
#1504=CARTESIAN_POINT('',(-390.25,-62.5,309.8));
#1505=DIRECTION('',(0.0,0.0,-1.0));
#1506=DIRECTION('',(0.0,1.0,0.0));
#1507=AXIS2_PLACEMENT_3D('',#1504,#1505,#1506);
#1508=CIRCLE('',#1507,4.25);
#1509=EDGE_CURVE('',#1398,#1398,#1508,.T.);
#1510=CARTESIAN_POINT('',(-148.75,-187.5,309.8));
#1511=DIRECTION('',(0.0,0.0,-1.0));
#1512=DIRECTION('',(0.0,1.0,0.0));
#1513=AXIS2_PLACEMENT_3D('',#1510,#1511,#1512);
#1514=CIRCLE('',#1513,4.25);
#1515=EDGE_CURVE('',#1400,#1400,#1514,.T.);
#1516=CARTESIAN_POINT('',(-148.75,-62.5,309.8));
#1517=DIRECTION('',(0.0,0.0,-1.0));
#1518=DIRECTION('',(0.0,1.0,0.0));
#1519=AXIS2_PLACEMENT_3D('',#1516,#1517,#1518);
#1520=CIRCLE('',#1519,4.25);
#1521=EDGE_CURVE('',#1402,#1402,#1520,.T.);
#1522=DIRECTION('',(0.0,-1.0,0.0));
#1523=VECTOR('',#1522, 250.0);
#1524=CARTESIAN_POINT('',(-165.0,0.0,309.8));
#1525=LINE('',#1524,#1523);
#1526=EDGE_CURVE('',#1404,#1406,#1525,.T.);
#1527=DIRECTION('',(-1.0,0.0,0.0));
#1528=VECTOR('',#1527, 209.0);
#1529=CARTESIAN_POINT('',(-165.0,-250.0,309.8));
#1530=LINE('',#1529,#1528);
#1531=EDGE_CURVE('',#1406,#1408,#1530,.T.);
#1532=DIRECTION('',(0.0,1.0,0.0));
#1533=VECTOR('',#1532, 250.0);
#1534=CARTESIAN_POINT('',(-374.0,-250.0,309.8));
#1535=LINE('',#1534,#1533);
#1536=EDGE_CURVE('',#1408,#1410,#1535,.T.);
#1537=DIRECTION('',(1.0,0.0,0.0));
#1538=VECTOR('',#1537, 209.0);
#1539=CARTESIAN_POINT('',(-374.0,0.0,309.8));
#1540=LINE('',#1539,#1538);
#1541=EDGE_CURVE('',#1410,#1404,#1540,.T.);
#1542=DIRECTION('',(0.0,0.0,-1.0));
#1543=VECTOR('',#1542, 5.0);
#1544=CARTESIAN_POINT('',(-132.5,32.5,309.8));
#1545=LINE('',#1544,#1543);
#1546=EDGE_CURVE('',#1384,#1412,#1545,.T.);
#1547=DIRECTION('',(0.0,1.0,0.0));
#1548=VECTOR('',#1547, 315.0);
#1549=CARTESIAN_POINT('',(-132.5,-282.5,304.8));
#1550=LINE('',#1549,#1548);
#1551=EDGE_CURVE('',#1380,#1412,#1550,.T.);
#1552=DIRECTION('',(0.0,-1.0,0.0));
#1553=VECTOR('',#1552, 315.0);
#1554=CARTESIAN_POINT('',(-406.5,32.5,304.8));
#1555=LINE('',#1554,#1553);
#1556=EDGE_CURVE('',#1414,#1382,#1555,.T.);
#1557=DIRECTION('',(-1.0,0.0,0.0));
#1558=VECTOR('',#1557, 274.0);
#1559=CARTESIAN_POINT('',(-132.5,32.5,304.8));
#1560=LINE('',#1559,#1558);
#1561=EDGE_CURVE('',#1412,#1414,#1560,.T.);
#1562=CARTESIAN_POINT('',(-332.0,16.25,304.8));
#1563=DIRECTION('',(0.0,0.0,1.0));
#1564=DIRECTION('',(0.0,1.0,0.0));
#1565=AXIS2_PLACEMENT_3D('',#1562,#1563,#1564);
#1566=CIRCLE('',#1565,4.25);
#1567=EDGE_CURVE('',#1416,#1416,#1566,.T.);
#1568=CARTESIAN_POINT('',(-207.0,16.25,304.8));
#1569=DIRECTION('',(0.0,0.0,1.0));
#1570=DIRECTION('',(0.0,1.0,0.0));
#1571=AXIS2_PLACEMENT_3D('',#1568,#1569,#1570);
#1572=CIRCLE('',#1571,4.25);
#1573=EDGE_CURVE('',#1418,#1418,#1572,.T.);
#1574=CARTESIAN_POINT('',(-332.0,-266.25,304.8));
#1575=DIRECTION('',(0.0,0.0,1.0));
#1576=DIRECTION('',(0.0,1.0,0.0));
#1577=AXIS2_PLACEMENT_3D('',#1574,#1575,#1576);
#1578=CIRCLE('',#1577,4.25);
#1579=EDGE_CURVE('',#1420,#1420,#1578,.T.);
#1580=CARTESIAN_POINT('',(-207.0,-266.25,304.8));
#1581=DIRECTION('',(0.0,0.0,1.0));
#1582=DIRECTION('',(0.0,1.0,0.0));
#1583=AXIS2_PLACEMENT_3D('',#1580,#1581,#1582);
#1584=CIRCLE('',#1583,4.25);
#1585=EDGE_CURVE('',#1422,#1422,#1584,.T.);
#1586=CARTESIAN_POINT('',(-390.25,-187.5,304.8));
#1587=DIRECTION('',(0.0,0.0,1.0));
#1588=DIRECTION('',(0.0,1.0,0.0));
#1589=AXIS2_PLACEMENT_3D('',#1586,#1587,#1588);
#1590=CIRCLE('',#1589,4.25);
#1591=EDGE_CURVE('',#1424,#1424,#1590,.T.);
#1592=CARTESIAN_POINT('',(-390.25,-62.5,304.8));
#1593=DIRECTION('',(0.0,0.0,1.0));
#1594=DIRECTION('',(0.0,1.0,0.0));
#1595=AXIS2_PLACEMENT_3D('',#1592,#1593,#1594);
#1596=CIRCLE('',#1595,4.25);
#1597=EDGE_CURVE('',#1426,#1426,#1596,.T.);
#1598=CARTESIAN_POINT('',(-148.75,-187.5,304.8));
#1599=DIRECTION('',(0.0,0.0,1.0));
#1600=DIRECTION('',(0.0,1.0,0.0));
#1601=AXIS2_PLACEMENT_3D('',#1598,#1599,#1600);
#1602=CIRCLE('',#1601,4.25);
#1603=EDGE_CURVE('',#1428,#1428,#1602,.T.);
#1604=CARTESIAN_POINT('',(-148.75,-62.5,304.8));
#1605=DIRECTION('',(0.0,0.0,1.0));
#1606=DIRECTION('',(0.0,1.0,0.0));
#1607=AXIS2_PLACEMENT_3D('',#1604,#1605,#1606);
#1608=CIRCLE('',#1607,4.25);
#1609=EDGE_CURVE('',#1430,#1430,#1608,.T.);
#1610=DIRECTION('',(1.0,0.0,0.0));
#1611=VECTOR('',#1610, 209.0);
#1612=CARTESIAN_POINT('',(-374.0,-250.0,304.8));
#1613=LINE('',#1612,#1611);
#1614=EDGE_CURVE('',#1432,#1434,#1613,.T.);
#1615=DIRECTION('',(0.0,1.0,0.0));
#1616=VECTOR('',#1615, 250.0);
#1617=CARTESIAN_POINT('',(-165.0,-250.0,304.8));
#1618=LINE('',#1617,#1616);
#1619=EDGE_CURVE('',#1434,#1436,#1618,.T.);
#1620=DIRECTION('',(-1.0,0.0,0.0));
#1621=VECTOR('',#1620, 209.0);
#1622=CARTESIAN_POINT('',(-165.0,0.0,304.8));
#1623=LINE('',#1622,#1621);
#1624=EDGE_CURVE('',#1436,#1438,#1623,.T.);
#1625=DIRECTION('',(0.0,-1.0,0.0));
#1626=VECTOR('',#1625, 250.0);
#1627=CARTESIAN_POINT('',(-374.0,0.0,304.8));
#1628=LINE('',#1627,#1626);
#1629=EDGE_CURVE('',#1438,#1432,#1628,.T.);
#1630=DIRECTION('',(0.0,0.0,-1.0));
#1631=VECTOR('',#1630, 5.0);
#1632=CARTESIAN_POINT('',(-406.5,32.5,309.8));
#1633=LINE('',#1632,#1631);
#1634=EDGE_CURVE('',#1386,#1414,#1633,.T.);
#1635=DIRECTION('',(0.0,0.0,-1.0));
#1636=VECTOR('',#1635, 5.0);
#1637=CARTESIAN_POINT('',(-332.0,20.5,309.8));
#1638=LINE('',#1637,#1636);
#1639=EDGE_CURVE('',#1388,#1416,#1638,.T.);
#1640=DIRECTION('',(0.0,0.0,-1.0));
#1641=VECTOR('',#1640, 5.0);
#1642=CARTESIAN_POINT('',(-207.0,20.5,309.8));
#1643=LINE('',#1642,#1641);
#1644=EDGE_CURVE('',#1390,#1418,#1643,.T.);
#1645=DIRECTION('',(0.0,0.0,-1.0));
#1646=VECTOR('',#1645, 5.0);
#1647=CARTESIAN_POINT('',(-332.0,-262.0,309.8));
#1648=LINE('',#1647,#1646);
#1649=EDGE_CURVE('',#1392,#1420,#1648,.T.);
#1650=DIRECTION('',(0.0,0.0,-1.0));
#1651=VECTOR('',#1650, 5.0);
#1652=CARTESIAN_POINT('',(-207.0,-262.0,309.8));
#1653=LINE('',#1652,#1651);
#1654=EDGE_CURVE('',#1394,#1422,#1653,.T.);
#1655=DIRECTION('',(0.0,0.0,-1.0));
#1656=VECTOR('',#1655, 5.0);
#1657=CARTESIAN_POINT('',(-390.25,-183.25,309.8));
#1658=LINE('',#1657,#1656);
#1659=EDGE_CURVE('',#1396,#1424,#1658,.T.);
#1660=DIRECTION('',(0.0,0.0,-1.0));
#1661=VECTOR('',#1660, 5.0);
#1662=CARTESIAN_POINT('',(-390.25,-58.25,309.8));
#1663=LINE('',#1662,#1661);
#1664=EDGE_CURVE('',#1398,#1426,#1663,.T.);
#1665=DIRECTION('',(0.0,0.0,-1.0));
#1666=VECTOR('',#1665, 5.0);
#1667=CARTESIAN_POINT('',(-148.75,-183.25,309.8));
#1668=LINE('',#1667,#1666);
#1669=EDGE_CURVE('',#1400,#1428,#1668,.T.);
#1670=DIRECTION('',(0.0,0.0,-1.0));
#1671=VECTOR('',#1670, 5.0);
#1672=CARTESIAN_POINT('',(-148.75,-58.25,309.8));
#1673=LINE('',#1672,#1671);
#1674=EDGE_CURVE('',#1402,#1430,#1673,.T.);
#1675=DIRECTION('',(0.0,0.0,-1.0));
#1676=VECTOR('',#1675, 5.0);
#1677=CARTESIAN_POINT('',(-165.0,-250.0,309.8));
#1678=LINE('',#1677,#1676);
#1679=EDGE_CURVE('',#1406,#1434,#1678,.T.);
#1680=DIRECTION('',(0.0,0.0,-1.0));
#1681=VECTOR('',#1680, 5.0);
#1682=CARTESIAN_POINT('',(-165.0,0.0,309.8));
#1683=LINE('',#1682,#1681);
#1684=EDGE_CURVE('',#1404,#1436,#1683,.T.);
#1685=DIRECTION('',(0.0,0.0,-1.0));
#1686=VECTOR('',#1685, 5.0);
#1687=CARTESIAN_POINT('',(-374.0,-250.0,309.8));
#1688=LINE('',#1687,#1686);
#1689=EDGE_CURVE('',#1408,#1432,#1688,.T.);
#1690=DIRECTION('',(0.0,0.0,-1.0));
#1691=VECTOR('',#1690, 5.0);
#1692=CARTESIAN_POINT('',(-374.0,0.0,309.8));
#1693=LINE('',#1692,#1691);
#1694=EDGE_CURVE('',#1410,#1438,#1693,.T.);
#1695=ORIENTED_EDGE('',*,*,#1443,.T.);
#1696=ORIENTED_EDGE('',*,*,#1448,.T.);
#1697=ORIENTED_EDGE('',*,*,#1453,.F.);
#1698=ORIENTED_EDGE('',*,*,#1458,.F.);
#1699=ORIENTED_EDGE('',*,*,#1463,.T.);
#1700=ORIENTED_EDGE('',*,*,#1468,.T.);
#1701=ORIENTED_EDGE('',*,*,#1473,.T.);
#1702=ORIENTED_EDGE('',*,*,#1443,.T.);
#1703=ORIENTED_EDGE('',*,*,#1479,.T.);
#1704=ORIENTED_EDGE('',*,*,#1485,.T.);
#1705=ORIENTED_EDGE('',*,*,#1491,.T.);
#1706=ORIENTED_EDGE('',*,*,#1497,.T.);
#1707=ORIENTED_EDGE('',*,*,#1503,.T.);
#1708=ORIENTED_EDGE('',*,*,#1509,.T.);
#1709=ORIENTED_EDGE('',*,*,#1515,.T.);
#1710=ORIENTED_EDGE('',*,*,#1521,.T.);
#1711=ORIENTED_EDGE('',*,*,#1526,.T.);
#1712=ORIENTED_EDGE('',*,*,#1531,.T.);
#1713=ORIENTED_EDGE('',*,*,#1536,.T.);
#1714=ORIENTED_EDGE('',*,*,#1541,.T.);
#1715=ORIENTED_EDGE('',*,*,#1463,.T.);
#1716=ORIENTED_EDGE('',*,*,#1546,.T.);
#1717=ORIENTED_EDGE('',*,*,#1551,.F.);
#1718=ORIENTED_EDGE('',*,*,#1448,.F.);
#1719=ORIENTED_EDGE('',*,*,#1453,.F.);
#1720=ORIENTED_EDGE('',*,*,#1556,.F.);
#1721=ORIENTED_EDGE('',*,*,#1561,.F.);
#1722=ORIENTED_EDGE('',*,*,#1551,.F.);
#1723=ORIENTED_EDGE('',*,*,#1567,.T.);
#1724=ORIENTED_EDGE('',*,*,#1573,.T.);
#1725=ORIENTED_EDGE('',*,*,#1579,.T.);
#1726=ORIENTED_EDGE('',*,*,#1585,.T.);
#1727=ORIENTED_EDGE('',*,*,#1591,.T.);
#1728=ORIENTED_EDGE('',*,*,#1597,.T.);
#1729=ORIENTED_EDGE('',*,*,#1603,.T.);
#1730=ORIENTED_EDGE('',*,*,#1609,.T.);
#1731=ORIENTED_EDGE('',*,*,#1614,.T.);
#1732=ORIENTED_EDGE('',*,*,#1619,.T.);
#1733=ORIENTED_EDGE('',*,*,#1624,.T.);
#1734=ORIENTED_EDGE('',*,*,#1629,.T.);
#1735=ORIENTED_EDGE('',*,*,#1473,.T.);
#1736=ORIENTED_EDGE('',*,*,#1458,.T.);
#1737=ORIENTED_EDGE('',*,*,#1556,.F.);
#1738=ORIENTED_EDGE('',*,*,#1634,.F.);
#1739=ORIENTED_EDGE('',*,*,#1468,.T.);
#1740=ORIENTED_EDGE('',*,*,#1634,.T.);
#1741=ORIENTED_EDGE('',*,*,#1561,.F.);
#1742=ORIENTED_EDGE('',*,*,#1546,.F.);
#1743=ORIENTED_EDGE('',*,*,#1479,.T.);
#1744=ORIENTED_EDGE('',*,*,#1639,.T.);
#1745=ORIENTED_EDGE('',*,*,#1567,.T.);
#1746=ORIENTED_EDGE('',*,*,#1639,.F.);
#1747=ORIENTED_EDGE('',*,*,#1485,.T.);
#1748=ORIENTED_EDGE('',*,*,#1644,.T.);
#1749=ORIENTED_EDGE('',*,*,#1573,.T.);
#1750=ORIENTED_EDGE('',*,*,#1644,.F.);
#1751=ORIENTED_EDGE('',*,*,#1491,.T.);
#1752=ORIENTED_EDGE('',*,*,#1649,.T.);
#1753=ORIENTED_EDGE('',*,*,#1579,.T.);
#1754=ORIENTED_EDGE('',*,*,#1649,.F.);
#1755=ORIENTED_EDGE('',*,*,#1497,.T.);
#1756=ORIENTED_EDGE('',*,*,#1654,.T.);
#1757=ORIENTED_EDGE('',*,*,#1585,.T.);
#1758=ORIENTED_EDGE('',*,*,#1654,.F.);
#1759=ORIENTED_EDGE('',*,*,#1503,.T.);
#1760=ORIENTED_EDGE('',*,*,#1659,.T.);
#1761=ORIENTED_EDGE('',*,*,#1591,.T.);
#1762=ORIENTED_EDGE('',*,*,#1659,.F.);
#1763=ORIENTED_EDGE('',*,*,#1509,.T.);
#1764=ORIENTED_EDGE('',*,*,#1664,.T.);
#1765=ORIENTED_EDGE('',*,*,#1597,.T.);
#1766=ORIENTED_EDGE('',*,*,#1664,.F.);
#1767=ORIENTED_EDGE('',*,*,#1515,.T.);
#1768=ORIENTED_EDGE('',*,*,#1669,.T.);
#1769=ORIENTED_EDGE('',*,*,#1603,.T.);
#1770=ORIENTED_EDGE('',*,*,#1669,.F.);
#1771=ORIENTED_EDGE('',*,*,#1521,.T.);
#1772=ORIENTED_EDGE('',*,*,#1674,.T.);
#1773=ORIENTED_EDGE('',*,*,#1609,.T.);
#1774=ORIENTED_EDGE('',*,*,#1674,.F.);
#1775=ORIENTED_EDGE('',*,*,#1679,.T.);
#1776=ORIENTED_EDGE('',*,*,#1619,.T.);
#1777=ORIENTED_EDGE('',*,*,#1684,.F.);
#1778=ORIENTED_EDGE('',*,*,#1526,.T.);
#1779=ORIENTED_EDGE('',*,*,#1689,.T.);
#1780=ORIENTED_EDGE('',*,*,#1614,.T.);
#1781=ORIENTED_EDGE('',*,*,#1679,.F.);
#1782=ORIENTED_EDGE('',*,*,#1531,.T.);
#1783=ORIENTED_EDGE('',*,*,#1694,.T.);
#1784=ORIENTED_EDGE('',*,*,#1629,.T.);
#1785=ORIENTED_EDGE('',*,*,#1689,.F.);
#1786=ORIENTED_EDGE('',*,*,#1536,.T.);
#1787=ORIENTED_EDGE('',*,*,#1684,.T.);
#1788=ORIENTED_EDGE('',*,*,#1624,.T.);
#1789=ORIENTED_EDGE('',*,*,#1694,.F.);
#1790=ORIENTED_EDGE('',*,*,#1541,.T.);
#1791=DIRECTION('',(1.0,0.0,0.0));
#1792=VECTOR('',#1791, 274.0);
#1793=CARTESIAN_POINT('',(-406.5,-282.5,309.8));
#1794=LINE('',#1793,#1792);
#1795=DIRECTION('',(0.0,0.0,-1.0));
#1796=VECTOR('',#1795, 5.0);
#1797=SURFACE_OF_LINEAR_EXTRUSION('',#1794,#1796);
#1798=EDGE_LOOP('',(#1695,#1696,#1697,#1698));
#1799=FACE_OUTER_BOUND('',#1798,.F.);
#1800=ADVANCED_FACE('',(#1799),#1797,.F.);
#1801=CARTESIAN_POINT('',(-132.5,-282.5,309.8));
#1802=DIRECTION('',(0.0,0.0,1.0));
#1803=DIRECTION('',(1.0,0.0,0.0));
#1804=AXIS2_PLACEMENT_3D('',#1801,#1802,#1803);
#1805=PLANE ( 'NONE',#1804);
#1806=EDGE_LOOP('',(#1699,#1700,#1701,#1702));
#1807=FACE_OUTER_BOUND('',#1806,.T.);
#1808=EDGE_LOOP('',(#1703));
#1809=FACE_BOUND('',#1808,.T.);
#1810=EDGE_LOOP('',(#1704));
#1811=FACE_BOUND('',#1810,.T.);
#1812=EDGE_LOOP('',(#1705));
#1813=FACE_BOUND('',#1812,.T.);
#1814=EDGE_LOOP('',(#1706));
#1815=FACE_BOUND('',#1814,.T.);
#1816=EDGE_LOOP('',(#1707));
#1817=FACE_BOUND('',#1816,.T.);
#1818=EDGE_LOOP('',(#1708));
#1819=FACE_BOUND('',#1818,.T.);
#1820=EDGE_LOOP('',(#1709));
#1821=FACE_BOUND('',#1820,.T.);
#1822=EDGE_LOOP('',(#1710));
#1823=FACE_BOUND('',#1822,.T.);
#1824=EDGE_LOOP('',(#1711,#1712,#1713,#1714));
#1825=FACE_BOUND('',#1824,.T.);
#1826=ADVANCED_FACE('',(#1807,#1809,#1811,#1813,#1815,#1817,#1819,#1821,#1823,#1825),#1805,.T.);
#1827=DIRECTION('',(0.0,1.0,0.0));
#1828=VECTOR('',#1827, 315.0);
#1829=CARTESIAN_POINT('',(-132.5,-282.5,309.8));
#1830=LINE('',#1829,#1828);
#1831=DIRECTION('',(0.0,0.0,-1.0));
#1832=VECTOR('',#1831, 5.0);
#1833=SURFACE_OF_LINEAR_EXTRUSION('',#1830,#1832);
#1834=EDGE_LOOP('',(#1715,#1716,#1717,#1718));
#1835=FACE_OUTER_BOUND('',#1834,.F.);
#1836=ADVANCED_FACE('',(#1835),#1833,.F.);
#1837=CARTESIAN_POINT('',(-132.5,-282.5,304.8));
#1838=DIRECTION('',(0.0,0.0,1.0));
#1839=DIRECTION('',(1.0,0.0,0.0));
#1840=AXIS2_PLACEMENT_3D('',#1837,#1838,#1839);
#1841=PLANE ( 'NONE',#1840);
#1842=EDGE_LOOP('',(#1719,#1720,#1721,#1722));
#1843=FACE_OUTER_BOUND('',#1842,.T.);
#1844=EDGE_LOOP('',(#1723));
#1845=FACE_BOUND('',#1844,.T.);
#1846=EDGE_LOOP('',(#1724));
#1847=FACE_BOUND('',#1846,.T.);
#1848=EDGE_LOOP('',(#1725));
#1849=FACE_BOUND('',#1848,.T.);
#1850=EDGE_LOOP('',(#1726));
#1851=FACE_BOUND('',#1850,.T.);
#1852=EDGE_LOOP('',(#1727));
#1853=FACE_BOUND('',#1852,.T.);
#1854=EDGE_LOOP('',(#1728));
#1855=FACE_BOUND('',#1854,.T.);
#1856=EDGE_LOOP('',(#1729));
#1857=FACE_BOUND('',#1856,.T.);
#1858=EDGE_LOOP('',(#1730));
#1859=FACE_BOUND('',#1858,.T.);
#1860=EDGE_LOOP('',(#1731,#1732,#1733,#1734));
#1861=FACE_BOUND('',#1860,.T.);
#1862=ADVANCED_FACE('',(#1843,#1845,#1847,#1849,#1851,#1853,#1855,#1857,#1859,#1861),#1841,.F.);
#1863=DIRECTION('',(0.0,-1.0,0.0));
#1864=VECTOR('',#1863, 315.0);
#1865=CARTESIAN_POINT('',(-406.5,32.5,309.8));
#1866=LINE('',#1865,#1864);
#1867=DIRECTION('',(0.0,0.0,-1.0));
#1868=VECTOR('',#1867, 5.0);
#1869=SURFACE_OF_LINEAR_EXTRUSION('',#1866,#1868);
#1870=EDGE_LOOP('',(#1735,#1736,#1737,#1738));
#1871=FACE_OUTER_BOUND('',#1870,.F.);
#1872=ADVANCED_FACE('',(#1871),#1869,.F.);
#1873=DIRECTION('',(-1.0,0.0,0.0));
#1874=VECTOR('',#1873, 274.0);
#1875=CARTESIAN_POINT('',(-132.5,32.5,309.8));
#1876=LINE('',#1875,#1874);
#1877=DIRECTION('',(0.0,0.0,-1.0));
#1878=VECTOR('',#1877, 5.0);
#1879=SURFACE_OF_LINEAR_EXTRUSION('',#1876,#1878);
#1880=EDGE_LOOP('',(#1739,#1740,#1741,#1742));
#1881=FACE_OUTER_BOUND('',#1880,.F.);
#1882=ADVANCED_FACE('',(#1881),#1879,.F.);
#1883=CARTESIAN_POINT('',(-332.0,16.25,314.8));
#1884=DIRECTION('',(0.0,0.0,-1.0));
#1885=DIRECTION('',(0.0,1.0,0.0));
#1886=AXIS2_PLACEMENT_3D('',#1883,#1884,#1885);
#1887=CIRCLE('',#1886,4.25);
#1888=DIRECTION('',(0.0,0.0,-1.0));
#1889=VECTOR('',#1888, 10.0);
#1890=SURFACE_OF_LINEAR_EXTRUSION('',#1887,#1889);
#1891=EDGE_LOOP('',(#1743,#1744,#1745,#1746));
#1892=FACE_OUTER_BOUND('',#1891,.F.);
#1893=ADVANCED_FACE('',(#1892),#1890,.F.);
#1894=CARTESIAN_POINT('',(-207.0,16.25,314.8));
#1895=DIRECTION('',(0.0,0.0,-1.0));
#1896=DIRECTION('',(0.0,1.0,0.0));
#1897=AXIS2_PLACEMENT_3D('',#1894,#1895,#1896);
#1898=CIRCLE('',#1897,4.25);
#1899=DIRECTION('',(0.0,0.0,-1.0));
#1900=VECTOR('',#1899, 10.0);
#1901=SURFACE_OF_LINEAR_EXTRUSION('',#1898,#1900);
#1902=EDGE_LOOP('',(#1747,#1748,#1749,#1750));
#1903=FACE_OUTER_BOUND('',#1902,.F.);
#1904=ADVANCED_FACE('',(#1903),#1901,.F.);
#1905=CARTESIAN_POINT('',(-332.0,-266.25,314.8));
#1906=DIRECTION('',(0.0,0.0,-1.0));
#1907=DIRECTION('',(0.0,1.0,0.0));
#1908=AXIS2_PLACEMENT_3D('',#1905,#1906,#1907);
#1909=CIRCLE('',#1908,4.25);
#1910=DIRECTION('',(0.0,0.0,-1.0));
#1911=VECTOR('',#1910, 10.0);
#1912=SURFACE_OF_LINEAR_EXTRUSION('',#1909,#1911);
#1913=EDGE_LOOP('',(#1751,#1752,#1753,#1754));
#1914=FACE_OUTER_BOUND('',#1913,.F.);
#1915=ADVANCED_FACE('',(#1914),#1912,.F.);
#1916=CARTESIAN_POINT('',(-207.0,-266.25,314.8));
#1917=DIRECTION('',(0.0,0.0,-1.0));
#1918=DIRECTION('',(0.0,1.0,0.0));
#1919=AXIS2_PLACEMENT_3D('',#1916,#1917,#1918);
#1920=CIRCLE('',#1919,4.25);
#1921=DIRECTION('',(0.0,0.0,-1.0));
#1922=VECTOR('',#1921, 10.0);
#1923=SURFACE_OF_LINEAR_EXTRUSION('',#1920,#1922);
#1924=EDGE_LOOP('',(#1755,#1756,#1757,#1758));
#1925=FACE_OUTER_BOUND('',#1924,.F.);
#1926=ADVANCED_FACE('',(#1925),#1923,.F.);
#1927=CARTESIAN_POINT('',(-390.25,-187.5,314.8));
#1928=DIRECTION('',(0.0,0.0,-1.0));
#1929=DIRECTION('',(0.0,1.0,0.0));
#1930=AXIS2_PLACEMENT_3D('',#1927,#1928,#1929);
#1931=CIRCLE('',#1930,4.25);
#1932=DIRECTION('',(0.0,0.0,-1.0));
#1933=VECTOR('',#1932, 10.0);
#1934=SURFACE_OF_LINEAR_EXTRUSION('',#1931,#1933);
#1935=EDGE_LOOP('',(#1759,#1760,#1761,#1762));
#1936=FACE_OUTER_BOUND('',#1935,.F.);
#1937=ADVANCED_FACE('',(#1936),#1934,.F.);
#1938=CARTESIAN_POINT('',(-390.25,-62.5,314.8));
#1939=DIRECTION('',(0.0,0.0,-1.0));
#1940=DIRECTION('',(0.0,1.0,0.0));
#1941=AXIS2_PLACEMENT_3D('',#1938,#1939,#1940);
#1942=CIRCLE('',#1941,4.25);
#1943=DIRECTION('',(0.0,0.0,-1.0));
#1944=VECTOR('',#1943, 10.0);
#1945=SURFACE_OF_LINEAR_EXTRUSION('',#1942,#1944);
#1946=EDGE_LOOP('',(#1763,#1764,#1765,#1766));
#1947=FACE_OUTER_BOUND('',#1946,.F.);
#1948=ADVANCED_FACE('',(#1947),#1945,.F.);
#1949=CARTESIAN_POINT('',(-148.75,-187.5,314.8));
#1950=DIRECTION('',(0.0,0.0,-1.0));
#1951=DIRECTION('',(0.0,1.0,0.0));
#1952=AXIS2_PLACEMENT_3D('',#1949,#1950,#1951);
#1953=CIRCLE('',#1952,4.25);
#1954=DIRECTION('',(0.0,0.0,-1.0));
#1955=VECTOR('',#1954, 10.0);
#1956=SURFACE_OF_LINEAR_EXTRUSION('',#1953,#1955);
#1957=EDGE_LOOP('',(#1767,#1768,#1769,#1770));
#1958=FACE_OUTER_BOUND('',#1957,.F.);
#1959=ADVANCED_FACE('',(#1958),#1956,.F.);
#1960=CARTESIAN_POINT('',(-148.75,-62.5,314.8));
#1961=DIRECTION('',(0.0,0.0,-1.0));
#1962=DIRECTION('',(0.0,1.0,0.0));
#1963=AXIS2_PLACEMENT_3D('',#1960,#1961,#1962);
#1964=CIRCLE('',#1963,4.25);
#1965=DIRECTION('',(0.0,0.0,-1.0));
#1966=VECTOR('',#1965, 10.0);
#1967=SURFACE_OF_LINEAR_EXTRUSION('',#1964,#1966);
#1968=EDGE_LOOP('',(#1771,#1772,#1773,#1774));
#1969=FACE_OUTER_BOUND('',#1968,.F.);
#1970=ADVANCED_FACE('',(#1969),#1967,.F.);
#1971=DIRECTION('',(0.0,1.0,0.0));
#1972=VECTOR('',#1971, 250.0);
#1973=CARTESIAN_POINT('',(-165.0,-250.0,309.8));
#1974=LINE('',#1973,#1972);
#1975=DIRECTION('',(0.0,0.0,-1.0));
#1976=VECTOR('',#1975, 5.0);
#1977=SURFACE_OF_LINEAR_EXTRUSION('',#1974,#1976);
#1978=EDGE_LOOP('',(#1775,#1776,#1777,#1778));
#1979=FACE_OUTER_BOUND('',#1978,.F.);
#1980=ADVANCED_FACE('',(#1979),#1977,.T.);
#1981=DIRECTION('',(1.0,0.0,0.0));
#1982=VECTOR('',#1981, 209.0);
#1983=CARTESIAN_POINT('',(-374.0,-250.0,309.8));
#1984=LINE('',#1983,#1982);
#1985=DIRECTION('',(0.0,0.0,-1.0));
#1986=VECTOR('',#1985, 5.0);
#1987=SURFACE_OF_LINEAR_EXTRUSION('',#1984,#1986);
#1988=EDGE_LOOP('',(#1779,#1780,#1781,#1782));
#1989=FACE_OUTER_BOUND('',#1988,.F.);
#1990=ADVANCED_FACE('',(#1989),#1987,.T.);
#1991=DIRECTION('',(0.0,-1.0,0.0));
#1992=VECTOR('',#1991, 250.0);
#1993=CARTESIAN_POINT('',(-374.0,0.0,309.8));
#1994=LINE('',#1993,#1992);
#1995=DIRECTION('',(0.0,0.0,-1.0));
#1996=VECTOR('',#1995, 5.0);
#1997=SURFACE_OF_LINEAR_EXTRUSION('',#1994,#1996);
#1998=EDGE_LOOP('',(#1783,#1784,#1785,#1786));
#1999=FACE_OUTER_BOUND('',#1998,.F.);
#2000=ADVANCED_FACE('',(#1999),#1997,.T.);
#2001=DIRECTION('',(-1.0,0.0,0.0));
#2002=VECTOR('',#2001, 209.0);
#2003=CARTESIAN_POINT('',(-165.0,0.0,309.8));
#2004=LINE('',#2003,#2002);
#2005=DIRECTION('',(0.0,0.0,-1.0));
#2006=VECTOR('',#2005, 5.0);
#2007=SURFACE_OF_LINEAR_EXTRUSION('',#2004,#2006);
#2008=EDGE_LOOP('',(#1787,#1788,#1789,#1790));
#2009=FACE_OUTER_BOUND('',#2008,.F.);
#2010=ADVANCED_FACE('',(#2009),#2007,.T.);
#2011=CLOSED_SHELL('',(#1800,#1826,#1836,#1862,#1872,#1882,#1893,#1904,#1915,#1926,#1937,#1948,#1959,#1970,#1980,#1990,#2000,#2010));
#2012=MANIFOLD_SOLID_BREP('solid_2011',#2011);
#2013=(NAMED_UNIT(*)SI_UNIT($,.STERADIAN.)SOLID_ANGLE_UNIT());
#2014=(NAMED_UNIT(*)PLANE_ANGLE_UNIT()SI_UNIT($,.RADIAN.));
#2015=(LENGTH_UNIT()NAMED_UNIT(*)SI_UNIT(.MILLI.,.METRE.));
#2016=UNCERTAINTY_MEASURE_WITH_UNIT(LENGTH_MEASURE(1.0E-5),#2015,'DISTANCE_ACCURACY_VALUE','');
#2017=(GEOMETRIC_REPRESENTATION_CONTEXT(3)GLOBAL_UNCERTAINTY_ASSIGNED_CONTEXT((#2016))GLOBAL_UNIT_ASSIGNED_CONTEXT((#2015,#2013,#2014))REPRESENTATION_CONTEXT('None','None'));
#2018=SHAPE_REPRESENTATION('',(#2012),#2017);
#2019=COLOUR_RGB($,0.0,0.0,0.0);
#2020=FILL_AREA_STYLE_COLOUR('',#2019);
#2021=FILL_AREA_STYLE('',(#2020));
#2022=SURFACE_STYLE_FILL_AREA(#2021);
#2023=SURFACE_SIDE_STYLE('',(#2022));
#2024=SURFACE_STYLE_USAGE(.BOTH.,#2023);
#2025=PRESENTATION_STYLE_ASSIGNMENT((#2024));
#2026=STYLED_ITEM('',(#2025),#2012);
#2027=CARTESIAN_POINT('',(139.5,-252.0,0.0));
#2028=VERTEX_POINT('',#2027);
#2029=CARTESIAN_POINT('',(139.5,-282.0,0.0));
#2030=VERTEX_POINT('',#2029);
#2031=CARTESIAN_POINT('',(138.5,-252.0,0.0));
#2032=VERTEX_POINT('',#2031);
#2033=CARTESIAN_POINT('',(138.5,-282.0,0.0));
#2034=VERTEX_POINT('',#2033);
#2035=CARTESIAN_POINT('',(0.0,-252.0,0.0));
#2036=DIRECTION('',(0.0,-1.0,0.0));
#2037=DIRECTION('',(1.0,0.0,0.0));
#2038=AXIS2_PLACEMENT_3D('',#2035,#2036,#2037);
#2039=CIRCLE('',#2038,139.5);
#2040=EDGE_CURVE('',#2028,#2028,#2039,.T.);
#2041=DIRECTION('',(0.0,-1.0,0.0));
#2042=VECTOR('',#2041, 30.0);
#2043=CARTESIAN_POINT('',(139.5,-252.0,0.0));
#2044=LINE('',#2043,#2042);
#2045=EDGE_CURVE('',#2028,#2030,#2044,.T.);
#2046=CARTESIAN_POINT('',(0.0,-282.0,0.0));
#2047=DIRECTION('',(0.0,-1.0,0.0));
#2048=DIRECTION('',(1.0,0.0,0.0));
#2049=AXIS2_PLACEMENT_3D('',#2046,#2047,#2048);
#2050=CIRCLE('',#2049,139.5);
#2051=EDGE_CURVE('',#2030,#2030,#2050,.T.);
#2052=CARTESIAN_POINT('',(0.0,-252.0,0.0));
#2053=DIRECTION('',(0.0,-1.0,0.0));
#2054=DIRECTION('',(1.0,0.0,0.0));
#2055=AXIS2_PLACEMENT_3D('',#2052,#2053,#2054);
#2056=CIRCLE('',#2055,138.5);
#2057=EDGE_CURVE('',#2032,#2032,#2056,.T.);
#2058=CARTESIAN_POINT('',(0.0,-282.0,0.0));
#2059=DIRECTION('',(0.0,1.0,0.0));
#2060=DIRECTION('',(1.0,0.0,0.0));
#2061=AXIS2_PLACEMENT_3D('',#2058,#2059,#2060);
#2062=CIRCLE('',#2061,138.5);
#2063=EDGE_CURVE('',#2034,#2034,#2062,.T.);
#2064=DIRECTION('',(0.0,-1.0,0.0));
#2065=VECTOR('',#2064, 30.0);
#2066=CARTESIAN_POINT('',(138.5,-252.0,0.0));
#2067=LINE('',#2066,#2065);
#2068=EDGE_CURVE('',#2032,#2034,#2067,.T.);
#2069=ORIENTED_EDGE('',*,*,#2040,.T.);
#2070=ORIENTED_EDGE('',*,*,#2045,.T.);
#2071=ORIENTED_EDGE('',*,*,#2051,.F.);
#2072=ORIENTED_EDGE('',*,*,#2045,.F.);
#2073=ORIENTED_EDGE('',*,*,#2040,.F.);
#2074=ORIENTED_EDGE('',*,*,#2057,.T.);
#2075=ORIENTED_EDGE('',*,*,#2051,.T.);
#2076=ORIENTED_EDGE('',*,*,#2063,.T.);
#2077=ORIENTED_EDGE('',*,*,#2057,.T.);
#2078=ORIENTED_EDGE('',*,*,#2068,.T.);
#2079=ORIENTED_EDGE('',*,*,#2063,.T.);
#2080=ORIENTED_EDGE('',*,*,#2068,.F.);
#2081=CARTESIAN_POINT('',(0.0,-252.0,0.0));
#2082=DIRECTION('',(0.0,-1.0,0.0));
#2083=DIRECTION('',(1.0,0.0,0.0));
#2084=AXIS2_PLACEMENT_3D('',#2081,#2082,#2083);
#2085=CIRCLE('',#2084,139.5);
#2086=DIRECTION('',(0.0,-1.0,0.0));
#2087=VECTOR('',#2086, 30.0);
#2088=SURFACE_OF_LINEAR_EXTRUSION('',#2085,#2087);
#2089=EDGE_LOOP('',(#2069,#2070,#2071,#2072));
#2090=FACE_OUTER_BOUND('',#2089,.T.);
#2091=ADVANCED_FACE('',(#2090),#2088,.T.);
#2092=CARTESIAN_POINT('',(139.5,-252.0,0.0));
#2093=DIRECTION('',(0.0,-1.0,0.0));
#2094=DIRECTION('',(1.0,0.0,0.0));
#2095=AXIS2_PLACEMENT_3D('',#2092,#2093,#2094);
#2096=PLANE ( 'NONE',#2095);
#2097=EDGE_LOOP('',(#2073));
#2098=FACE_OUTER_BOUND('',#2097,.T.);
#2099=EDGE_LOOP('',(#2074));
#2100=FACE_BOUND('',#2099,.T.);
#2101=ADVANCED_FACE('',(#2098,#2100),#2096,.F.);
#2102=CARTESIAN_POINT('',(139.5,-282.0,0.0));
#2103=DIRECTION('',(0.0,-1.0,0.0));
#2104=DIRECTION('',(1.0,0.0,0.0));
#2105=AXIS2_PLACEMENT_3D('',#2102,#2103,#2104);
#2106=PLANE ( 'NONE',#2105);
#2107=EDGE_LOOP('',(#2075));
#2108=FACE_OUTER_BOUND('',#2107,.T.);
#2109=EDGE_LOOP('',(#2076));
#2110=FACE_BOUND('',#2109,.T.);
#2111=ADVANCED_FACE('',(#2108,#2110),#2106,.T.);
#2112=CARTESIAN_POINT('',(0.0,-222.0,0.0));
#2113=DIRECTION('',(0.0,-1.0,0.0));
#2114=DIRECTION('',(1.0,0.0,0.0));
#2115=AXIS2_PLACEMENT_3D('',#2112,#2113,#2114);
#2116=CIRCLE('',#2115,138.5);
#2117=DIRECTION('',(0.0,-1.0,0.0));
#2118=VECTOR('',#2117, 60.0);
#2119=SURFACE_OF_LINEAR_EXTRUSION('',#2116,#2118);
#2120=EDGE_LOOP('',(#2077,#2078,#2079,#2080));
#2121=FACE_OUTER_BOUND('',#2120,.F.);
#2122=ADVANCED_FACE('',(#2121),#2119,.F.);
#2123=CLOSED_SHELL('',(#2091,#2101,#2111,#2122));
#2124=MANIFOLD_SOLID_BREP('solid_2123',#2123);
#2125=(NAMED_UNIT(*)SI_UNIT($,.STERADIAN.)SOLID_ANGLE_UNIT());
#2126=(NAMED_UNIT(*)PLANE_ANGLE_UNIT()SI_UNIT($,.RADIAN.));
#2127=(LENGTH_UNIT()NAMED_UNIT(*)SI_UNIT(.MILLI.,.METRE.));
#2128=UNCERTAINTY_MEASURE_WITH_UNIT(LENGTH_MEASURE(1.0E-5),#2127,'DISTANCE_ACCURACY_VALUE','');
#2129=(GEOMETRIC_REPRESENTATION_CONTEXT(3)GLOBAL_UNCERTAINTY_ASSIGNED_CONTEXT((#2128))GLOBAL_UNIT_ASSIGNED_CONTEXT((#2127,#2125,#2126))REPRESENTATION_CONTEXT('None','None'));
#2130=SHAPE_REPRESENTATION('',(#2124),#2129);
#2131=COLOUR_RGB($,0.0,0.0,0.0);
#2132=FILL_AREA_STYLE_COLOUR('',#2131);
#2133=FILL_AREA_STYLE('',(#2132));
#2134=SURFACE_STYLE_FILL_AREA(#2133);
#2135=SURFACE_SIDE_STYLE('',(#2134));
#2136=SURFACE_STYLE_USAGE(.BOTH.,#2135);
#2137=PRESENTATION_STYLE_ASSIGNMENT((#2136));
#2138=STYLED_ITEM('',(#2137),#2124);
#2139=CARTESIAN_POINT('',(188.5,-272.0,0.0));
#2140=VERTEX_POINT('',#2139);
#2141=CARTESIAN_POINT('',(188.5,-280.0,0.0));
#2142=VERTEX_POINT('',#2141);
#2143=CARTESIAN_POINT('',(118.440385848747,-272.0,112.783531599254));
#2144=VERTEX_POINT('',#2143);
#2145=CARTESIAN_POINT('',(163.5,-272.0,-4.0));
#2146=VERTEX_POINT('',#2145);
#2147=CARTESIAN_POINT('',(112.783531599254,-272.0,-118.440385848747));
#2148=VERTEX_POINT('',#2147);
#2149=CARTESIAN_POINT('',(-4.0,-272.0,-163.5));
#2150=VERTEX_POINT('',#2149);
#2151=CARTESIAN_POINT('',(-118.440385848747,-272.0,-112.783531599254));
#2152=VERTEX_POINT('',#2151);
#2153=CARTESIAN_POINT('',(-163.5,-272.0,4.0));
#2154=VERTEX_POINT('',#2153);
#2155=CARTESIAN_POINT('',(-112.783531599254,-272.0,118.440385848747));
#2156=VERTEX_POINT('',#2155);
#2157=CARTESIAN_POINT('',(4.0,-272.0,163.5));
#2158=VERTEX_POINT('',#2157);
#2159=CARTESIAN_POINT('',(138.5,-272.0,0.0));
#2160=VERTEX_POINT('',#2159);
#2161=CARTESIAN_POINT('',(118.440385848747,-280.0,112.783531599254));
#2162=VERTEX_POINT('',#2161);
#2163=CARTESIAN_POINT('',(163.5,-280.0,-4.0));
#2164=VERTEX_POINT('',#2163);
#2165=CARTESIAN_POINT('',(112.783531599254,-280.0,-118.440385848747));
#2166=VERTEX_POINT('',#2165);
#2167=CARTESIAN_POINT('',(-4.0,-280.0,-163.5));
#2168=VERTEX_POINT('',#2167);
#2169=CARTESIAN_POINT('',(-118.440385848747,-280.0,-112.783531599254));
#2170=VERTEX_POINT('',#2169);
#2171=CARTESIAN_POINT('',(-163.5,-280.0,4.0));
#2172=VERTEX_POINT('',#2171);
#2173=CARTESIAN_POINT('',(-112.783531599254,-280.0,118.440385848747));
#2174=VERTEX_POINT('',#2173);
#2175=CARTESIAN_POINT('',(4.0,-280.0,163.5));
#2176=VERTEX_POINT('',#2175);
#2177=CARTESIAN_POINT('',(138.5,-280.0,0.0));
#2178=VERTEX_POINT('',#2177);
#2179=CARTESIAN_POINT('',(0.0,-272.0,0.0));
#2180=DIRECTION('',(0.0,-1.0,0.0));
#2181=DIRECTION('',(1.0,0.0,0.0));
#2182=AXIS2_PLACEMENT_3D('',#2179,#2180,#2181);
#2183=CIRCLE('',#2182,188.5);
#2184=EDGE_CURVE('',#2140,#2140,#2183,.T.);
#2185=DIRECTION('',(0.0,-1.0,0.0));
#2186=VECTOR('',#2185, 8.0);
#2187=CARTESIAN_POINT('',(188.5,-272.0,0.0));
#2188=LINE('',#2187,#2186);
#2189=EDGE_CURVE('',#2140,#2142,#2188,.T.);
#2190=CARTESIAN_POINT('',(0.0,-280.0,0.0));
#2191=DIRECTION('',(0.0,-1.0,0.0));
#2192=DIRECTION('',(1.0,0.0,0.0));
#2193=AXIS2_PLACEMENT_3D('',#2190,#2191,#2192);
#2194=CIRCLE('',#2193,188.5);
#2195=EDGE_CURVE('',#2142,#2142,#2194,.T.);
#2196=CARTESIAN_POINT('',(115.611958724001,-272.0,115.611958724));
#2197=DIRECTION('',(0.0,-1.0,0.0));
#2198=DIRECTION('',(0.707106781187,0.0,-0.707106781187));
#2199=AXIS2_PLACEMENT_3D('',#2196,#2197,#2198);
#2200=CIRCLE('',#2199,4.0);
#2201=EDGE_CURVE('',#2144,#2144,#2200,.T.);
#2202=CARTESIAN_POINT('',(163.5,-272.0,0.0));
#2203=DIRECTION('',(0.0,-1.0,0.0));
#2204=DIRECTION('',(0.0,0.0,-1.0));
#2205=AXIS2_PLACEMENT_3D('',#2202,#2203,#2204);
#2206=CIRCLE('',#2205,4.0);
#2207=EDGE_CURVE('',#2146,#2146,#2206,.T.);
#2208=CARTESIAN_POINT('',(115.611958724,-272.0,-115.611958724001));
#2209=DIRECTION('',(0.0,-1.0,0.0));
#2210=DIRECTION('',(-0.707106781187,0.0,-0.707106781187));
#2211=AXIS2_PLACEMENT_3D('',#2208,#2209,#2210);
#2212=CIRCLE('',#2211,4.0);
#2213=EDGE_CURVE('',#2148,#2148,#2212,.T.);
#2214=CARTESIAN_POINT('',(0.0,-272.0,-163.5));
#2215=DIRECTION('',(0.0,-1.0,0.0));
#2216=DIRECTION('',(-1.0,0.0,0.0));
#2217=AXIS2_PLACEMENT_3D('',#2214,#2215,#2216);
#2218=CIRCLE('',#2217,4.0);
#2219=EDGE_CURVE('',#2150,#2150,#2218,.T.);
#2220=CARTESIAN_POINT('',(-115.611958724001,-272.0,-115.611958724001));
#2221=DIRECTION('',(0.0,-1.0,0.0));
#2222=DIRECTION('',(-0.707106781187,0.0,0.707106781187));
#2223=AXIS2_PLACEMENT_3D('',#2220,#2221,#2222);
#2224=CIRCLE('',#2223,4.0);
#2225=EDGE_CURVE('',#2152,#2152,#2224,.T.);
#2226=CARTESIAN_POINT('',(-163.5,-272.0,0.0));
#2227=DIRECTION('',(0.0,-1.0,0.0));
#2228=DIRECTION('',(0.0,0.0,1.0));
#2229=AXIS2_PLACEMENT_3D('',#2226,#2227,#2228);
#2230=CIRCLE('',#2229,4.0);
#2231=EDGE_CURVE('',#2154,#2154,#2230,.T.);
#2232=CARTESIAN_POINT('',(-115.611958724001,-272.0,115.611958724001));
#2233=DIRECTION('',(0.0,-1.0,0.0));
#2234=DIRECTION('',(0.707106781187,0.0,0.707106781187));
#2235=AXIS2_PLACEMENT_3D('',#2232,#2233,#2234);
#2236=CIRCLE('',#2235,4.0);
#2237=EDGE_CURVE('',#2156,#2156,#2236,.T.);
#2238=CARTESIAN_POINT('',(0.0,-272.0,163.5));
#2239=DIRECTION('',(0.0,-1.0,0.0));
#2240=DIRECTION('',(1.0,0.0,0.0));
#2241=AXIS2_PLACEMENT_3D('',#2238,#2239,#2240);
#2242=CIRCLE('',#2241,4.0);
#2243=EDGE_CURVE('',#2158,#2158,#2242,.T.);
#2244=CARTESIAN_POINT('',(0.0,-272.0,0.0));
#2245=DIRECTION('',(0.0,-1.0,0.0));
#2246=DIRECTION('',(1.0,0.0,0.0));
#2247=AXIS2_PLACEMENT_3D('',#2244,#2245,#2246);
#2248=CIRCLE('',#2247,138.5);
#2249=EDGE_CURVE('',#2160,#2160,#2248,.T.);
#2250=CARTESIAN_POINT('',(115.611958724001,-280.0,115.611958724));
#2251=DIRECTION('',(0.0,1.0,0.0));
#2252=DIRECTION('',(0.707106781187,0.0,-0.707106781187));
#2253=AXIS2_PLACEMENT_3D('',#2250,#2251,#2252);
#2254=CIRCLE('',#2253,4.0);
#2255=EDGE_CURVE('',#2162,#2162,#2254,.T.);
#2256=CARTESIAN_POINT('',(163.5,-280.0,0.0));
#2257=DIRECTION('',(0.0,1.0,0.0));
#2258=DIRECTION('',(0.0,0.0,-1.0));
#2259=AXIS2_PLACEMENT_3D('',#2256,#2257,#2258);
#2260=CIRCLE('',#2259,4.0);
#2261=EDGE_CURVE('',#2164,#2164,#2260,.T.);
#2262=CARTESIAN_POINT('',(115.611958724,-280.0,-115.611958724001));
#2263=DIRECTION('',(0.0,1.0,0.0));
#2264=DIRECTION('',(-0.707106781187,0.0,-0.707106781187));
#2265=AXIS2_PLACEMENT_3D('',#2262,#2263,#2264);
#2266=CIRCLE('',#2265,4.0);
#2267=EDGE_CURVE('',#2166,#2166,#2266,.T.);
#2268=CARTESIAN_POINT('',(0.0,-280.0,-163.5));
#2269=DIRECTION('',(0.0,1.0,0.0));
#2270=DIRECTION('',(-1.0,0.0,0.0));
#2271=AXIS2_PLACEMENT_3D('',#2268,#2269,#2270);
#2272=CIRCLE('',#2271,4.0);
#2273=EDGE_CURVE('',#2168,#2168,#2272,.T.);
#2274=CARTESIAN_POINT('',(-115.611958724001,-280.0,-115.611958724001));
#2275=DIRECTION('',(0.0,1.0,0.0));
#2276=DIRECTION('',(-0.707106781187,0.0,0.707106781187));
#2277=AXIS2_PLACEMENT_3D('',#2274,#2275,#2276);
#2278=CIRCLE('',#2277,4.0);
#2279=EDGE_CURVE('',#2170,#2170,#2278,.T.);
#2280=CARTESIAN_POINT('',(-163.5,-280.0,0.0));
#2281=DIRECTION('',(0.0,1.0,0.0));
#2282=DIRECTION('',(0.0,0.0,1.0));
#2283=AXIS2_PLACEMENT_3D('',#2280,#2281,#2282);
#2284=CIRCLE('',#2283,4.0);
#2285=EDGE_CURVE('',#2172,#2172,#2284,.T.);
#2286=CARTESIAN_POINT('',(-115.611958724001,-280.0,115.611958724001));
#2287=DIRECTION('',(0.0,1.0,0.0));
#2288=DIRECTION('',(0.707106781187,0.0,0.707106781187));
#2289=AXIS2_PLACEMENT_3D('',#2286,#2287,#2288);
#2290=CIRCLE('',#2289,4.0);
#2291=EDGE_CURVE('',#2174,#2174,#2290,.T.);
#2292=CARTESIAN_POINT('',(0.0,-280.0,163.5));
#2293=DIRECTION('',(0.0,1.0,0.0));
#2294=DIRECTION('',(1.0,0.0,0.0));
#2295=AXIS2_PLACEMENT_3D('',#2292,#2293,#2294);
#2296=CIRCLE('',#2295,4.0);
#2297=EDGE_CURVE('',#2176,#2176,#2296,.T.);
#2298=CARTESIAN_POINT('',(0.0,-280.0,0.0));
#2299=DIRECTION('',(0.0,1.0,0.0));
#2300=DIRECTION('',(1.0,0.0,0.0));
#2301=AXIS2_PLACEMENT_3D('',#2298,#2299,#2300);
#2302=CIRCLE('',#2301,138.5);
#2303=EDGE_CURVE('',#2178,#2178,#2302,.T.);
#2304=DIRECTION('',(0.0,-1.0,0.0));
#2305=VECTOR('',#2304, 8.0);
#2306=CARTESIAN_POINT('',(118.440385848747,-272.0,112.783531599254));
#2307=LINE('',#2306,#2305);
#2308=EDGE_CURVE('',#2144,#2162,#2307,.T.);
#2309=DIRECTION('',(0.0,-1.0,0.0));
#2310=VECTOR('',#2309, 8.0);
#2311=CARTESIAN_POINT('',(163.5,-272.0,-4.0));
#2312=LINE('',#2311,#2310);
#2313=EDGE_CURVE('',#2146,#2164,#2312,.T.);
#2314=DIRECTION('',(0.0,-1.0,0.0));
#2315=VECTOR('',#2314, 8.0);
#2316=CARTESIAN_POINT('',(112.783531599254,-272.0,-118.440385848747));
#2317=LINE('',#2316,#2315);
#2318=EDGE_CURVE('',#2148,#2166,#2317,.T.);
#2319=DIRECTION('',(0.0,-1.0,0.0));
#2320=VECTOR('',#2319, 8.0);
#2321=CARTESIAN_POINT('',(-4.0,-272.0,-163.5));
#2322=LINE('',#2321,#2320);
#2323=EDGE_CURVE('',#2150,#2168,#2322,.T.);
#2324=DIRECTION('',(0.0,-1.0,0.0));
#2325=VECTOR('',#2324, 8.0);
#2326=CARTESIAN_POINT('',(-118.440385848747,-272.0,-112.783531599254));
#2327=LINE('',#2326,#2325);
#2328=EDGE_CURVE('',#2152,#2170,#2327,.T.);
#2329=DIRECTION('',(0.0,-1.0,0.0));
#2330=VECTOR('',#2329, 8.0);
#2331=CARTESIAN_POINT('',(-163.5,-272.0,4.0));
#2332=LINE('',#2331,#2330);
#2333=EDGE_CURVE('',#2154,#2172,#2332,.T.);
#2334=DIRECTION('',(0.0,-1.0,0.0));
#2335=VECTOR('',#2334, 8.0);
#2336=CARTESIAN_POINT('',(-112.783531599254,-272.0,118.440385848747));
#2337=LINE('',#2336,#2335);
#2338=EDGE_CURVE('',#2156,#2174,#2337,.T.);
#2339=DIRECTION('',(0.0,-1.0,0.0));
#2340=VECTOR('',#2339, 8.0);
#2341=CARTESIAN_POINT('',(4.0,-272.0,163.5));
#2342=LINE('',#2341,#2340);
#2343=EDGE_CURVE('',#2158,#2176,#2342,.T.);
#2344=DIRECTION('',(0.0,-1.0,0.0));
#2345=VECTOR('',#2344, 8.0);
#2346=CARTESIAN_POINT('',(138.5,-272.0,0.0));
#2347=LINE('',#2346,#2345);
#2348=EDGE_CURVE('',#2160,#2178,#2347,.T.);
#2349=ORIENTED_EDGE('',*,*,#2184,.T.);
#2350=ORIENTED_EDGE('',*,*,#2189,.T.);
#2351=ORIENTED_EDGE('',*,*,#2195,.F.);
#2352=ORIENTED_EDGE('',*,*,#2189,.F.);
#2353=ORIENTED_EDGE('',*,*,#2184,.F.);
#2354=ORIENTED_EDGE('',*,*,#2201,.T.);
#2355=ORIENTED_EDGE('',*,*,#2207,.T.);
#2356=ORIENTED_EDGE('',*,*,#2213,.T.);
#2357=ORIENTED_EDGE('',*,*,#2219,.T.);
#2358=ORIENTED_EDGE('',*,*,#2225,.T.);
#2359=ORIENTED_EDGE('',*,*,#2231,.T.);
#2360=ORIENTED_EDGE('',*,*,#2237,.T.);
#2361=ORIENTED_EDGE('',*,*,#2243,.T.);
#2362=ORIENTED_EDGE('',*,*,#2249,.T.);
#2363=ORIENTED_EDGE('',*,*,#2195,.T.);
#2364=ORIENTED_EDGE('',*,*,#2255,.T.);
#2365=ORIENTED_EDGE('',*,*,#2261,.T.);
#2366=ORIENTED_EDGE('',*,*,#2267,.T.);
#2367=ORIENTED_EDGE('',*,*,#2273,.T.);
#2368=ORIENTED_EDGE('',*,*,#2279,.T.);
#2369=ORIENTED_EDGE('',*,*,#2285,.T.);
#2370=ORIENTED_EDGE('',*,*,#2291,.T.);
#2371=ORIENTED_EDGE('',*,*,#2297,.T.);
#2372=ORIENTED_EDGE('',*,*,#2303,.T.);
#2373=ORIENTED_EDGE('',*,*,#2201,.T.);
#2374=ORIENTED_EDGE('',*,*,#2308,.T.);
#2375=ORIENTED_EDGE('',*,*,#2255,.T.);
#2376=ORIENTED_EDGE('',*,*,#2308,.F.);
#2377=ORIENTED_EDGE('',*,*,#2207,.T.);
#2378=ORIENTED_EDGE('',*,*,#2313,.T.);
#2379=ORIENTED_EDGE('',*,*,#2261,.T.);
#2380=ORIENTED_EDGE('',*,*,#2313,.F.);
#2381=ORIENTED_EDGE('',*,*,#2213,.T.);
#2382=ORIENTED_EDGE('',*,*,#2318,.T.);
#2383=ORIENTED_EDGE('',*,*,#2267,.T.);
#2384=ORIENTED_EDGE('',*,*,#2318,.F.);
#2385=ORIENTED_EDGE('',*,*,#2219,.T.);
#2386=ORIENTED_EDGE('',*,*,#2323,.T.);
#2387=ORIENTED_EDGE('',*,*,#2273,.T.);
#2388=ORIENTED_EDGE('',*,*,#2323,.F.);
#2389=ORIENTED_EDGE('',*,*,#2225,.T.);
#2390=ORIENTED_EDGE('',*,*,#2328,.T.);
#2391=ORIENTED_EDGE('',*,*,#2279,.T.);
#2392=ORIENTED_EDGE('',*,*,#2328,.F.);
#2393=ORIENTED_EDGE('',*,*,#2231,.T.);
#2394=ORIENTED_EDGE('',*,*,#2333,.T.);
#2395=ORIENTED_EDGE('',*,*,#2285,.T.);
#2396=ORIENTED_EDGE('',*,*,#2333,.F.);
#2397=ORIENTED_EDGE('',*,*,#2237,.T.);
#2398=ORIENTED_EDGE('',*,*,#2338,.T.);
#2399=ORIENTED_EDGE('',*,*,#2291,.T.);
#2400=ORIENTED_EDGE('',*,*,#2338,.F.);
#2401=ORIENTED_EDGE('',*,*,#2243,.T.);
#2402=ORIENTED_EDGE('',*,*,#2343,.T.);
#2403=ORIENTED_EDGE('',*,*,#2297,.T.);
#2404=ORIENTED_EDGE('',*,*,#2343,.F.);
#2405=ORIENTED_EDGE('',*,*,#2249,.T.);
#2406=ORIENTED_EDGE('',*,*,#2348,.T.);
#2407=ORIENTED_EDGE('',*,*,#2303,.T.);
#2408=ORIENTED_EDGE('',*,*,#2348,.F.);
#2409=CARTESIAN_POINT('',(0.0,-272.0,0.0));
#2410=DIRECTION('',(0.0,-1.0,0.0));
#2411=DIRECTION('',(1.0,0.0,0.0));
#2412=AXIS2_PLACEMENT_3D('',#2409,#2410,#2411);
#2413=CIRCLE('',#2412,188.5);
#2414=DIRECTION('',(0.0,-1.0,0.0));
#2415=VECTOR('',#2414, 8.0);
#2416=SURFACE_OF_LINEAR_EXTRUSION('',#2413,#2415);
#2417=EDGE_LOOP('',(#2349,#2350,#2351,#2352));
#2418=FACE_OUTER_BOUND('',#2417,.T.);
#2419=ADVANCED_FACE('',(#2418),#2416,.T.);
#2420=CARTESIAN_POINT('',(188.5,-272.0,0.0));
#2421=DIRECTION('',(0.0,-1.0,0.0));
#2422=DIRECTION('',(1.0,0.0,0.0));
#2423=AXIS2_PLACEMENT_3D('',#2420,#2421,#2422);
#2424=PLANE ( 'NONE',#2423);
#2425=EDGE_LOOP('',(#2353));
#2426=FACE_OUTER_BOUND('',#2425,.T.);
#2427=EDGE_LOOP('',(#2354));
#2428=FACE_BOUND('',#2427,.T.);
#2429=EDGE_LOOP('',(#2355));
#2430=FACE_BOUND('',#2429,.T.);
#2431=EDGE_LOOP('',(#2356));
#2432=FACE_BOUND('',#2431,.T.);
#2433=EDGE_LOOP('',(#2357));
#2434=FACE_BOUND('',#2433,.T.);
#2435=EDGE_LOOP('',(#2358));
#2436=FACE_BOUND('',#2435,.T.);
#2437=EDGE_LOOP('',(#2359));
#2438=FACE_BOUND('',#2437,.T.);
#2439=EDGE_LOOP('',(#2360));
#2440=FACE_BOUND('',#2439,.T.);
#2441=EDGE_LOOP('',(#2361));
#2442=FACE_BOUND('',#2441,.T.);
#2443=EDGE_LOOP('',(#2362));
#2444=FACE_BOUND('',#2443,.T.);
#2445=ADVANCED_FACE('',(#2426,#2428,#2430,#2432,#2434,#2436,#2438,#2440,#2442,#2444),#2424,.F.);
#2446=CARTESIAN_POINT('',(188.5,-280.0,0.0));
#2447=DIRECTION('',(0.0,-1.0,0.0));
#2448=DIRECTION('',(1.0,0.0,0.0));
#2449=AXIS2_PLACEMENT_3D('',#2446,#2447,#2448);
#2450=PLANE ( 'NONE',#2449);
#2451=EDGE_LOOP('',(#2363));
#2452=FACE_OUTER_BOUND('',#2451,.T.);
#2453=EDGE_LOOP('',(#2364));
#2454=FACE_BOUND('',#2453,.T.);
#2455=EDGE_LOOP('',(#2365));
#2456=FACE_BOUND('',#2455,.T.);
#2457=EDGE_LOOP('',(#2366));
#2458=FACE_BOUND('',#2457,.T.);
#2459=EDGE_LOOP('',(#2367));
#2460=FACE_BOUND('',#2459,.T.);
#2461=EDGE_LOOP('',(#2368));
#2462=FACE_BOUND('',#2461,.T.);
#2463=EDGE_LOOP('',(#2369));
#2464=FACE_BOUND('',#2463,.T.);
#2465=EDGE_LOOP('',(#2370));
#2466=FACE_BOUND('',#2465,.T.);
#2467=EDGE_LOOP('',(#2371));
#2468=FACE_BOUND('',#2467,.T.);
#2469=EDGE_LOOP('',(#2372));
#2470=FACE_BOUND('',#2469,.T.);
#2471=ADVANCED_FACE('',(#2452,#2454,#2456,#2458,#2460,#2462,#2464,#2466,#2468,#2470),#2450,.T.);
#2472=CARTESIAN_POINT('',(115.611958724001,-272.0,115.611958724));
#2473=DIRECTION('',(0.0,-1.0,0.0));
#2474=DIRECTION('',(0.707106781187,0.0,-0.707106781187));
#2475=AXIS2_PLACEMENT_3D('',#2472,#2473,#2474);
#2476=CIRCLE('',#2475,4.0);
#2477=DIRECTION('',(0.0,-1.0,0.0));
#2478=VECTOR('',#2477, 8.0);
#2479=SURFACE_OF_LINEAR_EXTRUSION('',#2476,#2478);
#2480=EDGE_LOOP('',(#2373,#2374,#2375,#2376));
#2481=FACE_OUTER_BOUND('',#2480,.F.);
#2482=ADVANCED_FACE('',(#2481),#2479,.F.);
#2483=CARTESIAN_POINT('',(163.5,-272.0,0.0));
#2484=DIRECTION('',(0.0,-1.0,0.0));
#2485=DIRECTION('',(0.0,0.0,-1.0));
#2486=AXIS2_PLACEMENT_3D('',#2483,#2484,#2485);
#2487=CIRCLE('',#2486,4.0);
#2488=DIRECTION('',(0.0,-1.0,0.0));
#2489=VECTOR('',#2488, 8.0);
#2490=SURFACE_OF_LINEAR_EXTRUSION('',#2487,#2489);
#2491=EDGE_LOOP('',(#2377,#2378,#2379,#2380));
#2492=FACE_OUTER_BOUND('',#2491,.F.);
#2493=ADVANCED_FACE('',(#2492),#2490,.F.);
#2494=CARTESIAN_POINT('',(115.611958724001,-272.0,-115.611958724001));
#2495=DIRECTION('',(0.0,-1.0,0.0));
#2496=DIRECTION('',(-0.707106781187,0.0,-0.707106781187));
#2497=AXIS2_PLACEMENT_3D('',#2494,#2495,#2496);
#2498=CIRCLE('',#2497,4.0);
#2499=DIRECTION('',(0.0,-1.0,0.0));
#2500=VECTOR('',#2499, 8.0);
#2501=SURFACE_OF_LINEAR_EXTRUSION('',#2498,#2500);
#2502=EDGE_LOOP('',(#2381,#2382,#2383,#2384));
#2503=FACE_OUTER_BOUND('',#2502,.F.);
#2504=ADVANCED_FACE('',(#2503),#2501,.F.);
#2505=CARTESIAN_POINT('',(0.0,-272.0,-163.5));
#2506=DIRECTION('',(0.0,-1.0,0.0));
#2507=DIRECTION('',(-1.0,0.0,0.0));
#2508=AXIS2_PLACEMENT_3D('',#2505,#2506,#2507);
#2509=CIRCLE('',#2508,4.0);
#2510=DIRECTION('',(0.0,-1.0,0.0));
#2511=VECTOR('',#2510, 8.0);
#2512=SURFACE_OF_LINEAR_EXTRUSION('',#2509,#2511);
#2513=EDGE_LOOP('',(#2385,#2386,#2387,#2388));
#2514=FACE_OUTER_BOUND('',#2513,.F.);
#2515=ADVANCED_FACE('',(#2514),#2512,.F.);
#2516=CARTESIAN_POINT('',(-115.611958724001,-272.0,-115.611958724001));
#2517=DIRECTION('',(0.0,-1.0,0.0));
#2518=DIRECTION('',(-0.707106781187,0.0,0.707106781187));
#2519=AXIS2_PLACEMENT_3D('',#2516,#2517,#2518);
#2520=CIRCLE('',#2519,4.0);
#2521=DIRECTION('',(0.0,-1.0,0.0));
#2522=VECTOR('',#2521, 8.0);
#2523=SURFACE_OF_LINEAR_EXTRUSION('',#2520,#2522);
#2524=EDGE_LOOP('',(#2389,#2390,#2391,#2392));
#2525=FACE_OUTER_BOUND('',#2524,.F.);
#2526=ADVANCED_FACE('',(#2525),#2523,.F.);
#2527=CARTESIAN_POINT('',(-163.5,-272.0,0.0));
#2528=DIRECTION('',(0.0,-1.0,0.0));
#2529=DIRECTION('',(0.0,0.0,1.0));
#2530=AXIS2_PLACEMENT_3D('',#2527,#2528,#2529);
#2531=CIRCLE('',#2530,4.0);
#2532=DIRECTION('',(0.0,-1.0,0.0));
#2533=VECTOR('',#2532, 8.0);
#2534=SURFACE_OF_LINEAR_EXTRUSION('',#2531,#2533);
#2535=EDGE_LOOP('',(#2393,#2394,#2395,#2396));
#2536=FACE_OUTER_BOUND('',#2535,.F.);
#2537=ADVANCED_FACE('',(#2536),#2534,.F.);
#2538=CARTESIAN_POINT('',(-115.611958724001,-272.0,115.611958724001));
#2539=DIRECTION('',(0.0,-1.0,0.0));
#2540=DIRECTION('',(0.707106781187,0.0,0.707106781187));
#2541=AXIS2_PLACEMENT_3D('',#2538,#2539,#2540);
#2542=CIRCLE('',#2541,4.0);
#2543=DIRECTION('',(0.0,-1.0,0.0));
#2544=VECTOR('',#2543, 8.0);
#2545=SURFACE_OF_LINEAR_EXTRUSION('',#2542,#2544);
#2546=EDGE_LOOP('',(#2397,#2398,#2399,#2400));
#2547=FACE_OUTER_BOUND('',#2546,.F.);
#2548=ADVANCED_FACE('',(#2547),#2545,.F.);
#2549=CARTESIAN_POINT('',(0.0,-272.0,163.5));
#2550=DIRECTION('',(0.0,-1.0,0.0));
#2551=DIRECTION('',(1.0,0.0,0.0));
#2552=AXIS2_PLACEMENT_3D('',#2549,#2550,#2551);
#2553=CIRCLE('',#2552,4.0);
#2554=DIRECTION('',(0.0,-1.0,0.0));
#2555=VECTOR('',#2554, 8.0);
#2556=SURFACE_OF_LINEAR_EXTRUSION('',#2553,#2555);
#2557=EDGE_LOOP('',(#2401,#2402,#2403,#2404));
#2558=FACE_OUTER_BOUND('',#2557,.F.);
#2559=ADVANCED_FACE('',(#2558),#2556,.F.);
#2560=CARTESIAN_POINT('',(0.0,-264.0,0.0));
#2561=DIRECTION('',(0.0,-1.0,0.0));
#2562=DIRECTION('',(1.0,0.0,0.0));
#2563=AXIS2_PLACEMENT_3D('',#2560,#2561,#2562);
#2564=CIRCLE('',#2563,138.5);
#2565=DIRECTION('',(0.0,-1.0,0.0));
#2566=VECTOR('',#2565, 16.0);
#2567=SURFACE_OF_LINEAR_EXTRUSION('',#2564,#2566);
#2568=EDGE_LOOP('',(#2405,#2406,#2407,#2408));
#2569=FACE_OUTER_BOUND('',#2568,.F.);
#2570=ADVANCED_FACE('',(#2569),#2567,.F.);
#2571=CLOSED_SHELL('',(#2419,#2445,#2471,#2482,#2493,#2504,#2515,#2526,#2537,#2548,#2559,#2570));
#2572=MANIFOLD_SOLID_BREP('solid_2571',#2571);
#2573=(NAMED_UNIT(*)SI_UNIT($,.STERADIAN.)SOLID_ANGLE_UNIT());
#2574=(NAMED_UNIT(*)PLANE_ANGLE_UNIT()SI_UNIT($,.RADIAN.));
#2575=(LENGTH_UNIT()NAMED_UNIT(*)SI_UNIT(.MILLI.,.METRE.));
#2576=UNCERTAINTY_MEASURE_WITH_UNIT(LENGTH_MEASURE(1.0E-5),#2575,'DISTANCE_ACCURACY_VALUE','');
#2577=(GEOMETRIC_REPRESENTATION_CONTEXT(3)GLOBAL_UNCERTAINTY_ASSIGNED_CONTEXT((#2576))GLOBAL_UNIT_ASSIGNED_CONTEXT((#2575,#2573,#2574))REPRESENTATION_CONTEXT('None','None'));
#2578=SHAPE_REPRESENTATION('',(#2572),#2577);
#2579=COLOUR_RGB($,0.0,0.0,0.0);
#2580=FILL_AREA_STYLE_COLOUR('',#2579);
#2581=FILL_AREA_STYLE('',(#2580));
#2582=SURFACE_STYLE_FILL_AREA(#2581);
#2583=SURFACE_SIDE_STYLE('',(#2582));
#2584=SURFACE_STYLE_USAGE(.BOTH.,#2583);
#2585=PRESENTATION_STYLE_ASSIGNMENT((#2584));
#2586=STYLED_ITEM('',(#2585),#2572);
#2587=CARTESIAN_POINT('',(34.625,25.0,0.0));
#2588=CARTESIAN_POINT('',(34.625,0.0,0.0));
#2589=CARTESIAN_POINT('',(34.625,0.0,25.0));
#2590=CARTESIAN_POINT('',(34.625,3.0,25.0));
#2591=CARTESIAN_POINT('',(34.625,3.0,3.0));
#2592=CARTESIAN_POINT('',(34.625,25.0,3.0));
#2593=POLY_LOOP('',(#2587,#2588,#2589,#2590,#2591,#2592));
#2594=FACE_BOUND('',#2593,.T.);
#2595=CARTESIAN_POINT('',(34.625,0.0,0.0));
#2596=DIRECTION('',(1.0,0.0,0.0));
#2597=DIRECTION('',(0.0,0.0,0.0));
#2598=AXIS2_PLACEMENT_3D('',#2595,#2596,#2597);
#2599=PLANE ( 'NONE',#2598);
#2600=FACE_SURFACE('',(#2594),#2599,.F.);
#2601=CARTESIAN_POINT('',(319.802374641167,25.0,0.0));
#2602=CARTESIAN_POINT('',(295.0,0.0,0.0));
#2603=CARTESIAN_POINT('',(34.625,0.0,0.0));
#2604=CARTESIAN_POINT('',(34.625,25.0,0.0));
#2605=POLY_LOOP('',(#2601,#2602,#2603,#2604));
#2606=FACE_BOUND('',#2605,.T.);
#2607=CARTESIAN_POINT('',(0.0,0.0,0.0));
#2608=DIRECTION('',(0.0,0.0,1.0));
#2609=DIRECTION('',(0.0,0.0,0.0));
#2610=AXIS2_PLACEMENT_3D('',#2607,#2608,#2609);
#2611=PLANE ( 'NONE',#2610);
#2612=FACE_SURFACE('',(#2606),#2611,.F.);
#2613=CARTESIAN_POINT('',(319.802374641167,25.0,3.0));
#2614=CARTESIAN_POINT('',(319.802374641167,25.0,0.0));
#2615=CARTESIAN_POINT('',(34.625,25.0,0.0));
#2616=CARTESIAN_POINT('',(34.625,25.0,3.0));
#2617=POLY_LOOP('',(#2613,#2614,#2615,#2616));
#2618=FACE_BOUND('',#2617,.T.);
#2619=CARTESIAN_POINT('',(0.0,25.0,0.0));
#2620=DIRECTION('',(0.0,-1.0,0.0));
#2621=DIRECTION('',(0.0,0.0,0.0));
#2622=AXIS2_PLACEMENT_3D('',#2619,#2620,#2621);
#2623=PLANE ( 'NONE',#2622);
#2624=FACE_SURFACE('',(#2618),#2623,.F.);
#2625=CARTESIAN_POINT('',(297.97628495694,3.0,3.0));
#2626=CARTESIAN_POINT('',(319.802374641167,25.0,3.0));
#2627=CARTESIAN_POINT('',(34.625,25.0,3.0));
#2628=CARTESIAN_POINT('',(34.625,3.0,3.0));
#2629=POLY_LOOP('',(#2625,#2626,#2627,#2628));
#2630=FACE_BOUND('',#2629,.T.);
#2631=CARTESIAN_POINT('',(0.0,0.0,3.0));
#2632=DIRECTION('',(0.0,0.0,-1.0));
#2633=DIRECTION('',(0.0,0.0,0.0));
#2634=AXIS2_PLACEMENT_3D('',#2631,#2632,#2633);
#2635=PLANE ( 'NONE',#2634);
#2636=FACE_SURFACE('',(#2630),#2635,.F.);
#2637=CARTESIAN_POINT('',(297.97628495694,3.0,25.0));
#2638=CARTESIAN_POINT('',(297.97628495694,3.0,3.0));
#2639=CARTESIAN_POINT('',(34.625,3.0,3.0));
#2640=CARTESIAN_POINT('',(34.625,3.0,25.0));
#2641=POLY_LOOP('',(#2637,#2638,#2639,#2640));
#2642=FACE_BOUND('',#2641,.T.);
#2643=CARTESIAN_POINT('',(0.0,3.0,0.0));
#2644=DIRECTION('',(0.0,-1.0,0.0));
#2645=DIRECTION('',(0.0,0.0,0.0));
#2646=AXIS2_PLACEMENT_3D('',#2643,#2644,#2645);
#2647=PLANE ( 'NONE',#2646);
#2648=FACE_SURFACE('',(#2642),#2647,.F.);
#2649=CARTESIAN_POINT('',(295.0,0.0,25.0));
#2650=CARTESIAN_POINT('',(297.97628495694,3.0,25.0));
#2651=CARTESIAN_POINT('',(34.625,3.0,25.0));
#2652=CARTESIAN_POINT('',(34.625,0.0,25.0));
#2653=POLY_LOOP('',(#2649,#2650,#2651,#2652));
#2654=FACE_BOUND('',#2653,.T.);
#2655=CARTESIAN_POINT('',(0.0,0.0,25.0));
#2656=DIRECTION('',(0.0,0.0,-1.0));
#2657=DIRECTION('',(0.0,0.0,0.0));
#2658=AXIS2_PLACEMENT_3D('',#2655,#2656,#2657);
#2659=PLANE ( 'NONE',#2658);
#2660=FACE_SURFACE('',(#2654),#2659,.F.);
#2661=CARTESIAN_POINT('',(295.0,0.0,0.0));
#2662=CARTESIAN_POINT('',(295.0,0.0,25.0));
#2663=CARTESIAN_POINT('',(34.625,0.0,25.0));
#2664=CARTESIAN_POINT('',(34.625,0.0,0.0));
#2665=POLY_LOOP('',(#2661,#2662,#2663,#2664));
#2666=FACE_BOUND('',#2665,.T.);
#2667=CARTESIAN_POINT('',(0.0,0.0,0.0));
#2668=DIRECTION('',(0.0,1.0,0.0));
#2669=DIRECTION('',(0.0,0.0,0.0));
#2670=AXIS2_PLACEMENT_3D('',#2667,#2668,#2669);
#2671=PLANE ( 'NONE',#2670);
#2672=FACE_SURFACE('',(#2666),#2671,.F.);
#2673=CARTESIAN_POINT('',(322.199200037992,-277.0,0.0));
#2674=CARTESIAN_POINT('',(297.0,-252.0,0.0));
#2675=CARTESIAN_POINT('',(295.0,0.0,0.0));
#2676=CARTESIAN_POINT('',(319.802374641167,25.0,0.0));
#2677=POLY_LOOP('',(#2673,#2674,#2675,#2676));
#2678=FACE_BOUND('',#2677,.T.);
#2679=CARTESIAN_POINT('',(0.0,0.0,0.0));
#2680=DIRECTION('',(0.0,0.0,1.0));
#2681=DIRECTION('',(0.0,0.0,0.0));
#2682=AXIS2_PLACEMENT_3D('',#2679,#2680,#2681);
#2683=PLANE ( 'NONE',#2682);
#2684=FACE_SURFACE('',(#2678),#2683,.F.);
#2685=CARTESIAN_POINT('',(322.199200037992,-277.0,3.0));
#2686=CARTESIAN_POINT('',(322.199200037992,-277.0,0.0));
#2687=CARTESIAN_POINT('',(319.802374641167,25.0,0.0));
#2688=CARTESIAN_POINT('',(319.802374641167,25.0,3.0));
#2689=POLY_LOOP('',(#2685,#2686,#2687,#2688));
#2690=FACE_BOUND('',#2689,.T.);
#2691=CARTESIAN_POINT('',(319.98063234888,2.539528828167,0.0));
#2692=DIRECTION('',(-0.999968507409,-0.007936257995,0.0));
#2693=DIRECTION('',(0.0,0.0,0.0));
#2694=AXIS2_PLACEMENT_3D('',#2691,#2692,#2693);
#2695=PLANE ( 'NONE',#2694);
#2696=FACE_SURFACE('',(#2690),#2695,.F.);
#2697=CARTESIAN_POINT('',(300.023904004559,-255.0,3.0));
#2698=CARTESIAN_POINT('',(322.199200037992,-277.0,3.0));
#2699=CARTESIAN_POINT('',(319.802374641167,25.0,3.0));
#2700=CARTESIAN_POINT('',(297.97628495694,3.0,3.0));
#2701=POLY_LOOP('',(#2697,#2698,#2699,#2700));
#2702=FACE_BOUND('',#2701,.T.);
#2703=CARTESIAN_POINT('',(0.0,0.0,3.0));
#2704=DIRECTION('',(0.0,0.0,-1.0));
#2705=DIRECTION('',(0.0,0.0,0.0));
#2706=AXIS2_PLACEMENT_3D('',#2703,#2704,#2705);
#2707=PLANE ( 'NONE',#2706);
#2708=FACE_SURFACE('',(#2702),#2707,.F.);
#2709=CARTESIAN_POINT('',(300.023904004559,-255.0,25.0));
#2710=CARTESIAN_POINT('',(300.023904004559,-255.0,3.0));
#2711=CARTESIAN_POINT('',(297.97628495694,3.0,3.0));
#2712=CARTESIAN_POINT('',(297.97628495694,3.0,25.0));
#2713=POLY_LOOP('',(#2709,#2710,#2711,#2712));
#2714=FACE_BOUND('',#2713,.T.);
#2715=CARTESIAN_POINT('',(297.98132518589,2.36493115227,0.0));
#2716=DIRECTION('',(-0.999968507409,-0.007936257995,0.0));
#2717=DIRECTION('',(0.0,0.0,0.0));
#2718=AXIS2_PLACEMENT_3D('',#2715,#2716,#2717);
#2719=PLANE ( 'NONE',#2718);
#2720=FACE_SURFACE('',(#2714),#2719,.F.);
#2721=CARTESIAN_POINT('',(297.0,-252.0,25.0));
#2722=CARTESIAN_POINT('',(300.023904004559,-255.0,25.0));
#2723=CARTESIAN_POINT('',(297.97628495694,3.0,25.0));
#2724=CARTESIAN_POINT('',(295.0,0.0,25.0));
#2725=POLY_LOOP('',(#2721,#2722,#2723,#2724));
#2726=FACE_BOUND('',#2725,.T.);
#2727=CARTESIAN_POINT('',(0.0,0.0,25.0));
#2728=DIRECTION('',(0.0,0.0,-1.0));
#2729=DIRECTION('',(0.0,0.0,0.0));
#2730=AXIS2_PLACEMENT_3D('',#2727,#2728,#2729);
#2731=PLANE ( 'NONE',#2730);
#2732=FACE_SURFACE('',(#2726),#2731,.F.);
#2733=CARTESIAN_POINT('',(297.0,-252.0,0.0));
#2734=CARTESIAN_POINT('',(297.0,-252.0,25.0));
#2735=CARTESIAN_POINT('',(295.0,0.0,25.0));
#2736=CARTESIAN_POINT('',(295.0,0.0,0.0));
#2737=POLY_LOOP('',(#2733,#2734,#2735,#2736));
#2738=FACE_BOUND('',#2737,.T.);
#2739=CARTESIAN_POINT('',(294.981419663664,2.341122378284,0.0));
#2740=DIRECTION('',(0.999968507409,0.007936257995,0.0));
#2741=DIRECTION('',(0.0,0.0,0.0));
#2742=AXIS2_PLACEMENT_3D('',#2739,#2740,#2741);
#2743=PLANE ( 'NONE',#2742);
#2744=FACE_SURFACE('',(#2738),#2743,.F.);
#2745=CARTESIAN_POINT('',(138.5,-252.0,0.0));
#2746=CARTESIAN_POINT('',(138.5,-277.0,0.0));
#2747=CARTESIAN_POINT('',(138.5,-277.0,3.0));
#2748=CARTESIAN_POINT('',(138.5,-255.0,3.0));
#2749=CARTESIAN_POINT('',(138.5,-255.0,25.0));
#2750=CARTESIAN_POINT('',(138.5,-252.0,25.0));
#2751=POLY_LOOP('',(#2745,#2746,#2747,#2748,#2749,#2750));
#2752=FACE_BOUND('',#2751,.T.);
#2753=CARTESIAN_POINT('',(138.5,0.0,0.0));
#2754=DIRECTION('',(1.0,0.0,0.0));
#2755=DIRECTION('',(0.0,0.0,0.0));
#2756=AXIS2_PLACEMENT_3D('',#2753,#2754,#2755);
#2757=PLANE ( 'NONE',#2756);
#2758=FACE_SURFACE('',(#2752),#2757,.F.);
#2759=CARTESIAN_POINT('',(297.0,-252.0,0.0));
#2760=CARTESIAN_POINT('',(322.199200037992,-277.0,0.0));
#2761=CARTESIAN_POINT('',(138.5,-277.0,0.0));
#2762=CARTESIAN_POINT('',(138.5,-252.0,0.0));
#2763=POLY_LOOP('',(#2759,#2760,#2761,#2762));
#2764=FACE_BOUND('',#2763,.T.);
#2765=CARTESIAN_POINT('',(0.0,0.0,0.0));
#2766=DIRECTION('',(0.0,0.0,1.0));
#2767=DIRECTION('',(0.0,0.0,0.0));
#2768=AXIS2_PLACEMENT_3D('',#2765,#2766,#2767);
#2769=PLANE ( 'NONE',#2768);
#2770=FACE_SURFACE('',(#2764),#2769,.F.);
#2771=CARTESIAN_POINT('',(322.199200037992,-277.0,0.0));
#2772=CARTESIAN_POINT('',(322.199200037992,-277.0,3.0));
#2773=CARTESIAN_POINT('',(138.5,-277.0,3.0));
#2774=CARTESIAN_POINT('',(138.5,-277.0,0.0));
#2775=POLY_LOOP('',(#2771,#2772,#2773,#2774));
#2776=FACE_BOUND('',#2775,.T.);
#2777=CARTESIAN_POINT('',(0.0,-277.0,0.0));
#2778=DIRECTION('',(0.0,1.0,0.0));
#2779=DIRECTION('',(0.0,0.0,0.0));
#2780=AXIS2_PLACEMENT_3D('',#2777,#2778,#2779);
#2781=PLANE ( 'NONE',#2780);
#2782=FACE_SURFACE('',(#2776),#2781,.F.);
#2783=CARTESIAN_POINT('',(322.199200037992,-277.0,3.0));
#2784=CARTESIAN_POINT('',(300.023904004559,-255.0,3.0));
#2785=CARTESIAN_POINT('',(138.5,-255.0,3.0));
#2786=CARTESIAN_POINT('',(138.5,-277.0,3.0));
#2787=POLY_LOOP('',(#2783,#2784,#2785,#2786));
#2788=FACE_BOUND('',#2787,.T.);
#2789=CARTESIAN_POINT('',(0.0,0.0,3.0));
#2790=DIRECTION('',(0.0,0.0,-1.0));
#2791=DIRECTION('',(0.0,0.0,0.0));
#2792=AXIS2_PLACEMENT_3D('',#2789,#2790,#2791);
#2793=PLANE ( 'NONE',#2792);
#2794=FACE_SURFACE('',(#2788),#2793,.F.);
#2795=CARTESIAN_POINT('',(300.023904004559,-255.0,3.0));
#2796=CARTESIAN_POINT('',(300.023904004559,-255.0,25.0));
#2797=CARTESIAN_POINT('',(138.5,-255.0,25.0));
#2798=CARTESIAN_POINT('',(138.5,-255.0,3.0));
#2799=POLY_LOOP('',(#2795,#2796,#2797,#2798));
#2800=FACE_BOUND('',#2799,.T.);
#2801=CARTESIAN_POINT('',(0.0,-255.0,0.0));
#2802=DIRECTION('',(0.0,1.0,0.0));
#2803=DIRECTION('',(0.0,0.0,0.0));
#2804=AXIS2_PLACEMENT_3D('',#2801,#2802,#2803);
#2805=PLANE ( 'NONE',#2804);
#2806=FACE_SURFACE('',(#2800),#2805,.F.);
#2807=CARTESIAN_POINT('',(300.023904004559,-255.0,25.0));
#2808=CARTESIAN_POINT('',(297.0,-252.0,25.0));
#2809=CARTESIAN_POINT('',(138.5,-252.0,25.0));
#2810=CARTESIAN_POINT('',(138.5,-255.0,25.0));
#2811=POLY_LOOP('',(#2807,#2808,#2809,#2810));
#2812=FACE_BOUND('',#2811,.T.);
#2813=CARTESIAN_POINT('',(0.0,0.0,25.0));
#2814=DIRECTION('',(0.0,0.0,-1.0));
#2815=DIRECTION('',(0.0,0.0,0.0));
#2816=AXIS2_PLACEMENT_3D('',#2813,#2814,#2815);
#2817=PLANE ( 'NONE',#2816);
#2818=FACE_SURFACE('',(#2812),#2817,.F.);
#2819=CARTESIAN_POINT('',(297.0,-252.0,25.0));
#2820=CARTESIAN_POINT('',(297.0,-252.0,0.0));
#2821=CARTESIAN_POINT('',(138.5,-252.0,0.0));
#2822=CARTESIAN_POINT('',(138.5,-252.0,25.0));
#2823=POLY_LOOP('',(#2819,#2820,#2821,#2822));
#2824=FACE_BOUND('',#2823,.T.);
#2825=CARTESIAN_POINT('',(0.0,-252.0,0.0));
#2826=DIRECTION('',(0.0,-1.0,0.0));
#2827=DIRECTION('',(0.0,0.0,0.0));
#2828=AXIS2_PLACEMENT_3D('',#2825,#2826,#2827);
#2829=PLANE ( 'NONE',#2828);
#2830=FACE_SURFACE('',(#2824),#2829,.F.);
#2831=CLOSED_SHELL('',(#2600,#2612,#2624,#2636,#2648,#2660,#2672,#2684,#2696,#2708,#2720,#2732,#2744,#2758,#2770,#2782,#2794,#2806,#2818,#2830));
#2832=FACETED_BREP('',#2831);
#2833=(NAMED_UNIT(*)SI_UNIT($,.STERADIAN.)SOLID_ANGLE_UNIT());
#2834=(NAMED_UNIT(*)PLANE_ANGLE_UNIT()SI_UNIT($,.RADIAN.));
#2835=(LENGTH_UNIT()NAMED_UNIT(*)SI_UNIT(.MILLI.,.METRE.));
#2836=UNCERTAINTY_MEASURE_WITH_UNIT(LENGTH_MEASURE(1.0E-5),#2835,'DISTANCE_ACCURACY_VALUE','');
#2837=(GEOMETRIC_REPRESENTATION_CONTEXT(3)GLOBAL_UNCERTAINTY_ASSIGNED_CONTEXT((#2836))GLOBAL_UNIT_ASSIGNED_CONTEXT((#2835,#2833,#2834))REPRESENTATION_CONTEXT('None','None'));
#2838=FACETED_BREP_SHAPE_REPRESENTATION('',(#2832),#2837);
#2839=COLOUR_RGB($,0.0,0.0,0.0);
#2840=FILL_AREA_STYLE_COLOUR('',#2839);
#2841=FILL_AREA_STYLE('',(#2840));
#2842=SURFACE_STYLE_FILL_AREA(#2841);
#2843=SURFACE_SIDE_STYLE('',(#2842));
#2844=SURFACE_STYLE_USAGE(.BOTH.,#2843);
#2845=PRESENTATION_STYLE_ASSIGNMENT((#2844));
#2846=STYLED_ITEM('',(#2845),#2832);
#2847=CARTESIAN_POINT('',(-34.625,0.0,0.0));
#2848=CARTESIAN_POINT('',(-34.625,25.0,0.0));
#2849=CARTESIAN_POINT('',(-34.625,25.0,3.0));
#2850=CARTESIAN_POINT('',(-34.625,3.0,3.0));
#2851=CARTESIAN_POINT('',(-34.625,3.0,25.0));
#2852=CARTESIAN_POINT('',(-34.625,0.0,25.0));
#2853=POLY_LOOP('',(#2847,#2848,#2849,#2850,#2851,#2852));
#2854=FACE_BOUND('',#2853,.T.);
#2855=CARTESIAN_POINT('',(-34.625,0.0,0.0));
#2856=DIRECTION('',(-1.0,0.0,0.0));
#2857=DIRECTION('',(0.0,0.0,0.0));
#2858=AXIS2_PLACEMENT_3D('',#2855,#2856,#2857);
#2859=PLANE ( 'NONE',#2858);
#2860=FACE_SURFACE('',(#2854),#2859,.F.);
#2861=CARTESIAN_POINT('',(-376.0,0.0,0.0));
#2862=CARTESIAN_POINT('',(-400.802374641167,25.0,0.0));
#2863=CARTESIAN_POINT('',(-34.625,25.0,0.0));
#2864=CARTESIAN_POINT('',(-34.625,0.0,0.0));
#2865=POLY_LOOP('',(#2861,#2862,#2863,#2864));
#2866=FACE_BOUND('',#2865,.T.);
#2867=CARTESIAN_POINT('',(0.0,0.0,0.0));
#2868=DIRECTION('',(0.0,0.0,1.0));
#2869=DIRECTION('',(0.0,0.0,0.0));
#2870=AXIS2_PLACEMENT_3D('',#2867,#2868,#2869);
#2871=PLANE ( 'NONE',#2870);
#2872=FACE_SURFACE('',(#2866),#2871,.F.);
#2873=CARTESIAN_POINT('',(-400.802374641167,25.0,0.0));
#2874=CARTESIAN_POINT('',(-400.802374641167,25.0,3.0));
#2875=CARTESIAN_POINT('',(-34.625,25.0,3.0));
#2876=CARTESIAN_POINT('',(-34.625,25.0,0.0));
#2877=POLY_LOOP('',(#2873,#2874,#2875,#2876));
#2878=FACE_BOUND('',#2877,.T.);
#2879=CARTESIAN_POINT('',(0.0,25.0,0.0));
#2880=DIRECTION('',(0.0,-1.0,0.0));
#2881=DIRECTION('',(0.0,0.0,0.0));
#2882=AXIS2_PLACEMENT_3D('',#2879,#2880,#2881);
#2883=PLANE ( 'NONE',#2882);
#2884=FACE_SURFACE('',(#2878),#2883,.F.);
#2885=CARTESIAN_POINT('',(-400.802374641167,25.0,3.0));
#2886=CARTESIAN_POINT('',(-378.97628495694,3.0,3.0));
#2887=CARTESIAN_POINT('',(-34.625,3.0,3.0));
#2888=CARTESIAN_POINT('',(-34.625,25.0,3.0));
#2889=POLY_LOOP('',(#2885,#2886,#2887,#2888));
#2890=FACE_BOUND('',#2889,.T.);
#2891=CARTESIAN_POINT('',(0.0,0.0,3.0));
#2892=DIRECTION('',(0.0,0.0,-1.0));
#2893=DIRECTION('',(0.0,0.0,0.0));
#2894=AXIS2_PLACEMENT_3D('',#2891,#2892,#2893);
#2895=PLANE ( 'NONE',#2894);
#2896=FACE_SURFACE('',(#2890),#2895,.F.);
#2897=CARTESIAN_POINT('',(-378.97628495694,3.0,3.0));
#2898=CARTESIAN_POINT('',(-378.97628495694,3.0,25.0));
#2899=CARTESIAN_POINT('',(-34.625,3.0,25.0));
#2900=CARTESIAN_POINT('',(-34.625,3.0,3.0));
#2901=POLY_LOOP('',(#2897,#2898,#2899,#2900));
#2902=FACE_BOUND('',#2901,.T.);
#2903=CARTESIAN_POINT('',(0.0,3.0,0.0));
#2904=DIRECTION('',(0.0,-1.0,0.0));
#2905=DIRECTION('',(0.0,0.0,0.0));
#2906=AXIS2_PLACEMENT_3D('',#2903,#2904,#2905);
#2907=PLANE ( 'NONE',#2906);
#2908=FACE_SURFACE('',(#2902),#2907,.F.);
#2909=CARTESIAN_POINT('',(-378.97628495694,3.0,25.0));
#2910=CARTESIAN_POINT('',(-376.0,0.0,25.0));
#2911=CARTESIAN_POINT('',(-34.625,0.0,25.0));
#2912=CARTESIAN_POINT('',(-34.625,3.0,25.0));
#2913=POLY_LOOP('',(#2909,#2910,#2911,#2912));
#2914=FACE_BOUND('',#2913,.T.);
#2915=CARTESIAN_POINT('',(0.0,0.0,25.0));
#2916=DIRECTION('',(0.0,0.0,-1.0));
#2917=DIRECTION('',(0.0,0.0,0.0));
#2918=AXIS2_PLACEMENT_3D('',#2915,#2916,#2917);
#2919=PLANE ( 'NONE',#2918);
#2920=FACE_SURFACE('',(#2914),#2919,.F.);
#2921=CARTESIAN_POINT('',(-376.0,0.0,25.0));
#2922=CARTESIAN_POINT('',(-376.0,0.0,0.0));
#2923=CARTESIAN_POINT('',(-34.625,0.0,0.0));
#2924=CARTESIAN_POINT('',(-34.625,0.0,25.0));
#2925=POLY_LOOP('',(#2921,#2922,#2923,#2924));
#2926=FACE_BOUND('',#2925,.T.);
#2927=CARTESIAN_POINT('',(0.0,0.0,0.0));
#2928=DIRECTION('',(0.0,1.0,0.0));
#2929=DIRECTION('',(0.0,0.0,0.0));
#2930=AXIS2_PLACEMENT_3D('',#2927,#2928,#2929);
#2931=PLANE ( 'NONE',#2930);
#2932=FACE_SURFACE('',(#2926),#2931,.F.);
#2933=CARTESIAN_POINT('',(-378.0,-252.0,0.0));
#2934=CARTESIAN_POINT('',(-403.199200037992,-277.0,0.0));
#2935=CARTESIAN_POINT('',(-400.802374641167,25.0,0.0));
#2936=CARTESIAN_POINT('',(-376.0,0.0,0.0));
#2937=POLY_LOOP('',(#2933,#2934,#2935,#2936));
#2938=FACE_BOUND('',#2937,.T.);
#2939=CARTESIAN_POINT('',(0.0,0.0,0.0));
#2940=DIRECTION('',(0.0,0.0,1.0));
#2941=DIRECTION('',(0.0,0.0,0.0));
#2942=AXIS2_PLACEMENT_3D('',#2939,#2940,#2941);
#2943=PLANE ( 'NONE',#2942);
#2944=FACE_SURFACE('',(#2938),#2943,.F.);
#2945=CARTESIAN_POINT('',(-403.199200037992,-277.0,0.0));
#2946=CARTESIAN_POINT('',(-403.199200037992,-277.0,3.0));
#2947=CARTESIAN_POINT('',(-400.802374641167,25.0,3.0));
#2948=CARTESIAN_POINT('',(-400.802374641167,25.0,0.0));
#2949=POLY_LOOP('',(#2945,#2946,#2947,#2948));
#2950=FACE_BOUND('',#2949,.T.);
#2951=CARTESIAN_POINT('',(-400.975530629411,3.182345481188,0.0));
#2952=DIRECTION('',(0.999968507409,-0.007936257995,0.0));
#2953=DIRECTION('',(0.0,0.0,0.0));
#2954=AXIS2_PLACEMENT_3D('',#2951,#2952,#2953);
#2955=PLANE ( 'NONE',#2954);
#2956=FACE_SURFACE('',(#2950),#2955,.F.);
#2957=CARTESIAN_POINT('',(-403.199200037992,-277.0,3.0));
#2958=CARTESIAN_POINT('',(-381.023904004559,-255.0,3.0));
#2959=CARTESIAN_POINT('',(-378.97628495694,3.0,3.0));
#2960=CARTESIAN_POINT('',(-400.802374641167,25.0,3.0));
#2961=POLY_LOOP('',(#2957,#2958,#2959,#2960));
#2962=FACE_BOUND('',#2961,.T.);
#2963=CARTESIAN_POINT('',(0.0,0.0,3.0));
#2964=DIRECTION('',(0.0,0.0,-1.0));
#2965=DIRECTION('',(0.0,0.0,0.0));
#2966=AXIS2_PLACEMENT_3D('',#2963,#2964,#2965);
#2967=PLANE ( 'NONE',#2966);
#2968=FACE_SURFACE('',(#2962),#2967,.F.);
#2969=CARTESIAN_POINT('',(-381.023904004559,-255.0,3.0));
#2970=CARTESIAN_POINT('',(-381.023904004559,-255.0,25.0));
#2971=CARTESIAN_POINT('',(-378.97628495694,3.0,25.0));
#2972=CARTESIAN_POINT('',(-378.97628495694,3.0,3.0));
#2973=POLY_LOOP('',(#2969,#2970,#2971,#2972));
#2974=FACE_BOUND('',#2973,.T.);
#2975=CARTESIAN_POINT('',(-378.976223466421,3.007747805291,0.0));
#2976=DIRECTION('',(0.999968507409,-0.007936257995,0.0));
#2977=DIRECTION('',(0.0,0.0,0.0));
#2978=AXIS2_PLACEMENT_3D('',#2975,#2976,#2977);
#2979=PLANE ( 'NONE',#2978);
#2980=FACE_SURFACE('',(#2974),#2979,.F.);
#2981=CARTESIAN_POINT('',(-381.023904004559,-255.0,25.0));
#2982=CARTESIAN_POINT('',(-378.0,-252.0,25.0));
#2983=CARTESIAN_POINT('',(-376.0,0.0,25.0));
#2984=CARTESIAN_POINT('',(-378.97628495694,3.0,25.0));
#2985=POLY_LOOP('',(#2981,#2982,#2983,#2984));
#2986=FACE_BOUND('',#2985,.T.);
#2987=CARTESIAN_POINT('',(0.0,0.0,25.0));
#2988=DIRECTION('',(0.0,0.0,-1.0));
#2989=DIRECTION('',(0.0,0.0,0.0));
#2990=AXIS2_PLACEMENT_3D('',#2987,#2988,#2989);
#2991=PLANE ( 'NONE',#2990);
#2992=FACE_SURFACE('',(#2986),#2991,.F.);
#2993=CARTESIAN_POINT('',(-378.0,-252.0,25.0));
#2994=CARTESIAN_POINT('',(-378.0,-252.0,0.0));
#2995=CARTESIAN_POINT('',(-376.0,0.0,0.0));
#2996=CARTESIAN_POINT('',(-376.0,0.0,25.0));
#2997=POLY_LOOP('',(#2993,#2994,#2995,#2996));
#2998=FACE_BOUND('',#2997,.T.);
#2999=CARTESIAN_POINT('',(-375.976317944196,2.983939031305,0.0));
#3000=DIRECTION('',(-0.999968507409,0.007936257995,0.0));
#3001=DIRECTION('',(0.0,0.0,0.0));
#3002=AXIS2_PLACEMENT_3D('',#2999,#3000,#3001);
#3003=PLANE ( 'NONE',#3002);
#3004=FACE_SURFACE('',(#2998),#3003,.F.);
#3005=CARTESIAN_POINT('',(-138.5,-277.0,0.0));
#3006=CARTESIAN_POINT('',(-138.5,-252.0,0.0));
#3007=CARTESIAN_POINT('',(-138.5,-252.0,25.0));
#3008=CARTESIAN_POINT('',(-138.5,-255.0,25.0));
#3009=CARTESIAN_POINT('',(-138.5,-255.0,3.0));
#3010=CARTESIAN_POINT('',(-138.5,-277.0,3.0));
#3011=POLY_LOOP('',(#3005,#3006,#3007,#3008,#3009,#3010));
#3012=FACE_BOUND('',#3011,.T.);
#3013=CARTESIAN_POINT('',(-138.5,0.0,0.0));
#3014=DIRECTION('',(-1.0,0.0,0.0));
#3015=DIRECTION('',(0.0,0.0,0.0));
#3016=AXIS2_PLACEMENT_3D('',#3013,#3014,#3015);
#3017=PLANE ( 'NONE',#3016);
#3018=FACE_SURFACE('',(#3012),#3017,.F.);
#3019=CARTESIAN_POINT('',(-403.199200037992,-277.0,0.0));
#3020=CARTESIAN_POINT('',(-378.0,-252.0,0.0));
#3021=CARTESIAN_POINT('',(-138.5,-252.0,0.0));
#3022=CARTESIAN_POINT('',(-138.5,-277.0,0.0));
#3023=POLY_LOOP('',(#3019,#3020,#3021,#3022));
#3024=FACE_BOUND('',#3023,.T.);
#3025=CARTESIAN_POINT('',(0.0,0.0,0.0));
#3026=DIRECTION('',(0.0,0.0,1.0));
#3027=DIRECTION('',(0.0,0.0,0.0));
#3028=AXIS2_PLACEMENT_3D('',#3025,#3026,#3027);
#3029=PLANE ( 'NONE',#3028);
#3030=FACE_SURFACE('',(#3024),#3029,.F.);
#3031=CARTESIAN_POINT('',(-403.199200037992,-277.0,3.0));
#3032=CARTESIAN_POINT('',(-403.199200037992,-277.0,0.0));
#3033=CARTESIAN_POINT('',(-138.5,-277.0,0.0));
#3034=CARTESIAN_POINT('',(-138.5,-277.0,3.0));
#3035=POLY_LOOP('',(#3031,#3032,#3033,#3034));
#3036=FACE_BOUND('',#3035,.T.);
#3037=CARTESIAN_POINT('',(0.0,-277.0,0.0));
#3038=DIRECTION('',(0.0,1.0,0.0));
#3039=DIRECTION('',(0.0,0.0,0.0));
#3040=AXIS2_PLACEMENT_3D('',#3037,#3038,#3039);
#3041=PLANE ( 'NONE',#3040);
#3042=FACE_SURFACE('',(#3036),#3041,.F.);
#3043=CARTESIAN_POINT('',(-381.023904004559,-255.0,3.0));
#3044=CARTESIAN_POINT('',(-403.199200037992,-277.0,3.0));
#3045=CARTESIAN_POINT('',(-138.5,-277.0,3.0));
#3046=CARTESIAN_POINT('',(-138.5,-255.0,3.0));
#3047=POLY_LOOP('',(#3043,#3044,#3045,#3046));
#3048=FACE_BOUND('',#3047,.T.);
#3049=CARTESIAN_POINT('',(0.0,0.0,3.0));
#3050=DIRECTION('',(0.0,0.0,-1.0));
#3051=DIRECTION('',(0.0,0.0,0.0));
#3052=AXIS2_PLACEMENT_3D('',#3049,#3050,#3051);
#3053=PLANE ( 'NONE',#3052);
#3054=FACE_SURFACE('',(#3048),#3053,.F.);
#3055=CARTESIAN_POINT('',(-381.023904004559,-255.0,25.0));
#3056=CARTESIAN_POINT('',(-381.023904004559,-255.0,3.0));
#3057=CARTESIAN_POINT('',(-138.5,-255.0,3.0));
#3058=CARTESIAN_POINT('',(-138.5,-255.0,25.0));
#3059=POLY_LOOP('',(#3055,#3056,#3057,#3058));
#3060=FACE_BOUND('',#3059,.T.);
#3061=CARTESIAN_POINT('',(0.0,-255.0,0.0));
#3062=DIRECTION('',(0.0,1.0,0.0));
#3063=DIRECTION('',(0.0,0.0,0.0));
#3064=AXIS2_PLACEMENT_3D('',#3061,#3062,#3063);
#3065=PLANE ( 'NONE',#3064);
#3066=FACE_SURFACE('',(#3060),#3065,.F.);
#3067=CARTESIAN_POINT('',(-378.0,-252.0,25.0));
#3068=CARTESIAN_POINT('',(-381.023904004559,-255.0,25.0));
#3069=CARTESIAN_POINT('',(-138.5,-255.0,25.0));
#3070=CARTESIAN_POINT('',(-138.5,-252.0,25.0));
#3071=POLY_LOOP('',(#3067,#3068,#3069,#3070));
#3072=FACE_BOUND('',#3071,.T.);
#3073=CARTESIAN_POINT('',(0.0,0.0,25.0));
#3074=DIRECTION('',(0.0,0.0,-1.0));
#3075=DIRECTION('',(0.0,0.0,0.0));
#3076=AXIS2_PLACEMENT_3D('',#3073,#3074,#3075);
#3077=PLANE ( 'NONE',#3076);
#3078=FACE_SURFACE('',(#3072),#3077,.F.);
#3079=CARTESIAN_POINT('',(-378.0,-252.0,0.0));
#3080=CARTESIAN_POINT('',(-378.0,-252.0,25.0));
#3081=CARTESIAN_POINT('',(-138.5,-252.0,25.0));
#3082=CARTESIAN_POINT('',(-138.5,-252.0,0.0));
#3083=POLY_LOOP('',(#3079,#3080,#3081,#3082));
#3084=FACE_BOUND('',#3083,.T.);
#3085=CARTESIAN_POINT('',(0.0,-252.0,0.0));
#3086=DIRECTION('',(0.0,-1.0,0.0));
#3087=DIRECTION('',(0.0,0.0,0.0));
#3088=AXIS2_PLACEMENT_3D('',#3085,#3086,#3087);
#3089=PLANE ( 'NONE',#3088);
#3090=FACE_SURFACE('',(#3084),#3089,.F.);
#3091=CLOSED_SHELL('',(#2860,#2872,#2884,#2896,#2908,#2920,#2932,#2944,#2956,#2968,#2980,#2992,#3004,#3018,#3030,#3042,#3054,#3066,#3078,#3090));
#3092=FACETED_BREP('',#3091);
#3093=(NAMED_UNIT(*)SI_UNIT($,.STERADIAN.)SOLID_ANGLE_UNIT());
#3094=(NAMED_UNIT(*)PLANE_ANGLE_UNIT()SI_UNIT($,.RADIAN.));
#3095=(LENGTH_UNIT()NAMED_UNIT(*)SI_UNIT(.MILLI.,.METRE.));
#3096=UNCERTAINTY_MEASURE_WITH_UNIT(LENGTH_MEASURE(1.0E-5),#3095,'DISTANCE_ACCURACY_VALUE','');
#3097=(GEOMETRIC_REPRESENTATION_CONTEXT(3)GLOBAL_UNCERTAINTY_ASSIGNED_CONTEXT((#3096))GLOBAL_UNIT_ASSIGNED_CONTEXT((#3095,#3093,#3094))REPRESENTATION_CONTEXT('None','None'));
#3098=FACETED_BREP_SHAPE_REPRESENTATION('',(#3092),#3097);
#3099=COLOUR_RGB($,0.0,0.0,0.0);
#3100=FILL_AREA_STYLE_COLOUR('',#3099);
#3101=FILL_AREA_STYLE('',(#3100));
#3102=SURFACE_STYLE_FILL_AREA(#3101);
#3103=SURFACE_SIDE_STYLE('',(#3102));
#3104=SURFACE_STYLE_USAGE(.BOTH.,#3103);
#3105=PRESENTATION_STYLE_ASSIGNMENT((#3104));
#3106=STYLED_ITEM('',(#3105),#3092);
#3107=CARTESIAN_POINT('',(34.625,0.0,-25.0));
#3108=CARTESIAN_POINT('',(34.625,0.0,0.0));
#3109=CARTESIAN_POINT('',(34.625,25.0,0.0));
#3110=CARTESIAN_POINT('',(34.625,25.0,-3.0));
#3111=CARTESIAN_POINT('',(34.625,3.0,-3.0));
#3112=CARTESIAN_POINT('',(34.625,3.0,-25.0));
#3113=POLY_LOOP('',(#3107,#3108,#3109,#3110,#3111,#3112));
#3114=FACE_BOUND('',#3113,.T.);
#3115=CARTESIAN_POINT('',(34.625,0.0,0.0));
#3116=DIRECTION('',(1.0,0.0,0.0));
#3117=DIRECTION('',(0.0,0.0,0.0));
#3118=AXIS2_PLACEMENT_3D('',#3115,#3116,#3117);
#3119=PLANE ( 'NONE',#3118);
#3120=FACE_SURFACE('',(#3114),#3119,.F.);
#3121=CARTESIAN_POINT('',(295.0,0.0,-25.0));
#3122=CARTESIAN_POINT('',(295.0,0.0,0.0));
#3123=CARTESIAN_POINT('',(34.625,0.0,0.0));
#3124=CARTESIAN_POINT('',(34.625,0.0,-25.0));
#3125=POLY_LOOP('',(#3121,#3122,#3123,#3124));
#3126=FACE_BOUND('',#3125,.T.);
#3127=CARTESIAN_POINT('',(0.0,0.0,0.0));
#3128=DIRECTION('',(0.0,1.0,0.0));
#3129=DIRECTION('',(0.0,0.0,0.0));
#3130=AXIS2_PLACEMENT_3D('',#3127,#3128,#3129);
#3131=PLANE ( 'NONE',#3130);
#3132=FACE_SURFACE('',(#3126),#3131,.F.);
#3133=CARTESIAN_POINT('',(297.97628495694,3.0,-25.0));
#3134=CARTESIAN_POINT('',(295.0,0.0,-25.0));
#3135=CARTESIAN_POINT('',(34.625,0.0,-25.0));
#3136=CARTESIAN_POINT('',(34.625,3.0,-25.0));
#3137=POLY_LOOP('',(#3133,#3134,#3135,#3136));
#3138=FACE_BOUND('',#3137,.T.);
#3139=CARTESIAN_POINT('',(0.0,0.0,-25.0));
#3140=DIRECTION('',(0.0,0.0,1.0));
#3141=DIRECTION('',(0.0,0.0,0.0));
#3142=AXIS2_PLACEMENT_3D('',#3139,#3140,#3141);
#3143=PLANE ( 'NONE',#3142);
#3144=FACE_SURFACE('',(#3138),#3143,.F.);
#3145=CARTESIAN_POINT('',(297.97628495694,3.0,-3.0));
#3146=CARTESIAN_POINT('',(297.97628495694,3.0,-25.0));
#3147=CARTESIAN_POINT('',(34.625,3.0,-25.0));
#3148=CARTESIAN_POINT('',(34.625,3.0,-3.0));
#3149=POLY_LOOP('',(#3145,#3146,#3147,#3148));
#3150=FACE_BOUND('',#3149,.T.);
#3151=CARTESIAN_POINT('',(0.0,3.0,0.0));
#3152=DIRECTION('',(0.0,-1.0,0.0));
#3153=DIRECTION('',(0.0,0.0,0.0));
#3154=AXIS2_PLACEMENT_3D('',#3151,#3152,#3153);
#3155=PLANE ( 'NONE',#3154);
#3156=FACE_SURFACE('',(#3150),#3155,.F.);
#3157=CARTESIAN_POINT('',(319.802374641167,25.0,-3.0));
#3158=CARTESIAN_POINT('',(297.97628495694,3.0,-3.0));
#3159=CARTESIAN_POINT('',(34.625,3.0,-3.0));
#3160=CARTESIAN_POINT('',(34.625,25.0,-3.0));
#3161=POLY_LOOP('',(#3157,#3158,#3159,#3160));
#3162=FACE_BOUND('',#3161,.T.);
#3163=CARTESIAN_POINT('',(0.0,0.0,-3.0));
#3164=DIRECTION('',(0.0,0.0,1.0));
#3165=DIRECTION('',(0.0,0.0,0.0));
#3166=AXIS2_PLACEMENT_3D('',#3163,#3164,#3165);
#3167=PLANE ( 'NONE',#3166);
#3168=FACE_SURFACE('',(#3162),#3167,.F.);
#3169=CARTESIAN_POINT('',(319.802374641167,25.0,0.0));
#3170=CARTESIAN_POINT('',(319.802374641167,25.0,-3.0));
#3171=CARTESIAN_POINT('',(34.625,25.0,-3.0));
#3172=CARTESIAN_POINT('',(34.625,25.0,0.0));
#3173=POLY_LOOP('',(#3169,#3170,#3171,#3172));
#3174=FACE_BOUND('',#3173,.T.);
#3175=CARTESIAN_POINT('',(0.0,25.0,0.0));
#3176=DIRECTION('',(0.0,-1.0,0.0));
#3177=DIRECTION('',(0.0,0.0,0.0));
#3178=AXIS2_PLACEMENT_3D('',#3175,#3176,#3177);
#3179=PLANE ( 'NONE',#3178);
#3180=FACE_SURFACE('',(#3174),#3179,.F.);
#3181=CARTESIAN_POINT('',(295.0,0.0,0.0));
#3182=CARTESIAN_POINT('',(319.802374641167,25.0,0.0));
#3183=CARTESIAN_POINT('',(34.625,25.0,0.0));
#3184=CARTESIAN_POINT('',(34.625,0.0,0.0));
#3185=POLY_LOOP('',(#3181,#3182,#3183,#3184));
#3186=FACE_BOUND('',#3185,.T.);
#3187=CARTESIAN_POINT('',(0.0,0.0,0.0));
#3188=DIRECTION('',(0.0,0.0,-1.0));
#3189=DIRECTION('',(0.0,0.0,0.0));
#3190=AXIS2_PLACEMENT_3D('',#3187,#3188,#3189);
#3191=PLANE ( 'NONE',#3190);
#3192=FACE_SURFACE('',(#3186),#3191,.F.);
#3193=CARTESIAN_POINT('',(297.0,-252.0,-25.0));
#3194=CARTESIAN_POINT('',(297.0,-252.0,0.0));
#3195=CARTESIAN_POINT('',(295.0,0.0,0.0));
#3196=CARTESIAN_POINT('',(295.0,0.0,-25.0));
#3197=POLY_LOOP('',(#3193,#3194,#3195,#3196));
#3198=FACE_BOUND('',#3197,.T.);
#3199=CARTESIAN_POINT('',(294.981419663664,2.341122378284,0.0));
#3200=DIRECTION('',(0.999968507409,0.007936257995,0.0));
#3201=DIRECTION('',(0.0,0.0,0.0));
#3202=AXIS2_PLACEMENT_3D('',#3199,#3200,#3201);
#3203=PLANE ( 'NONE',#3202);
#3204=FACE_SURFACE('',(#3198),#3203,.F.);
#3205=CARTESIAN_POINT('',(300.023904004559,-255.0,-25.0));
#3206=CARTESIAN_POINT('',(297.0,-252.0,-25.0));
#3207=CARTESIAN_POINT('',(295.0,0.0,-25.0));
#3208=CARTESIAN_POINT('',(297.97628495694,3.0,-25.0));
#3209=POLY_LOOP('',(#3205,#3206,#3207,#3208));
#3210=FACE_BOUND('',#3209,.T.);
#3211=CARTESIAN_POINT('',(0.0,0.0,-25.0));
#3212=DIRECTION('',(0.0,0.0,1.0));
#3213=DIRECTION('',(0.0,0.0,0.0));
#3214=AXIS2_PLACEMENT_3D('',#3211,#3212,#3213);
#3215=PLANE ( 'NONE',#3214);
#3216=FACE_SURFACE('',(#3210),#3215,.F.);
#3217=CARTESIAN_POINT('',(300.023904004559,-255.0,-3.0));
#3218=CARTESIAN_POINT('',(300.023904004559,-255.0,-25.0));
#3219=CARTESIAN_POINT('',(297.97628495694,3.0,-25.0));
#3220=CARTESIAN_POINT('',(297.97628495694,3.0,-3.0));
#3221=POLY_LOOP('',(#3217,#3218,#3219,#3220));
#3222=FACE_BOUND('',#3221,.T.);
#3223=CARTESIAN_POINT('',(297.98132518589,2.36493115227,0.0));
#3224=DIRECTION('',(-0.999968507409,-0.007936257995,0.0));
#3225=DIRECTION('',(0.0,0.0,0.0));
#3226=AXIS2_PLACEMENT_3D('',#3223,#3224,#3225);
#3227=PLANE ( 'NONE',#3226);
#3228=FACE_SURFACE('',(#3222),#3227,.F.);
#3229=CARTESIAN_POINT('',(322.199200037992,-277.0,-3.0));
#3230=CARTESIAN_POINT('',(300.023904004559,-255.0,-3.0));
#3231=CARTESIAN_POINT('',(297.97628495694,3.0,-3.0));
#3232=CARTESIAN_POINT('',(319.802374641167,25.0,-3.0));
#3233=POLY_LOOP('',(#3229,#3230,#3231,#3232));
#3234=FACE_BOUND('',#3233,.T.);
#3235=CARTESIAN_POINT('',(0.0,0.0,-3.0));
#3236=DIRECTION('',(0.0,0.0,1.0));
#3237=DIRECTION('',(0.0,0.0,0.0));
#3238=AXIS2_PLACEMENT_3D('',#3235,#3236,#3237);
#3239=PLANE ( 'NONE',#3238);
#3240=FACE_SURFACE('',(#3234),#3239,.F.);
#3241=CARTESIAN_POINT('',(322.199200037992,-277.0,0.0));
#3242=CARTESIAN_POINT('',(322.199200037992,-277.0,-3.0));
#3243=CARTESIAN_POINT('',(319.802374641167,25.0,-3.0));
#3244=CARTESIAN_POINT('',(319.802374641167,25.0,0.0));
#3245=POLY_LOOP('',(#3241,#3242,#3243,#3244));
#3246=FACE_BOUND('',#3245,.T.);
#3247=CARTESIAN_POINT('',(319.98063234888,2.539528828167,0.0));
#3248=DIRECTION('',(-0.999968507409,-0.007936257995,0.0));
#3249=DIRECTION('',(0.0,0.0,0.0));
#3250=AXIS2_PLACEMENT_3D('',#3247,#3248,#3249);
#3251=PLANE ( 'NONE',#3250);
#3252=FACE_SURFACE('',(#3246),#3251,.F.);
#3253=CARTESIAN_POINT('',(297.0,-252.0,0.0));
#3254=CARTESIAN_POINT('',(322.199200037992,-277.0,0.0));
#3255=CARTESIAN_POINT('',(319.802374641167,25.0,0.0));
#3256=CARTESIAN_POINT('',(295.0,0.0,0.0));
#3257=POLY_LOOP('',(#3253,#3254,#3255,#3256));
#3258=FACE_BOUND('',#3257,.T.);
#3259=CARTESIAN_POINT('',(0.0,0.0,0.0));
#3260=DIRECTION('',(0.0,0.0,-1.0));
#3261=DIRECTION('',(0.0,0.0,0.0));
#3262=AXIS2_PLACEMENT_3D('',#3259,#3260,#3261);
#3263=PLANE ( 'NONE',#3262);
#3264=FACE_SURFACE('',(#3258),#3263,.F.);
#3265=CARTESIAN_POINT('',(138.5,-252.0,0.0));
#3266=CARTESIAN_POINT('',(138.5,-252.0,-25.0));
#3267=CARTESIAN_POINT('',(138.5,-255.0,-25.0));
#3268=CARTESIAN_POINT('',(138.5,-255.0,-3.0));
#3269=CARTESIAN_POINT('',(138.5,-277.0,-3.0));
#3270=CARTESIAN_POINT('',(138.5,-277.0,0.0));
#3271=POLY_LOOP('',(#3265,#3266,#3267,#3268,#3269,#3270));
#3272=FACE_BOUND('',#3271,.T.);
#3273=CARTESIAN_POINT('',(138.5,0.0,0.0));
#3274=DIRECTION('',(1.0,0.0,0.0));
#3275=DIRECTION('',(0.0,0.0,0.0));
#3276=AXIS2_PLACEMENT_3D('',#3273,#3274,#3275);
#3277=PLANE ( 'NONE',#3276);
#3278=FACE_SURFACE('',(#3272),#3277,.F.);
#3279=CARTESIAN_POINT('',(297.0,-252.0,0.0));
#3280=CARTESIAN_POINT('',(297.0,-252.0,-25.0));
#3281=CARTESIAN_POINT('',(138.5,-252.0,-25.0));
#3282=CARTESIAN_POINT('',(138.5,-252.0,0.0));
#3283=POLY_LOOP('',(#3279,#3280,#3281,#3282));
#3284=FACE_BOUND('',#3283,.T.);
#3285=CARTESIAN_POINT('',(0.0,-252.0,0.0));
#3286=DIRECTION('',(0.0,-1.0,0.0));
#3287=DIRECTION('',(0.0,0.0,0.0));
#3288=AXIS2_PLACEMENT_3D('',#3285,#3286,#3287);
#3289=PLANE ( 'NONE',#3288);
#3290=FACE_SURFACE('',(#3284),#3289,.F.);
#3291=CARTESIAN_POINT('',(297.0,-252.0,-25.0));
#3292=CARTESIAN_POINT('',(300.023904004559,-255.0,-25.0));
#3293=CARTESIAN_POINT('',(138.5,-255.0,-25.0));
#3294=CARTESIAN_POINT('',(138.5,-252.0,-25.0));
#3295=POLY_LOOP('',(#3291,#3292,#3293,#3294));
#3296=FACE_BOUND('',#3295,.T.);
#3297=CARTESIAN_POINT('',(0.0,0.0,-25.0));
#3298=DIRECTION('',(0.0,0.0,1.0));
#3299=DIRECTION('',(0.0,0.0,0.0));
#3300=AXIS2_PLACEMENT_3D('',#3297,#3298,#3299);
#3301=PLANE ( 'NONE',#3300);
#3302=FACE_SURFACE('',(#3296),#3301,.F.);
#3303=CARTESIAN_POINT('',(300.023904004559,-255.0,-25.0));
#3304=CARTESIAN_POINT('',(300.023904004559,-255.0,-3.0));
#3305=CARTESIAN_POINT('',(138.5,-255.0,-3.0));
#3306=CARTESIAN_POINT('',(138.5,-255.0,-25.0));
#3307=POLY_LOOP('',(#3303,#3304,#3305,#3306));
#3308=FACE_BOUND('',#3307,.T.);
#3309=CARTESIAN_POINT('',(0.0,-255.0,0.0));
#3310=DIRECTION('',(0.0,1.0,0.0));
#3311=DIRECTION('',(0.0,0.0,0.0));
#3312=AXIS2_PLACEMENT_3D('',#3309,#3310,#3311);
#3313=PLANE ( 'NONE',#3312);
#3314=FACE_SURFACE('',(#3308),#3313,.F.);
#3315=CARTESIAN_POINT('',(300.023904004559,-255.0,-3.0));
#3316=CARTESIAN_POINT('',(322.199200037992,-277.0,-3.0));
#3317=CARTESIAN_POINT('',(138.5,-277.0,-3.0));
#3318=CARTESIAN_POINT('',(138.5,-255.0,-3.0));
#3319=POLY_LOOP('',(#3315,#3316,#3317,#3318));
#3320=FACE_BOUND('',#3319,.T.);
#3321=CARTESIAN_POINT('',(0.0,0.0,-3.0));
#3322=DIRECTION('',(0.0,0.0,1.0));
#3323=DIRECTION('',(0.0,0.0,0.0));
#3324=AXIS2_PLACEMENT_3D('',#3321,#3322,#3323);
#3325=PLANE ( 'NONE',#3324);
#3326=FACE_SURFACE('',(#3320),#3325,.F.);
#3327=CARTESIAN_POINT('',(322.199200037992,-277.0,-3.0));
#3328=CARTESIAN_POINT('',(322.199200037992,-277.0,0.0));
#3329=CARTESIAN_POINT('',(138.5,-277.0,0.0));
#3330=CARTESIAN_POINT('',(138.5,-277.0,-3.0));
#3331=POLY_LOOP('',(#3327,#3328,#3329,#3330));
#3332=FACE_BOUND('',#3331,.T.);
#3333=CARTESIAN_POINT('',(0.0,-277.0,0.0));
#3334=DIRECTION('',(0.0,1.0,0.0));
#3335=DIRECTION('',(0.0,0.0,0.0));
#3336=AXIS2_PLACEMENT_3D('',#3333,#3334,#3335);
#3337=PLANE ( 'NONE',#3336);
#3338=FACE_SURFACE('',(#3332),#3337,.F.);
#3339=CARTESIAN_POINT('',(322.199200037992,-277.0,0.0));
#3340=CARTESIAN_POINT('',(297.0,-252.0,0.0));
#3341=CARTESIAN_POINT('',(138.5,-252.0,0.0));
#3342=CARTESIAN_POINT('',(138.5,-277.0,0.0));
#3343=POLY_LOOP('',(#3339,#3340,#3341,#3342));
#3344=FACE_BOUND('',#3343,.T.);
#3345=CARTESIAN_POINT('',(0.0,0.0,0.0));
#3346=DIRECTION('',(0.0,0.0,-1.0));
#3347=DIRECTION('',(0.0,0.0,0.0));
#3348=AXIS2_PLACEMENT_3D('',#3345,#3346,#3347);
#3349=PLANE ( 'NONE',#3348);
#3350=FACE_SURFACE('',(#3344),#3349,.F.);
#3351=CLOSED_SHELL('',(#3120,#3132,#3144,#3156,#3168,#3180,#3192,#3204,#3216,#3228,#3240,#3252,#3264,#3278,#3290,#3302,#3314,#3326,#3338,#3350));
#3352=FACETED_BREP('',#3351);
#3353=(NAMED_UNIT(*)SI_UNIT($,.STERADIAN.)SOLID_ANGLE_UNIT());
#3354=(NAMED_UNIT(*)PLANE_ANGLE_UNIT()SI_UNIT($,.RADIAN.));
#3355=(LENGTH_UNIT()NAMED_UNIT(*)SI_UNIT(.MILLI.,.METRE.));
#3356=UNCERTAINTY_MEASURE_WITH_UNIT(LENGTH_MEASURE(1.0E-5),#3355,'DISTANCE_ACCURACY_VALUE','');
#3357=(GEOMETRIC_REPRESENTATION_CONTEXT(3)GLOBAL_UNCERTAINTY_ASSIGNED_CONTEXT((#3356))GLOBAL_UNIT_ASSIGNED_CONTEXT((#3355,#3353,#3354))REPRESENTATION_CONTEXT('None','None'));
#3358=FACETED_BREP_SHAPE_REPRESENTATION('',(#3352),#3357);
#3359=COLOUR_RGB($,0.0,0.0,0.0);
#3360=FILL_AREA_STYLE_COLOUR('',#3359);
#3361=FILL_AREA_STYLE('',(#3360));
#3362=SURFACE_STYLE_FILL_AREA(#3361);
#3363=SURFACE_SIDE_STYLE('',(#3362));
#3364=SURFACE_STYLE_USAGE(.BOTH.,#3363);
#3365=PRESENTATION_STYLE_ASSIGNMENT((#3364));
#3366=STYLED_ITEM('',(#3365),#3352);
#3367=CARTESIAN_POINT('',(-34.625,0.0,0.0));
#3368=CARTESIAN_POINT('',(-34.625,0.0,-25.0));
#3369=CARTESIAN_POINT('',(-34.625,3.0,-25.0));
#3370=CARTESIAN_POINT('',(-34.625,3.0,-3.0));
#3371=CARTESIAN_POINT('',(-34.625,25.0,-3.0));
#3372=CARTESIAN_POINT('',(-34.625,25.0,0.0));
#3373=POLY_LOOP('',(#3367,#3368,#3369,#3370,#3371,#3372));
#3374=FACE_BOUND('',#3373,.T.);
#3375=CARTESIAN_POINT('',(-34.625,0.0,0.0));
#3376=DIRECTION('',(-1.0,0.0,0.0));
#3377=DIRECTION('',(0.0,0.0,0.0));
#3378=AXIS2_PLACEMENT_3D('',#3375,#3376,#3377);
#3379=PLANE ( 'NONE',#3378);
#3380=FACE_SURFACE('',(#3374),#3379,.F.);
#3381=CARTESIAN_POINT('',(-376.0,0.0,0.0));
#3382=CARTESIAN_POINT('',(-376.0,0.0,-25.0));
#3383=CARTESIAN_POINT('',(-34.625,0.0,-25.0));
#3384=CARTESIAN_POINT('',(-34.625,0.0,0.0));
#3385=POLY_LOOP('',(#3381,#3382,#3383,#3384));
#3386=FACE_BOUND('',#3385,.T.);
#3387=CARTESIAN_POINT('',(0.0,0.0,0.0));
#3388=DIRECTION('',(0.0,1.0,0.0));
#3389=DIRECTION('',(0.0,0.0,0.0));
#3390=AXIS2_PLACEMENT_3D('',#3387,#3388,#3389);
#3391=PLANE ( 'NONE',#3390);
#3392=FACE_SURFACE('',(#3386),#3391,.F.);
#3393=CARTESIAN_POINT('',(-376.0,0.0,-25.0));
#3394=CARTESIAN_POINT('',(-378.97628495694,3.0,-25.0));
#3395=CARTESIAN_POINT('',(-34.625,3.0,-25.0));
#3396=CARTESIAN_POINT('',(-34.625,0.0,-25.0));
#3397=POLY_LOOP('',(#3393,#3394,#3395,#3396));
#3398=FACE_BOUND('',#3397,.T.);
#3399=CARTESIAN_POINT('',(0.0,0.0,-25.0));
#3400=DIRECTION('',(0.0,0.0,1.0));
#3401=DIRECTION('',(0.0,0.0,0.0));
#3402=AXIS2_PLACEMENT_3D('',#3399,#3400,#3401);
#3403=PLANE ( 'NONE',#3402);
#3404=FACE_SURFACE('',(#3398),#3403,.F.);
#3405=CARTESIAN_POINT('',(-378.97628495694,3.0,-25.0));
#3406=CARTESIAN_POINT('',(-378.97628495694,3.0,-3.0));
#3407=CARTESIAN_POINT('',(-34.625,3.0,-3.0));
#3408=CARTESIAN_POINT('',(-34.625,3.0,-25.0));
#3409=POLY_LOOP('',(#3405,#3406,#3407,#3408));
#3410=FACE_BOUND('',#3409,.T.);
#3411=CARTESIAN_POINT('',(0.0,3.0,0.0));
#3412=DIRECTION('',(0.0,-1.0,0.0));
#3413=DIRECTION('',(0.0,0.0,0.0));
#3414=AXIS2_PLACEMENT_3D('',#3411,#3412,#3413);
#3415=PLANE ( 'NONE',#3414);
#3416=FACE_SURFACE('',(#3410),#3415,.F.);
#3417=CARTESIAN_POINT('',(-378.97628495694,3.0,-3.0));
#3418=CARTESIAN_POINT('',(-400.802374641167,25.0,-3.0));
#3419=CARTESIAN_POINT('',(-34.625,25.0,-3.0));
#3420=CARTESIAN_POINT('',(-34.625,3.0,-3.0));
#3421=POLY_LOOP('',(#3417,#3418,#3419,#3420));
#3422=FACE_BOUND('',#3421,.T.);
#3423=CARTESIAN_POINT('',(0.0,0.0,-3.0));
#3424=DIRECTION('',(0.0,0.0,1.0));
#3425=DIRECTION('',(0.0,0.0,0.0));
#3426=AXIS2_PLACEMENT_3D('',#3423,#3424,#3425);
#3427=PLANE ( 'NONE',#3426);
#3428=FACE_SURFACE('',(#3422),#3427,.F.);
#3429=CARTESIAN_POINT('',(-400.802374641167,25.0,-3.0));
#3430=CARTESIAN_POINT('',(-400.802374641167,25.0,0.0));
#3431=CARTESIAN_POINT('',(-34.625,25.0,0.0));
#3432=CARTESIAN_POINT('',(-34.625,25.0,-3.0));
#3433=POLY_LOOP('',(#3429,#3430,#3431,#3432));
#3434=FACE_BOUND('',#3433,.T.);
#3435=CARTESIAN_POINT('',(0.0,25.0,0.0));
#3436=DIRECTION('',(0.0,-1.0,0.0));
#3437=DIRECTION('',(0.0,0.0,0.0));
#3438=AXIS2_PLACEMENT_3D('',#3435,#3436,#3437);
#3439=PLANE ( 'NONE',#3438);
#3440=FACE_SURFACE('',(#3434),#3439,.F.);
#3441=CARTESIAN_POINT('',(-400.802374641167,25.0,0.0));
#3442=CARTESIAN_POINT('',(-376.0,0.0,0.0));
#3443=CARTESIAN_POINT('',(-34.625,0.0,0.0));
#3444=CARTESIAN_POINT('',(-34.625,25.0,0.0));
#3445=POLY_LOOP('',(#3441,#3442,#3443,#3444));
#3446=FACE_BOUND('',#3445,.T.);
#3447=CARTESIAN_POINT('',(0.0,0.0,0.0));
#3448=DIRECTION('',(0.0,0.0,-1.0));
#3449=DIRECTION('',(0.0,0.0,0.0));
#3450=AXIS2_PLACEMENT_3D('',#3447,#3448,#3449);
#3451=PLANE ( 'NONE',#3450);
#3452=FACE_SURFACE('',(#3446),#3451,.F.);
#3453=CARTESIAN_POINT('',(-378.0,-252.0,0.0));
#3454=CARTESIAN_POINT('',(-378.0,-252.0,-25.0));
#3455=CARTESIAN_POINT('',(-376.0,0.0,-25.0));
#3456=CARTESIAN_POINT('',(-376.0,0.0,0.0));
#3457=POLY_LOOP('',(#3453,#3454,#3455,#3456));
#3458=FACE_BOUND('',#3457,.T.);
#3459=CARTESIAN_POINT('',(-375.976317944196,2.983939031305,0.0));
#3460=DIRECTION('',(-0.999968507409,0.007936257995,0.0));
#3461=DIRECTION('',(0.0,0.0,0.0));
#3462=AXIS2_PLACEMENT_3D('',#3459,#3460,#3461);
#3463=PLANE ( 'NONE',#3462);
#3464=FACE_SURFACE('',(#3458),#3463,.F.);
#3465=CARTESIAN_POINT('',(-378.0,-252.0,-25.0));
#3466=CARTESIAN_POINT('',(-381.023904004559,-255.0,-25.0));
#3467=CARTESIAN_POINT('',(-378.97628495694,3.0,-25.0));
#3468=CARTESIAN_POINT('',(-376.0,0.0,-25.0));
#3469=POLY_LOOP('',(#3465,#3466,#3467,#3468));
#3470=FACE_BOUND('',#3469,.T.);
#3471=CARTESIAN_POINT('',(0.0,0.0,-25.0));
#3472=DIRECTION('',(0.0,0.0,1.0));
#3473=DIRECTION('',(0.0,0.0,0.0));
#3474=AXIS2_PLACEMENT_3D('',#3471,#3472,#3473);
#3475=PLANE ( 'NONE',#3474);
#3476=FACE_SURFACE('',(#3470),#3475,.F.);
#3477=CARTESIAN_POINT('',(-381.023904004559,-255.0,-25.0));
#3478=CARTESIAN_POINT('',(-381.023904004559,-255.0,-3.0));
#3479=CARTESIAN_POINT('',(-378.97628495694,3.0,-3.0));
#3480=CARTESIAN_POINT('',(-378.97628495694,3.0,-25.0));
#3481=POLY_LOOP('',(#3477,#3478,#3479,#3480));
#3482=FACE_BOUND('',#3481,.T.);
#3483=CARTESIAN_POINT('',(-378.976223466421,3.007747805291,0.0));
#3484=DIRECTION('',(0.999968507409,-0.007936257995,0.0));
#3485=DIRECTION('',(0.0,0.0,0.0));
#3486=AXIS2_PLACEMENT_3D('',#3483,#3484,#3485);
#3487=PLANE ( 'NONE',#3486);
#3488=FACE_SURFACE('',(#3482),#3487,.F.);
#3489=CARTESIAN_POINT('',(-381.023904004559,-255.0,-3.0));
#3490=CARTESIAN_POINT('',(-403.199200037992,-277.0,-3.0));
#3491=CARTESIAN_POINT('',(-400.802374641167,25.0,-3.0));
#3492=CARTESIAN_POINT('',(-378.97628495694,3.0,-3.0));
#3493=POLY_LOOP('',(#3489,#3490,#3491,#3492));
#3494=FACE_BOUND('',#3493,.T.);
#3495=CARTESIAN_POINT('',(0.0,0.0,-3.0));
#3496=DIRECTION('',(0.0,0.0,1.0));
#3497=DIRECTION('',(0.0,0.0,0.0));
#3498=AXIS2_PLACEMENT_3D('',#3495,#3496,#3497);
#3499=PLANE ( 'NONE',#3498);
#3500=FACE_SURFACE('',(#3494),#3499,.F.);
#3501=CARTESIAN_POINT('',(-403.199200037992,-277.0,-3.0));
#3502=CARTESIAN_POINT('',(-403.199200037992,-277.0,0.0));
#3503=CARTESIAN_POINT('',(-400.802374641167,25.0,0.0));
#3504=CARTESIAN_POINT('',(-400.802374641167,25.0,-3.0));
#3505=POLY_LOOP('',(#3501,#3502,#3503,#3504));
#3506=FACE_BOUND('',#3505,.T.);
#3507=CARTESIAN_POINT('',(-400.975530629411,3.182345481188,0.0));
#3508=DIRECTION('',(0.999968507409,-0.007936257995,0.0));
#3509=DIRECTION('',(0.0,0.0,0.0));
#3510=AXIS2_PLACEMENT_3D('',#3507,#3508,#3509);
#3511=PLANE ( 'NONE',#3510);
#3512=FACE_SURFACE('',(#3506),#3511,.F.);
#3513=CARTESIAN_POINT('',(-403.199200037992,-277.0,0.0));
#3514=CARTESIAN_POINT('',(-378.0,-252.0,0.0));
#3515=CARTESIAN_POINT('',(-376.0,0.0,0.0));
#3516=CARTESIAN_POINT('',(-400.802374641167,25.0,0.0));
#3517=POLY_LOOP('',(#3513,#3514,#3515,#3516));
#3518=FACE_BOUND('',#3517,.T.);
#3519=CARTESIAN_POINT('',(0.0,0.0,0.0));
#3520=DIRECTION('',(0.0,0.0,-1.0));
#3521=DIRECTION('',(0.0,0.0,0.0));
#3522=AXIS2_PLACEMENT_3D('',#3519,#3520,#3521);
#3523=PLANE ( 'NONE',#3522);
#3524=FACE_SURFACE('',(#3518),#3523,.F.);
#3525=CARTESIAN_POINT('',(-138.5,-252.0,-25.0));
#3526=CARTESIAN_POINT('',(-138.5,-252.0,0.0));
#3527=CARTESIAN_POINT('',(-138.5,-277.0,0.0));
#3528=CARTESIAN_POINT('',(-138.5,-277.0,-3.0));
#3529=CARTESIAN_POINT('',(-138.5,-255.0,-3.0));
#3530=CARTESIAN_POINT('',(-138.5,-255.0,-25.0));
#3531=POLY_LOOP('',(#3525,#3526,#3527,#3528,#3529,#3530));
#3532=FACE_BOUND('',#3531,.T.);
#3533=CARTESIAN_POINT('',(-138.5,0.0,0.0));
#3534=DIRECTION('',(-1.0,0.0,0.0));
#3535=DIRECTION('',(0.0,0.0,0.0));
#3536=AXIS2_PLACEMENT_3D('',#3533,#3534,#3535);
#3537=PLANE ( 'NONE',#3536);
#3538=FACE_SURFACE('',(#3532),#3537,.F.);
#3539=CARTESIAN_POINT('',(-378.0,-252.0,-25.0));
#3540=CARTESIAN_POINT('',(-378.0,-252.0,0.0));
#3541=CARTESIAN_POINT('',(-138.5,-252.0,0.0));
#3542=CARTESIAN_POINT('',(-138.5,-252.0,-25.0));
#3543=POLY_LOOP('',(#3539,#3540,#3541,#3542));
#3544=FACE_BOUND('',#3543,.T.);
#3545=CARTESIAN_POINT('',(0.0,-252.0,0.0));
#3546=DIRECTION('',(0.0,-1.0,0.0));
#3547=DIRECTION('',(0.0,0.0,0.0));
#3548=AXIS2_PLACEMENT_3D('',#3545,#3546,#3547);
#3549=PLANE ( 'NONE',#3548);
#3550=FACE_SURFACE('',(#3544),#3549,.F.);
#3551=CARTESIAN_POINT('',(-381.023904004559,-255.0,-25.0));
#3552=CARTESIAN_POINT('',(-378.0,-252.0,-25.0));
#3553=CARTESIAN_POINT('',(-138.5,-252.0,-25.0));
#3554=CARTESIAN_POINT('',(-138.5,-255.0,-25.0));
#3555=POLY_LOOP('',(#3551,#3552,#3553,#3554));
#3556=FACE_BOUND('',#3555,.T.);
#3557=CARTESIAN_POINT('',(0.0,0.0,-25.0));
#3558=DIRECTION('',(0.0,0.0,1.0));
#3559=DIRECTION('',(0.0,0.0,0.0));
#3560=AXIS2_PLACEMENT_3D('',#3557,#3558,#3559);
#3561=PLANE ( 'NONE',#3560);
#3562=FACE_SURFACE('',(#3556),#3561,.F.);
#3563=CARTESIAN_POINT('',(-381.023904004559,-255.0,-3.0));
#3564=CARTESIAN_POINT('',(-381.023904004559,-255.0,-25.0));
#3565=CARTESIAN_POINT('',(-138.5,-255.0,-25.0));
#3566=CARTESIAN_POINT('',(-138.5,-255.0,-3.0));
#3567=POLY_LOOP('',(#3563,#3564,#3565,#3566));
#3568=FACE_BOUND('',#3567,.T.);
#3569=CARTESIAN_POINT('',(0.0,-255.0,0.0));
#3570=DIRECTION('',(0.0,1.0,0.0));
#3571=DIRECTION('',(0.0,0.0,0.0));
#3572=AXIS2_PLACEMENT_3D('',#3569,#3570,#3571);
#3573=PLANE ( 'NONE',#3572);
#3574=FACE_SURFACE('',(#3568),#3573,.F.);
#3575=CARTESIAN_POINT('',(-403.199200037992,-277.0,-3.0));
#3576=CARTESIAN_POINT('',(-381.023904004559,-255.0,-3.0));
#3577=CARTESIAN_POINT('',(-138.5,-255.0,-3.0));
#3578=CARTESIAN_POINT('',(-138.5,-277.0,-3.0));
#3579=POLY_LOOP('',(#3575,#3576,#3577,#3578));
#3580=FACE_BOUND('',#3579,.T.);
#3581=CARTESIAN_POINT('',(0.0,0.0,-3.0));
#3582=DIRECTION('',(0.0,0.0,1.0));
#3583=DIRECTION('',(0.0,0.0,0.0));
#3584=AXIS2_PLACEMENT_3D('',#3581,#3582,#3583);
#3585=PLANE ( 'NONE',#3584);
#3586=FACE_SURFACE('',(#3580),#3585,.F.);
#3587=CARTESIAN_POINT('',(-403.199200037992,-277.0,0.0));
#3588=CARTESIAN_POINT('',(-403.199200037992,-277.0,-3.0));
#3589=CARTESIAN_POINT('',(-138.5,-277.0,-3.0));
#3590=CARTESIAN_POINT('',(-138.5,-277.0,0.0));
#3591=POLY_LOOP('',(#3587,#3588,#3589,#3590));
#3592=FACE_BOUND('',#3591,.T.);
#3593=CARTESIAN_POINT('',(0.0,-277.0,0.0));
#3594=DIRECTION('',(0.0,1.0,0.0));
#3595=DIRECTION('',(0.0,0.0,0.0));
#3596=AXIS2_PLACEMENT_3D('',#3593,#3594,#3595);
#3597=PLANE ( 'NONE',#3596);
#3598=FACE_SURFACE('',(#3592),#3597,.F.);
#3599=CARTESIAN_POINT('',(-378.0,-252.0,0.0));
#3600=CARTESIAN_POINT('',(-403.199200037992,-277.0,0.0));
#3601=CARTESIAN_POINT('',(-138.5,-277.0,0.0));
#3602=CARTESIAN_POINT('',(-138.5,-252.0,0.0));
#3603=POLY_LOOP('',(#3599,#3600,#3601,#3602));
#3604=FACE_BOUND('',#3603,.T.);
#3605=CARTESIAN_POINT('',(0.0,0.0,0.0));
#3606=DIRECTION('',(0.0,0.0,-1.0));
#3607=DIRECTION('',(0.0,0.0,0.0));
#3608=AXIS2_PLACEMENT_3D('',#3605,#3606,#3607);
#3609=PLANE ( 'NONE',#3608);
#3610=FACE_SURFACE('',(#3604),#3609,.F.);
#3611=CLOSED_SHELL('',(#3380,#3392,#3404,#3416,#3428,#3440,#3452,#3464,#3476,#3488,#3500,#3512,#3524,#3538,#3550,#3562,#3574,#3586,#3598,#3610));
#3612=FACETED_BREP('',#3611);
#3613=(NAMED_UNIT(*)SI_UNIT($,.STERADIAN.)SOLID_ANGLE_UNIT());
#3614=(NAMED_UNIT(*)PLANE_ANGLE_UNIT()SI_UNIT($,.RADIAN.));
#3615=(LENGTH_UNIT()NAMED_UNIT(*)SI_UNIT(.MILLI.,.METRE.));
#3616=UNCERTAINTY_MEASURE_WITH_UNIT(LENGTH_MEASURE(1.0E-5),#3615,'DISTANCE_ACCURACY_VALUE','');
#3617=(GEOMETRIC_REPRESENTATION_CONTEXT(3)GLOBAL_UNCERTAINTY_ASSIGNED_CONTEXT((#3616))GLOBAL_UNIT_ASSIGNED_CONTEXT((#3615,#3613,#3614))REPRESENTATION_CONTEXT('None','None'));
#3618=FACETED_BREP_SHAPE_REPRESENTATION('',(#3612),#3617);
#3619=COLOUR_RGB($,0.0,0.0,0.0);
#3620=FILL_AREA_STYLE_COLOUR('',#3619);
#3621=FILL_AREA_STYLE('',(#3620));
#3622=SURFACE_STYLE_FILL_AREA(#3621);
#3623=SURFACE_SIDE_STYLE('',(#3622));
#3624=SURFACE_STYLE_USAGE(.BOTH.,#3623);
#3625=PRESENTATION_STYLE_ASSIGNMENT((#3624));
#3626=STYLED_ITEM('',(#3625),#3612);
#3627=CARTESIAN_POINT('',(251.9,35.0,0.0));
#3628=VERTEX_POINT('',#3627);
#3629=CARTESIAN_POINT('',(251.9,0.0,0.0));
#3630=VERTEX_POINT('',#3629);
#3631=CARTESIAN_POINT('',(221.9,5.0,0.0));
#3632=VERTEX_POINT('',#3631);
#3633=CARTESIAN_POINT('',(241.9,5.0,0.0));
#3634=VERTEX_POINT('',#3633);
#3635=CARTESIAN_POINT('',(246.9,10.0,0.0));
#3636=VERTEX_POINT('',#3635);
#3637=CARTESIAN_POINT('',(246.9,30.0,0.0));
#3638=VERTEX_POINT('',#3637);
#3639=CARTESIAN_POINT('',(251.9,35.0,-448.0));
#3640=VERTEX_POINT('',#3639);
#3641=CARTESIAN_POINT('',(251.9,0.0,-448.0));
#3642=VERTEX_POINT('',#3641);
#3643=CARTESIAN_POINT('',(221.9,5.0,-448.0));
#3644=VERTEX_POINT('',#3643);
#3645=CARTESIAN_POINT('',(241.9,5.0,-448.0));
#3646=VERTEX_POINT('',#3645);
#3647=CARTESIAN_POINT('',(246.9,10.0,-448.0));
#3648=VERTEX_POINT('',#3647);
#3649=CARTESIAN_POINT('',(246.9,30.0,-448.0));
#3650=VERTEX_POINT('',#3649);
#3651=DIRECTION('',(0.0,-1.0,0.0));
#3652=VECTOR('',#3651, 35.0);
#3653=CARTESIAN_POINT('',(251.9,35.0,0.0));
#3654=LINE('',#3653,#3652);
#3655=EDGE_CURVE('',#3628,#3630,#3654,.T.);
#3656=DIRECTION('',(-1.0,0.0,0.0));
#3657=VECTOR('',#3656, 35.0);
#3658=CARTESIAN_POINT('',(251.9,0.0,0.0));
#3659=LINE('',#3658,#3657);
#3660=EDGE_CURVE('',#3630,#3632,#3659,.T.);
#3661=DIRECTION('',(1.0,0.0,0.0));
#3662=VECTOR('',#3661, 20.0);
#3663=CARTESIAN_POINT('',(221.9,5.0,0.0));
#3664=LINE('',#3663,#3662);
#3665=EDGE_CURVE('',#3632,#3634,#3664,.T.);
#3666=CARTESIAN_POINT('',(241.9,10.0,0.0));
#3667=DIRECTION('',(0.0,0.0,1.0));
#3668=DIRECTION('',(-1.0,0.0,0.0));
#3669=AXIS2_PLACEMENT_3D('',#3666,#3667,#3668);
#3670=CIRCLE('',#3669,5.0);
#3671=EDGE_CURVE('',#3634,#3636,#3670,.T.);
#3672=DIRECTION('',(0.0,1.0,0.0));
#3673=VECTOR('',#3672, 20.0);
#3674=CARTESIAN_POINT('',(246.9,10.0,0.0));
#3675=LINE('',#3674,#3673);
#3676=EDGE_CURVE('',#3636,#3638,#3675,.T.);
#3677=DIRECTION('',(0.0,-1.0,0.0));
#3678=VECTOR('',#3677, 35.0);
#3679=CARTESIAN_POINT('',(251.9,35.0,-448.0));
#3680=LINE('',#3679,#3678);
#3681=EDGE_CURVE('',#3640,#3642,#3680,.T.);
#3682=DIRECTION('',(-1.0,0.0,0.0));
#3683=VECTOR('',#3682, 35.0);
#3684=CARTESIAN_POINT('',(251.9,0.0,-448.0));
#3685=LINE('',#3684,#3683);
#3686=EDGE_CURVE('',#3642,#3644,#3685,.T.);
#3687=DIRECTION('',(1.0,0.0,0.0));
#3688=VECTOR('',#3687, 20.0);
#3689=CARTESIAN_POINT('',(221.9,5.0,-448.0));
#3690=LINE('',#3689,#3688);
#3691=EDGE_CURVE('',#3644,#3646,#3690,.T.);
#3692=CARTESIAN_POINT('',(241.9,10.0,-448.0));
#3693=DIRECTION('',(0.0,0.0,1.0));
#3694=DIRECTION('',(-1.0,0.0,0.0));
#3695=AXIS2_PLACEMENT_3D('',#3692,#3693,#3694);
#3696=CIRCLE('',#3695,5.0);
#3697=EDGE_CURVE('',#3646,#3648,#3696,.T.);
#3698=DIRECTION('',(0.0,1.0,0.0));
#3699=VECTOR('',#3698, 20.0);
#3700=CARTESIAN_POINT('',(246.9,10.0,-448.0));
#3701=LINE('',#3700,#3699);
#3702=EDGE_CURVE('',#3648,#3650,#3701,.T.);
#3703=DIRECTION('',(0.0,0.0,-1.0));
#3704=VECTOR('',#3703, 448.0);
#3705=CARTESIAN_POINT('',(251.9,35.0,0.0));
#3706=LINE('',#3705,#3704);
#3707=EDGE_CURVE('',#3628,#3640,#3706,.T.);
#3708=DIRECTION('',(0.0,0.0,-1.0));
#3709=VECTOR('',#3708, 448.0);
#3710=CARTESIAN_POINT('',(251.9,0.0,0.0));
#3711=LINE('',#3710,#3709);
#3712=EDGE_CURVE('',#3630,#3642,#3711,.T.);
#3713=DIRECTION('',(0.0,0.0,-1.0));
#3714=VECTOR('',#3713, 448.0);
#3715=CARTESIAN_POINT('',(221.9,5.0,0.0));
#3716=LINE('',#3715,#3714);
#3717=EDGE_CURVE('',#3632,#3644,#3716,.T.);
#3718=DIRECTION('',(0.0,0.0,-1.0));
#3719=VECTOR('',#3718, 448.0);
#3720=CARTESIAN_POINT('',(241.9,5.0,0.0));
#3721=LINE('',#3720,#3719);
#3722=EDGE_CURVE('',#3634,#3646,#3721,.T.);
#3723=DIRECTION('',(0.0,0.0,-1.0));
#3724=VECTOR('',#3723, 448.0);
#3725=CARTESIAN_POINT('',(246.9,10.0,0.0));
#3726=LINE('',#3725,#3724);
#3727=EDGE_CURVE('',#3636,#3648,#3726,.T.);
#3728=DIRECTION('',(0.0,0.0,-1.0));
#3729=VECTOR('',#3728, 448.0);
#3730=CARTESIAN_POINT('',(246.9,30.0,0.0));
#3731=LINE('',#3730,#3729);
#3732=EDGE_CURVE('',#3638,#3650,#3731,.T.);
#3733=ORIENTED_EDGE('',*,*,#3655,.T.);
#3734=ORIENTED_EDGE('',*,*,#3712,.T.);
#3735=ORIENTED_EDGE('',*,*,#3681,.F.);
#3736=ORIENTED_EDGE('',*,*,#3707,.F.);
#3737=ORIENTED_EDGE('',*,*,#3660,.T.);
#3738=ORIENTED_EDGE('',*,*,#3717,.T.);
#3739=ORIENTED_EDGE('',*,*,#3686,.F.);
#3740=ORIENTED_EDGE('',*,*,#3712,.F.);
#3741=ORIENTED_EDGE('',*,*,#3665,.T.);
#3742=ORIENTED_EDGE('',*,*,#3722,.T.);
#3743=ORIENTED_EDGE('',*,*,#3691,.F.);
#3744=ORIENTED_EDGE('',*,*,#3717,.F.);
#3745=ORIENTED_EDGE('',*,*,#3671,.T.);
#3746=ORIENTED_EDGE('',*,*,#3727,.T.);
#3747=ORIENTED_EDGE('',*,*,#3697,.F.);
#3748=ORIENTED_EDGE('',*,*,#3722,.F.);
#3749=ORIENTED_EDGE('',*,*,#3676,.T.);
#3750=ORIENTED_EDGE('',*,*,#3732,.T.);
#3751=ORIENTED_EDGE('',*,*,#3702,.F.);
#3752=ORIENTED_EDGE('',*,*,#3727,.F.);
#3753=ORIENTED_EDGE('',*,*,#3655,.T.);
#3754=ORIENTED_EDGE('',*,*,#3660,.T.);
#3755=ORIENTED_EDGE('',*,*,#3665,.T.);
#3756=ORIENTED_EDGE('',*,*,#3671,.T.);
#3757=ORIENTED_EDGE('',*,*,#3676,.T.);
#3758=ORIENTED_EDGE('',*,*,#3681,.T.);
#3759=ORIENTED_EDGE('',*,*,#3686,.T.);
#3760=ORIENTED_EDGE('',*,*,#3691,.T.);
#3761=ORIENTED_EDGE('',*,*,#3697,.T.);
#3762=ORIENTED_EDGE('',*,*,#3702,.T.);
#3763=DIRECTION('',(0.0,-1.0,0.0));
#3764=VECTOR('',#3763, 35.0);
#3765=CARTESIAN_POINT('',(251.9,35.0,0.0));
#3766=LINE('',#3765,#3764);
#3767=DIRECTION('',(0.0,0.0,-1.0));
#3768=VECTOR('',#3767, 448.0);
#3769=SURFACE_OF_LINEAR_EXTRUSION('',#3766,#3768);
#3770=EDGE_LOOP('',(#3733,#3734,#3735,#3736));
#3771=FACE_OUTER_BOUND('',#3770,.T.);
#3772=ADVANCED_FACE('',(#3771),#3769,.T.);
#3773=DIRECTION('',(-1.0,0.0,0.0));
#3774=VECTOR('',#3773, 35.0);
#3775=CARTESIAN_POINT('',(251.9,0.0,0.0));
#3776=LINE('',#3775,#3774);
#3777=DIRECTION('',(0.0,0.0,-1.0));
#3778=VECTOR('',#3777, 448.0);
#3779=SURFACE_OF_LINEAR_EXTRUSION('',#3776,#3778);
#3780=EDGE_LOOP('',(#3737,#3738,#3739,#3740));
#3781=FACE_OUTER_BOUND('',#3780,.T.);
#3782=ADVANCED_FACE('',(#3781),#3779,.T.);
#3783=DIRECTION('',(1.0,0.0,0.0));
#3784=VECTOR('',#3783, 20.0);
#3785=CARTESIAN_POINT('',(221.9,5.0,0.0));
#3786=LINE('',#3785,#3784);
#3787=DIRECTION('',(0.0,0.0,-1.0));
#3788=VECTOR('',#3787, 448.0);
#3789=SURFACE_OF_LINEAR_EXTRUSION('',#3786,#3788);
#3790=EDGE_LOOP('',(#3741,#3742,#3743,#3744));
#3791=FACE_OUTER_BOUND('',#3790,.T.);
#3792=ADVANCED_FACE('',(#3791),#3789,.T.);
#3793=CARTESIAN_POINT('',(241.9,10.0,0.0));
#3794=DIRECTION('',(0.0,0.0,1.0));
#3795=DIRECTION('',(-1.0,0.0,0.0));
#3796=AXIS2_PLACEMENT_3D('',#3793,#3794,#3795);
#3797=CIRCLE('',#3796,5.0);
#3798=DIRECTION('',(0.0,0.0,-1.0));
#3799=VECTOR('',#3798, 448.0);
#3800=SURFACE_OF_LINEAR_EXTRUSION('',#3797,#3799);
#3801=EDGE_LOOP('',(#3745,#3746,#3747,#3748));
#3802=FACE_OUTER_BOUND('',#3801,.T.);
#3803=ADVANCED_FACE('',(#3802),#3800,.T.);
#3804=DIRECTION('',(0.0,1.0,0.0));
#3805=VECTOR('',#3804, 20.0);
#3806=CARTESIAN_POINT('',(246.9,10.0,0.0));
#3807=LINE('',#3806,#3805);
#3808=DIRECTION('',(0.0,0.0,-1.0));
#3809=VECTOR('',#3808, 448.0);
#3810=SURFACE_OF_LINEAR_EXTRUSION('',#3807,#3809);
#3811=EDGE_LOOP('',(#3749,#3750,#3751,#3752));
#3812=FACE_OUTER_BOUND('',#3811,.T.);
#3813=ADVANCED_FACE('',(#3812),#3810,.T.);
#3814=CARTESIAN_POINT('',(251.9,35.0,0.0));
#3815=DIRECTION('',(0.0,0.0,1.0));
#3816=DIRECTION('',(-1.0,0.0,0.0));
#3817=AXIS2_PLACEMENT_3D('',#3814,#3815,#3816);
#3818=PLANE ( 'NONE',#3817);
#3819=EDGE_LOOP('',(#3753,#3754,#3755,#3756,#3757));
#3820=FACE_OUTER_BOUND('',#3819,.F.);
#3821=ADVANCED_FACE('',(#3820),#3818,.F.);
#3822=CARTESIAN_POINT('',(251.9,35.0,-448.0));
#3823=DIRECTION('',(0.0,0.0,1.0));
#3824=DIRECTION('',(-1.0,0.0,0.0));
#3825=AXIS2_PLACEMENT_3D('',#3822,#3823,#3824);
#3826=PLANE ( 'NONE',#3825);
#3827=EDGE_LOOP('',(#3758,#3759,#3760,#3761,#3762));
#3828=FACE_OUTER_BOUND('',#3827,.T.);
#3829=ADVANCED_FACE('',(#3828),#3826,.T.);
#3830=CLOSED_SHELL('',(#3772,#3782,#3792,#3803,#3813,#3821,#3829));
#3831=MANIFOLD_SOLID_BREP('solid_3830',#3830);
#3832=(NAMED_UNIT(*)SI_UNIT($,.STERADIAN.)SOLID_ANGLE_UNIT());
#3833=(NAMED_UNIT(*)PLANE_ANGLE_UNIT()SI_UNIT($,.RADIAN.));
#3834=(LENGTH_UNIT()NAMED_UNIT(*)SI_UNIT(.MILLI.,.METRE.));
#3835=UNCERTAINTY_MEASURE_WITH_UNIT(LENGTH_MEASURE(1.0E-5),#3834,'DISTANCE_ACCURACY_VALUE','');
#3836=(GEOMETRIC_REPRESENTATION_CONTEXT(3)GLOBAL_UNCERTAINTY_ASSIGNED_CONTEXT((#3835))GLOBAL_UNIT_ASSIGNED_CONTEXT((#3834,#3832,#3833))REPRESENTATION_CONTEXT('None','None'));
#3837=SHAPE_REPRESENTATION('',(#3831),#3836);
#3838=COLOUR_RGB($,0.0,0.0,0.0);
#3839=FILL_AREA_STYLE_COLOUR('',#3838);
#3840=FILL_AREA_STYLE('',(#3839));
#3841=SURFACE_STYLE_FILL_AREA(#3840);
#3842=SURFACE_SIDE_STYLE('',(#3841));
#3843=SURFACE_STYLE_USAGE(.BOTH.,#3842);
#3844=PRESENTATION_STYLE_ASSIGNMENT((#3843));
#3845=STYLED_ITEM('',(#3844),#3831);
#3846=CARTESIAN_POINT('',(251.9,-285.0,0.0));
#3847=VERTEX_POINT('',#3846);
#3848=CARTESIAN_POINT('',(251.9,-250.0,0.0));
#3849=VERTEX_POINT('',#3848);
#3850=CARTESIAN_POINT('',(221.9,-255.0,0.0));
#3851=VERTEX_POINT('',#3850);
#3852=CARTESIAN_POINT('',(241.9,-255.0,0.0));
#3853=VERTEX_POINT('',#3852);
#3854=CARTESIAN_POINT('',(246.9,-260.0,0.0));
#3855=VERTEX_POINT('',#3854);
#3856=CARTESIAN_POINT('',(246.9,-280.0,0.0));
#3857=VERTEX_POINT('',#3856);
#3858=CARTESIAN_POINT('',(251.9,-285.0,-448.0));
#3859=VERTEX_POINT('',#3858);
#3860=CARTESIAN_POINT('',(251.9,-250.0,-448.0));
#3861=VERTEX_POINT('',#3860);
#3862=CARTESIAN_POINT('',(221.9,-255.0,-448.0));
#3863=VERTEX_POINT('',#3862);
#3864=CARTESIAN_POINT('',(241.9,-255.0,-448.0));
#3865=VERTEX_POINT('',#3864);
#3866=CARTESIAN_POINT('',(246.9,-260.0,-448.0));
#3867=VERTEX_POINT('',#3866);
#3868=CARTESIAN_POINT('',(246.9,-280.0,-448.0));
#3869=VERTEX_POINT('',#3868);
#3870=DIRECTION('',(0.0,1.0,0.0));
#3871=VECTOR('',#3870, 35.0);
#3872=CARTESIAN_POINT('',(251.9,-285.0,0.0));
#3873=LINE('',#3872,#3871);
#3874=EDGE_CURVE('',#3847,#3849,#3873,.T.);
#3875=DIRECTION('',(-1.0,0.0,0.0));
#3876=VECTOR('',#3875, 35.0);
#3877=CARTESIAN_POINT('',(251.9,-250.0,0.0));
#3878=LINE('',#3877,#3876);
#3879=EDGE_CURVE('',#3849,#3851,#3878,.T.);
#3880=DIRECTION('',(1.0,0.0,0.0));
#3881=VECTOR('',#3880, 20.0);
#3882=CARTESIAN_POINT('',(221.9,-255.0,0.0));
#3883=LINE('',#3882,#3881);
#3884=EDGE_CURVE('',#3851,#3853,#3883,.T.);
#3885=CARTESIAN_POINT('',(241.9,-260.0,0.0));
#3886=DIRECTION('',(0.0,0.0,-1.0));
#3887=DIRECTION('',(-1.0,0.0,0.0));
#3888=AXIS2_PLACEMENT_3D('',#3885,#3886,#3887);
#3889=CIRCLE('',#3888,5.0);
#3890=EDGE_CURVE('',#3853,#3855,#3889,.T.);
#3891=DIRECTION('',(0.0,-1.0,0.0));
#3892=VECTOR('',#3891, 20.0);
#3893=CARTESIAN_POINT('',(246.9,-260.0,0.0));
#3894=LINE('',#3893,#3892);
#3895=EDGE_CURVE('',#3855,#3857,#3894,.T.);
#3896=DIRECTION('',(0.0,1.0,0.0));
#3897=VECTOR('',#3896, 35.0);
#3898=CARTESIAN_POINT('',(251.9,-285.0,-448.0));
#3899=LINE('',#3898,#3897);
#3900=EDGE_CURVE('',#3859,#3861,#3899,.T.);
#3901=DIRECTION('',(-1.0,0.0,0.0));
#3902=VECTOR('',#3901, 35.0);
#3903=CARTESIAN_POINT('',(251.9,-250.0,-448.0));
#3904=LINE('',#3903,#3902);
#3905=EDGE_CURVE('',#3861,#3863,#3904,.T.);
#3906=DIRECTION('',(1.0,0.0,0.0));
#3907=VECTOR('',#3906, 20.0);
#3908=CARTESIAN_POINT('',(221.9,-255.0,-448.0));
#3909=LINE('',#3908,#3907);
#3910=EDGE_CURVE('',#3863,#3865,#3909,.T.);
#3911=CARTESIAN_POINT('',(241.9,-260.0,-448.0));
#3912=DIRECTION('',(0.0,0.0,-1.0));
#3913=DIRECTION('',(-1.0,0.0,0.0));
#3914=AXIS2_PLACEMENT_3D('',#3911,#3912,#3913);
#3915=CIRCLE('',#3914,5.0);
#3916=EDGE_CURVE('',#3865,#3867,#3915,.T.);
#3917=DIRECTION('',(0.0,-1.0,0.0));
#3918=VECTOR('',#3917, 20.0);
#3919=CARTESIAN_POINT('',(246.9,-260.0,-448.0));
#3920=LINE('',#3919,#3918);
#3921=EDGE_CURVE('',#3867,#3869,#3920,.T.);
#3922=DIRECTION('',(0.0,0.0,-1.0));
#3923=VECTOR('',#3922, 448.0);
#3924=CARTESIAN_POINT('',(251.9,-285.0,0.0));
#3925=LINE('',#3924,#3923);
#3926=EDGE_CURVE('',#3847,#3859,#3925,.T.);
#3927=DIRECTION('',(0.0,0.0,-1.0));
#3928=VECTOR('',#3927, 448.0);
#3929=CARTESIAN_POINT('',(251.9,-250.0,0.0));
#3930=LINE('',#3929,#3928);
#3931=EDGE_CURVE('',#3849,#3861,#3930,.T.);
#3932=DIRECTION('',(0.0,0.0,-1.0));
#3933=VECTOR('',#3932, 448.0);
#3934=CARTESIAN_POINT('',(221.9,-255.0,0.0));
#3935=LINE('',#3934,#3933);
#3936=EDGE_CURVE('',#3851,#3863,#3935,.T.);
#3937=DIRECTION('',(0.0,0.0,-1.0));
#3938=VECTOR('',#3937, 448.0);
#3939=CARTESIAN_POINT('',(241.9,-255.0,0.0));
#3940=LINE('',#3939,#3938);
#3941=EDGE_CURVE('',#3853,#3865,#3940,.T.);
#3942=DIRECTION('',(0.0,0.0,-1.0));
#3943=VECTOR('',#3942, 448.0);
#3944=CARTESIAN_POINT('',(246.9,-260.0,0.0));
#3945=LINE('',#3944,#3943);
#3946=EDGE_CURVE('',#3855,#3867,#3945,.T.);
#3947=DIRECTION('',(0.0,0.0,-1.0));
#3948=VECTOR('',#3947, 448.0);
#3949=CARTESIAN_POINT('',(246.9,-280.0,0.0));
#3950=LINE('',#3949,#3948);
#3951=EDGE_CURVE('',#3857,#3869,#3950,.T.);
#3952=ORIENTED_EDGE('',*,*,#3874,.T.);
#3953=ORIENTED_EDGE('',*,*,#3931,.T.);
#3954=ORIENTED_EDGE('',*,*,#3900,.F.);
#3955=ORIENTED_EDGE('',*,*,#3926,.F.);
#3956=ORIENTED_EDGE('',*,*,#3879,.T.);
#3957=ORIENTED_EDGE('',*,*,#3936,.T.);
#3958=ORIENTED_EDGE('',*,*,#3905,.F.);
#3959=ORIENTED_EDGE('',*,*,#3931,.F.);
#3960=ORIENTED_EDGE('',*,*,#3884,.T.);
#3961=ORIENTED_EDGE('',*,*,#3941,.T.);
#3962=ORIENTED_EDGE('',*,*,#3910,.F.);
#3963=ORIENTED_EDGE('',*,*,#3936,.F.);
#3964=ORIENTED_EDGE('',*,*,#3890,.T.);
#3965=ORIENTED_EDGE('',*,*,#3946,.T.);
#3966=ORIENTED_EDGE('',*,*,#3916,.F.);
#3967=ORIENTED_EDGE('',*,*,#3941,.F.);
#3968=ORIENTED_EDGE('',*,*,#3895,.T.);
#3969=ORIENTED_EDGE('',*,*,#3951,.T.);
#3970=ORIENTED_EDGE('',*,*,#3921,.F.);
#3971=ORIENTED_EDGE('',*,*,#3946,.F.);
#3972=ORIENTED_EDGE('',*,*,#3874,.T.);
#3973=ORIENTED_EDGE('',*,*,#3879,.T.);
#3974=ORIENTED_EDGE('',*,*,#3884,.T.);
#3975=ORIENTED_EDGE('',*,*,#3890,.T.);
#3976=ORIENTED_EDGE('',*,*,#3895,.T.);
#3977=ORIENTED_EDGE('',*,*,#3900,.T.);
#3978=ORIENTED_EDGE('',*,*,#3905,.T.);
#3979=ORIENTED_EDGE('',*,*,#3910,.T.);
#3980=ORIENTED_EDGE('',*,*,#3916,.T.);
#3981=ORIENTED_EDGE('',*,*,#3921,.T.);
#3982=DIRECTION('',(0.0,1.0,0.0));
#3983=VECTOR('',#3982, 35.0);
#3984=CARTESIAN_POINT('',(251.9,-285.0,0.0));
#3985=LINE('',#3984,#3983);
#3986=DIRECTION('',(0.0,0.0,1.0));
#3987=VECTOR('',#3986, 448.0);
#3988=SURFACE_OF_LINEAR_EXTRUSION('',#3985,#3987);
#3989=EDGE_LOOP('',(#3952,#3953,#3954,#3955));
#3990=FACE_OUTER_BOUND('',#3989,.F.);
#3991=ADVANCED_FACE('',(#3990),#3988,.T.);
#3992=DIRECTION('',(-1.0,0.0,0.0));
#3993=VECTOR('',#3992, 35.0);
#3994=CARTESIAN_POINT('',(251.9,-250.0,0.0));
#3995=LINE('',#3994,#3993);
#3996=DIRECTION('',(0.0,0.0,1.0));
#3997=VECTOR('',#3996, 448.0);
#3998=SURFACE_OF_LINEAR_EXTRUSION('',#3995,#3997);
#3999=EDGE_LOOP('',(#3956,#3957,#3958,#3959));
#4000=FACE_OUTER_BOUND('',#3999,.F.);
#4001=ADVANCED_FACE('',(#4000),#3998,.T.);
#4002=DIRECTION('',(1.0,0.0,0.0));
#4003=VECTOR('',#4002, 20.0);
#4004=CARTESIAN_POINT('',(221.9,-255.0,0.0));
#4005=LINE('',#4004,#4003);
#4006=DIRECTION('',(0.0,0.0,1.0));
#4007=VECTOR('',#4006, 448.0);
#4008=SURFACE_OF_LINEAR_EXTRUSION('',#4005,#4007);
#4009=EDGE_LOOP('',(#3960,#3961,#3962,#3963));
#4010=FACE_OUTER_BOUND('',#4009,.F.);
#4011=ADVANCED_FACE('',(#4010),#4008,.T.);
#4012=CARTESIAN_POINT('',(241.9,-260.0,0.0));
#4013=DIRECTION('',(0.0,0.0,-1.0));
#4014=DIRECTION('',(-1.0,0.0,0.0));
#4015=AXIS2_PLACEMENT_3D('',#4012,#4013,#4014);
#4016=CIRCLE('',#4015,5.0);
#4017=DIRECTION('',(0.0,0.0,1.0));
#4018=VECTOR('',#4017, 448.0);
#4019=SURFACE_OF_LINEAR_EXTRUSION('',#4016,#4018);
#4020=EDGE_LOOP('',(#3964,#3965,#3966,#3967));
#4021=FACE_OUTER_BOUND('',#4020,.F.);
#4022=ADVANCED_FACE('',(#4021),#4019,.T.);
#4023=DIRECTION('',(0.0,-1.0,0.0));
#4024=VECTOR('',#4023, 20.0);
#4025=CARTESIAN_POINT('',(246.9,-260.0,0.0));
#4026=LINE('',#4025,#4024);
#4027=DIRECTION('',(0.0,0.0,1.0));
#4028=VECTOR('',#4027, 448.0);
#4029=SURFACE_OF_LINEAR_EXTRUSION('',#4026,#4028);
#4030=EDGE_LOOP('',(#3968,#3969,#3970,#3971));
#4031=FACE_OUTER_BOUND('',#4030,.F.);
#4032=ADVANCED_FACE('',(#4031),#4029,.T.);
#4033=CARTESIAN_POINT('',(251.9,-285.0,0.0));
#4034=DIRECTION('',(0.0,0.0,1.0));
#4035=DIRECTION('',(-1.0,0.0,0.0));
#4036=AXIS2_PLACEMENT_3D('',#4033,#4034,#4035);
#4037=PLANE ( 'NONE',#4036);
#4038=EDGE_LOOP('',(#3972,#3973,#3974,#3975,#3976));
#4039=FACE_OUTER_BOUND('',#4038,.T.);
#4040=ADVANCED_FACE('',(#4039),#4037,.F.);
#4041=CARTESIAN_POINT('',(251.9,-285.0,-448.0));
#4042=DIRECTION('',(0.0,0.0,1.0));
#4043=DIRECTION('',(-1.0,0.0,0.0));
#4044=AXIS2_PLACEMENT_3D('',#4041,#4042,#4043);
#4045=PLANE ( 'NONE',#4044);
#4046=EDGE_LOOP('',(#3977,#3978,#3979,#3980,#3981));
#4047=FACE_OUTER_BOUND('',#4046,.F.);
#4048=ADVANCED_FACE('',(#4047),#4045,.T.);
#4049=CLOSED_SHELL('',(#3991,#4001,#4011,#4022,#4032,#4040,#4048));
#4050=MANIFOLD_SOLID_BREP('solid_4049',#4049);
#4051=(NAMED_UNIT(*)SI_UNIT($,.STERADIAN.)SOLID_ANGLE_UNIT());
#4052=(NAMED_UNIT(*)PLANE_ANGLE_UNIT()SI_UNIT($,.RADIAN.));
#4053=(LENGTH_UNIT()NAMED_UNIT(*)SI_UNIT(.MILLI.,.METRE.));
#4054=UNCERTAINTY_MEASURE_WITH_UNIT(LENGTH_MEASURE(1.0E-5),#4053,'DISTANCE_ACCURACY_VALUE','');
#4055=(GEOMETRIC_REPRESENTATION_CONTEXT(3)GLOBAL_UNCERTAINTY_ASSIGNED_CONTEXT((#4054))GLOBAL_UNIT_ASSIGNED_CONTEXT((#4053,#4051,#4052))REPRESENTATION_CONTEXT('None','None'));
#4056=SHAPE_REPRESENTATION('',(#4050),#4055);
#4057=COLOUR_RGB($,0.0,0.0,0.0);
#4058=FILL_AREA_STYLE_COLOUR('',#4057);
#4059=FILL_AREA_STYLE('',(#4058));
#4060=SURFACE_STYLE_FILL_AREA(#4059);
#4061=SURFACE_SIDE_STYLE('',(#4060));
#4062=SURFACE_STYLE_USAGE(.BOTH.,#4061);
#4063=PRESENTATION_STYLE_ASSIGNMENT((#4062));
#4064=STYLED_ITEM('',(#4063),#4050);
#4065=CARTESIAN_POINT('',(251.9,35.0,0.0));
#4066=VERTEX_POINT('',#4065);
#4067=CARTESIAN_POINT('',(251.9,0.0,0.0));
#4068=VERTEX_POINT('',#4067);
#4069=CARTESIAN_POINT('',(221.9,5.0,0.0));
#4070=VERTEX_POINT('',#4069);
#4071=CARTESIAN_POINT('',(241.9,5.0,0.0));
#4072=VERTEX_POINT('',#4071);
#4073=CARTESIAN_POINT('',(246.9,10.0,0.0));
#4074=VERTEX_POINT('',#4073);
#4075=CARTESIAN_POINT('',(246.9,30.0,0.0));
#4076=VERTEX_POINT('',#4075);
#4077=CARTESIAN_POINT('',(251.9,35.0,-448.0));
#4078=VERTEX_POINT('',#4077);
#4079=CARTESIAN_POINT('',(251.9,0.0,-448.0));
#4080=VERTEX_POINT('',#4079);
#4081=CARTESIAN_POINT('',(221.9,5.0,-448.0));
#4082=VERTEX_POINT('',#4081);
#4083=CARTESIAN_POINT('',(241.9,5.0,-448.0));
#4084=VERTEX_POINT('',#4083);
#4085=CARTESIAN_POINT('',(246.9,10.0,-448.0));
#4086=VERTEX_POINT('',#4085);
#4087=CARTESIAN_POINT('',(246.9,30.0,-448.0));
#4088=VERTEX_POINT('',#4087);
#4089=DIRECTION('',(0.0,-1.0,0.0));
#4090=VECTOR('',#4089, 35.0);
#4091=CARTESIAN_POINT('',(251.9,35.0,0.0));
#4092=LINE('',#4091,#4090);
#4093=EDGE_CURVE('',#4066,#4068,#4092,.T.);
#4094=DIRECTION('',(-1.0,0.0,0.0));
#4095=VECTOR('',#4094, 35.0);
#4096=CARTESIAN_POINT('',(251.9,0.0,0.0));
#4097=LINE('',#4096,#4095);
#4098=EDGE_CURVE('',#4068,#4070,#4097,.T.);
#4099=DIRECTION('',(1.0,0.0,0.0));
#4100=VECTOR('',#4099, 20.0);
#4101=CARTESIAN_POINT('',(221.9,5.0,0.0));
#4102=LINE('',#4101,#4100);
#4103=EDGE_CURVE('',#4070,#4072,#4102,.T.);
#4104=CARTESIAN_POINT('',(241.9,10.0,0.0));
#4105=DIRECTION('',(0.0,0.0,1.0));
#4106=DIRECTION('',(-1.0,0.0,0.0));
#4107=AXIS2_PLACEMENT_3D('',#4104,#4105,#4106);
#4108=CIRCLE('',#4107,5.0);
#4109=EDGE_CURVE('',#4072,#4074,#4108,.T.);
#4110=DIRECTION('',(0.0,1.0,0.0));
#4111=VECTOR('',#4110, 20.0);
#4112=CARTESIAN_POINT('',(246.9,10.0,0.0));
#4113=LINE('',#4112,#4111);
#4114=EDGE_CURVE('',#4074,#4076,#4113,.T.);
#4115=DIRECTION('',(0.0,-1.0,0.0));
#4116=VECTOR('',#4115, 35.0);
#4117=CARTESIAN_POINT('',(251.9,35.0,-448.0));
#4118=LINE('',#4117,#4116);
#4119=EDGE_CURVE('',#4078,#4080,#4118,.T.);
#4120=DIRECTION('',(-1.0,0.0,0.0));
#4121=VECTOR('',#4120, 35.0);
#4122=CARTESIAN_POINT('',(251.9,0.0,-448.0));
#4123=LINE('',#4122,#4121);
#4124=EDGE_CURVE('',#4080,#4082,#4123,.T.);
#4125=DIRECTION('',(1.0,0.0,0.0));
#4126=VECTOR('',#4125, 20.0);
#4127=CARTESIAN_POINT('',(221.9,5.0,-448.0));
#4128=LINE('',#4127,#4126);
#4129=EDGE_CURVE('',#4082,#4084,#4128,.T.);
#4130=CARTESIAN_POINT('',(241.9,10.0,-448.0));
#4131=DIRECTION('',(0.0,0.0,1.0));
#4132=DIRECTION('',(-1.0,0.0,0.0));
#4133=AXIS2_PLACEMENT_3D('',#4130,#4131,#4132);
#4134=CIRCLE('',#4133,5.0);
#4135=EDGE_CURVE('',#4084,#4086,#4134,.T.);
#4136=DIRECTION('',(0.0,1.0,0.0));
#4137=VECTOR('',#4136, 20.0);
#4138=CARTESIAN_POINT('',(246.9,10.0,-448.0));
#4139=LINE('',#4138,#4137);
#4140=EDGE_CURVE('',#4086,#4088,#4139,.T.);
#4141=DIRECTION('',(0.0,0.0,-1.0));
#4142=VECTOR('',#4141, 448.0);
#4143=CARTESIAN_POINT('',(251.9,35.0,0.0));
#4144=LINE('',#4143,#4142);
#4145=EDGE_CURVE('',#4066,#4078,#4144,.T.);
#4146=DIRECTION('',(0.0,0.0,-1.0));
#4147=VECTOR('',#4146, 448.0);
#4148=CARTESIAN_POINT('',(251.9,0.0,0.0));
#4149=LINE('',#4148,#4147);
#4150=EDGE_CURVE('',#4068,#4080,#4149,.T.);
#4151=DIRECTION('',(0.0,0.0,-1.0));
#4152=VECTOR('',#4151, 448.0);
#4153=CARTESIAN_POINT('',(221.9,5.0,0.0));
#4154=LINE('',#4153,#4152);
#4155=EDGE_CURVE('',#4070,#4082,#4154,.T.);
#4156=DIRECTION('',(0.0,0.0,-1.0));
#4157=VECTOR('',#4156, 448.0);
#4158=CARTESIAN_POINT('',(241.9,5.0,0.0));
#4159=LINE('',#4158,#4157);
#4160=EDGE_CURVE('',#4072,#4084,#4159,.T.);
#4161=DIRECTION('',(0.0,0.0,-1.0));
#4162=VECTOR('',#4161, 448.0);
#4163=CARTESIAN_POINT('',(246.9,10.0,0.0));
#4164=LINE('',#4163,#4162);
#4165=EDGE_CURVE('',#4074,#4086,#4164,.T.);
#4166=DIRECTION('',(0.0,0.0,-1.0));
#4167=VECTOR('',#4166, 448.0);
#4168=CARTESIAN_POINT('',(246.9,30.0,0.0));
#4169=LINE('',#4168,#4167);
#4170=EDGE_CURVE('',#4076,#4088,#4169,.T.);
#4171=ORIENTED_EDGE('',*,*,#4093,.T.);
#4172=ORIENTED_EDGE('',*,*,#4150,.T.);
#4173=ORIENTED_EDGE('',*,*,#4119,.F.);
#4174=ORIENTED_EDGE('',*,*,#4145,.F.);
#4175=ORIENTED_EDGE('',*,*,#4098,.T.);
#4176=ORIENTED_EDGE('',*,*,#4155,.T.);
#4177=ORIENTED_EDGE('',*,*,#4124,.F.);
#4178=ORIENTED_EDGE('',*,*,#4150,.F.);
#4179=ORIENTED_EDGE('',*,*,#4103,.T.);
#4180=ORIENTED_EDGE('',*,*,#4160,.T.);
#4181=ORIENTED_EDGE('',*,*,#4129,.F.);
#4182=ORIENTED_EDGE('',*,*,#4155,.F.);
#4183=ORIENTED_EDGE('',*,*,#4109,.T.);
#4184=ORIENTED_EDGE('',*,*,#4165,.T.);
#4185=ORIENTED_EDGE('',*,*,#4135,.F.);
#4186=ORIENTED_EDGE('',*,*,#4160,.F.);
#4187=ORIENTED_EDGE('',*,*,#4114,.T.);
#4188=ORIENTED_EDGE('',*,*,#4170,.T.);
#4189=ORIENTED_EDGE('',*,*,#4140,.F.);
#4190=ORIENTED_EDGE('',*,*,#4165,.F.);
#4191=ORIENTED_EDGE('',*,*,#4093,.T.);
#4192=ORIENTED_EDGE('',*,*,#4098,.T.);
#4193=ORIENTED_EDGE('',*,*,#4103,.T.);
#4194=ORIENTED_EDGE('',*,*,#4109,.T.);
#4195=ORIENTED_EDGE('',*,*,#4114,.T.);
#4196=ORIENTED_EDGE('',*,*,#4119,.T.);
#4197=ORIENTED_EDGE('',*,*,#4124,.T.);
#4198=ORIENTED_EDGE('',*,*,#4129,.T.);
#4199=ORIENTED_EDGE('',*,*,#4135,.T.);
#4200=ORIENTED_EDGE('',*,*,#4140,.T.);
#4201=DIRECTION('',(0.0,-1.0,0.0));
#4202=VECTOR('',#4201, 35.0);
#4203=CARTESIAN_POINT('',(251.9,35.0,0.0));
#4204=LINE('',#4203,#4202);
#4205=DIRECTION('',(0.0,0.0,-1.0));
#4206=VECTOR('',#4205, 448.0);
#4207=SURFACE_OF_LINEAR_EXTRUSION('',#4204,#4206);
#4208=EDGE_LOOP('',(#4171,#4172,#4173,#4174));
#4209=FACE_OUTER_BOUND('',#4208,.T.);
#4210=ADVANCED_FACE('',(#4209),#4207,.T.);
#4211=DIRECTION('',(-1.0,0.0,0.0));
#4212=VECTOR('',#4211, 35.0);
#4213=CARTESIAN_POINT('',(251.9,0.0,0.0));
#4214=LINE('',#4213,#4212);
#4215=DIRECTION('',(0.0,0.0,-1.0));
#4216=VECTOR('',#4215, 448.0);
#4217=SURFACE_OF_LINEAR_EXTRUSION('',#4214,#4216);
#4218=EDGE_LOOP('',(#4175,#4176,#4177,#4178));
#4219=FACE_OUTER_BOUND('',#4218,.T.);
#4220=ADVANCED_FACE('',(#4219),#4217,.T.);
#4221=DIRECTION('',(1.0,0.0,0.0));
#4222=VECTOR('',#4221, 20.0);
#4223=CARTESIAN_POINT('',(221.9,5.0,0.0));
#4224=LINE('',#4223,#4222);
#4225=DIRECTION('',(0.0,0.0,-1.0));
#4226=VECTOR('',#4225, 448.0);
#4227=SURFACE_OF_LINEAR_EXTRUSION('',#4224,#4226);
#4228=EDGE_LOOP('',(#4179,#4180,#4181,#4182));
#4229=FACE_OUTER_BOUND('',#4228,.T.);
#4230=ADVANCED_FACE('',(#4229),#4227,.T.);
#4231=CARTESIAN_POINT('',(241.9,10.0,0.0));
#4232=DIRECTION('',(0.0,0.0,1.0));
#4233=DIRECTION('',(-1.0,0.0,0.0));
#4234=AXIS2_PLACEMENT_3D('',#4231,#4232,#4233);
#4235=CIRCLE('',#4234,5.0);
#4236=DIRECTION('',(0.0,0.0,-1.0));
#4237=VECTOR('',#4236, 448.0);
#4238=SURFACE_OF_LINEAR_EXTRUSION('',#4235,#4237);
#4239=EDGE_LOOP('',(#4183,#4184,#4185,#4186));
#4240=FACE_OUTER_BOUND('',#4239,.T.);
#4241=ADVANCED_FACE('',(#4240),#4238,.T.);
#4242=DIRECTION('',(0.0,1.0,0.0));
#4243=VECTOR('',#4242, 20.0);
#4244=CARTESIAN_POINT('',(246.9,10.0,0.0));
#4245=LINE('',#4244,#4243);
#4246=DIRECTION('',(0.0,0.0,-1.0));
#4247=VECTOR('',#4246, 448.0);
#4248=SURFACE_OF_LINEAR_EXTRUSION('',#4245,#4247);
#4249=EDGE_LOOP('',(#4187,#4188,#4189,#4190));
#4250=FACE_OUTER_BOUND('',#4249,.T.);
#4251=ADVANCED_FACE('',(#4250),#4248,.T.);
#4252=CARTESIAN_POINT('',(251.9,35.0,0.0));
#4253=DIRECTION('',(0.0,0.0,1.0));
#4254=DIRECTION('',(-1.0,0.0,0.0));
#4255=AXIS2_PLACEMENT_3D('',#4252,#4253,#4254);
#4256=PLANE ( 'NONE',#4255);
#4257=EDGE_LOOP('',(#4191,#4192,#4193,#4194,#4195));
#4258=FACE_OUTER_BOUND('',#4257,.F.);
#4259=ADVANCED_FACE('',(#4258),#4256,.F.);
#4260=CARTESIAN_POINT('',(251.9,35.0,-448.0));
#4261=DIRECTION('',(0.0,0.0,1.0));
#4262=DIRECTION('',(-1.0,0.0,0.0));
#4263=AXIS2_PLACEMENT_3D('',#4260,#4261,#4262);
#4264=PLANE ( 'NONE',#4263);
#4265=EDGE_LOOP('',(#4196,#4197,#4198,#4199,#4200));
#4266=FACE_OUTER_BOUND('',#4265,.T.);
#4267=ADVANCED_FACE('',(#4266),#4264,.T.);
#4268=CLOSED_SHELL('',(#4210,#4220,#4230,#4241,#4251,#4259,#4267));
#4269=MANIFOLD_SOLID_BREP('solid_4268',#4268);
#4270=(NAMED_UNIT(*)SI_UNIT($,.STERADIAN.)SOLID_ANGLE_UNIT());
#4271=(NAMED_UNIT(*)PLANE_ANGLE_UNIT()SI_UNIT($,.RADIAN.));
#4272=(LENGTH_UNIT()NAMED_UNIT(*)SI_UNIT(.MILLI.,.METRE.));
#4273=UNCERTAINTY_MEASURE_WITH_UNIT(LENGTH_MEASURE(1.0E-5),#4272,'DISTANCE_ACCURACY_VALUE','');
#4274=(GEOMETRIC_REPRESENTATION_CONTEXT(3)GLOBAL_UNCERTAINTY_ASSIGNED_CONTEXT((#4273))GLOBAL_UNIT_ASSIGNED_CONTEXT((#4272,#4270,#4271))REPRESENTATION_CONTEXT('None','None'));
#4275=SHAPE_REPRESENTATION('',(#4269),#4274);
#4276=COLOUR_RGB($,0.0,0.0,0.0);
#4277=FILL_AREA_STYLE_COLOUR('',#4276);
#4278=FILL_AREA_STYLE('',(#4277));
#4279=SURFACE_STYLE_FILL_AREA(#4278);
#4280=SURFACE_SIDE_STYLE('',(#4279));
#4281=SURFACE_STYLE_USAGE(.BOTH.,#4280);
#4282=PRESENTATION_STYLE_ASSIGNMENT((#4281));
#4283=STYLED_ITEM('',(#4282),#4269);
#4284=CARTESIAN_POINT('',(251.9,-285.0,0.0));
#4285=VERTEX_POINT('',#4284);
#4286=CARTESIAN_POINT('',(251.9,-250.0,0.0));
#4287=VERTEX_POINT('',#4286);
#4288=CARTESIAN_POINT('',(221.9,-255.0,0.0));
#4289=VERTEX_POINT('',#4288);
#4290=CARTESIAN_POINT('',(241.9,-255.0,0.0));
#4291=VERTEX_POINT('',#4290);
#4292=CARTESIAN_POINT('',(246.9,-260.0,0.0));
#4293=VERTEX_POINT('',#4292);
#4294=CARTESIAN_POINT('',(246.9,-280.0,0.0));
#4295=VERTEX_POINT('',#4294);
#4296=CARTESIAN_POINT('',(251.9,-285.0,-448.0));
#4297=VERTEX_POINT('',#4296);
#4298=CARTESIAN_POINT('',(251.9,-250.0,-448.0));
#4299=VERTEX_POINT('',#4298);
#4300=CARTESIAN_POINT('',(221.9,-255.0,-448.0));
#4301=VERTEX_POINT('',#4300);
#4302=CARTESIAN_POINT('',(241.9,-255.0,-448.0));
#4303=VERTEX_POINT('',#4302);
#4304=CARTESIAN_POINT('',(246.9,-260.0,-448.0));
#4305=VERTEX_POINT('',#4304);
#4306=CARTESIAN_POINT('',(246.9,-280.0,-448.0));
#4307=VERTEX_POINT('',#4306);
#4308=DIRECTION('',(0.0,1.0,0.0));
#4309=VECTOR('',#4308, 35.0);
#4310=CARTESIAN_POINT('',(251.9,-285.0,0.0));
#4311=LINE('',#4310,#4309);
#4312=EDGE_CURVE('',#4285,#4287,#4311,.T.);
#4313=DIRECTION('',(-1.0,0.0,0.0));
#4314=VECTOR('',#4313, 35.0);
#4315=CARTESIAN_POINT('',(251.9,-250.0,0.0));
#4316=LINE('',#4315,#4314);
#4317=EDGE_CURVE('',#4287,#4289,#4316,.T.);
#4318=DIRECTION('',(1.0,0.0,0.0));
#4319=VECTOR('',#4318, 20.0);
#4320=CARTESIAN_POINT('',(221.9,-255.0,0.0));
#4321=LINE('',#4320,#4319);
#4322=EDGE_CURVE('',#4289,#4291,#4321,.T.);
#4323=CARTESIAN_POINT('',(241.9,-260.0,0.0));
#4324=DIRECTION('',(0.0,0.0,-1.0));
#4325=DIRECTION('',(-1.0,0.0,0.0));
#4326=AXIS2_PLACEMENT_3D('',#4323,#4324,#4325);
#4327=CIRCLE('',#4326,5.0);
#4328=EDGE_CURVE('',#4291,#4293,#4327,.T.);
#4329=DIRECTION('',(0.0,-1.0,0.0));
#4330=VECTOR('',#4329, 20.0);
#4331=CARTESIAN_POINT('',(246.9,-260.0,0.0));
#4332=LINE('',#4331,#4330);
#4333=EDGE_CURVE('',#4293,#4295,#4332,.T.);
#4334=DIRECTION('',(0.0,1.0,0.0));
#4335=VECTOR('',#4334, 35.0);
#4336=CARTESIAN_POINT('',(251.9,-285.0,-448.0));
#4337=LINE('',#4336,#4335);
#4338=EDGE_CURVE('',#4297,#4299,#4337,.T.);
#4339=DIRECTION('',(-1.0,0.0,0.0));
#4340=VECTOR('',#4339, 35.0);
#4341=CARTESIAN_POINT('',(251.9,-250.0,-448.0));
#4342=LINE('',#4341,#4340);
#4343=EDGE_CURVE('',#4299,#4301,#4342,.T.);
#4344=DIRECTION('',(1.0,0.0,0.0));
#4345=VECTOR('',#4344, 20.0);
#4346=CARTESIAN_POINT('',(221.9,-255.0,-448.0));
#4347=LINE('',#4346,#4345);
#4348=EDGE_CURVE('',#4301,#4303,#4347,.T.);
#4349=CARTESIAN_POINT('',(241.9,-260.0,-448.0));
#4350=DIRECTION('',(0.0,0.0,-1.0));
#4351=DIRECTION('',(-1.0,0.0,0.0));
#4352=AXIS2_PLACEMENT_3D('',#4349,#4350,#4351);
#4353=CIRCLE('',#4352,5.0);
#4354=EDGE_CURVE('',#4303,#4305,#4353,.T.);
#4355=DIRECTION('',(0.0,-1.0,0.0));
#4356=VECTOR('',#4355, 20.0);
#4357=CARTESIAN_POINT('',(246.9,-260.0,-448.0));
#4358=LINE('',#4357,#4356);
#4359=EDGE_CURVE('',#4305,#4307,#4358,.T.);
#4360=DIRECTION('',(0.0,0.0,-1.0));
#4361=VECTOR('',#4360, 448.0);
#4362=CARTESIAN_POINT('',(251.9,-285.0,0.0));
#4363=LINE('',#4362,#4361);
#4364=EDGE_CURVE('',#4285,#4297,#4363,.T.);
#4365=DIRECTION('',(0.0,0.0,-1.0));
#4366=VECTOR('',#4365, 448.0);
#4367=CARTESIAN_POINT('',(251.9,-250.0,0.0));
#4368=LINE('',#4367,#4366);
#4369=EDGE_CURVE('',#4287,#4299,#4368,.T.);
#4370=DIRECTION('',(0.0,0.0,-1.0));
#4371=VECTOR('',#4370, 448.0);
#4372=CARTESIAN_POINT('',(221.9,-255.0,0.0));
#4373=LINE('',#4372,#4371);
#4374=EDGE_CURVE('',#4289,#4301,#4373,.T.);
#4375=DIRECTION('',(0.0,0.0,-1.0));
#4376=VECTOR('',#4375, 448.0);
#4377=CARTESIAN_POINT('',(241.9,-255.0,0.0));
#4378=LINE('',#4377,#4376);
#4379=EDGE_CURVE('',#4291,#4303,#4378,.T.);
#4380=DIRECTION('',(0.0,0.0,-1.0));
#4381=VECTOR('',#4380, 448.0);
#4382=CARTESIAN_POINT('',(246.9,-260.0,0.0));
#4383=LINE('',#4382,#4381);
#4384=EDGE_CURVE('',#4293,#4305,#4383,.T.);
#4385=DIRECTION('',(0.0,0.0,-1.0));
#4386=VECTOR('',#4385, 448.0);
#4387=CARTESIAN_POINT('',(246.9,-280.0,0.0));
#4388=LINE('',#4387,#4386);
#4389=EDGE_CURVE('',#4295,#4307,#4388,.T.);
#4390=ORIENTED_EDGE('',*,*,#4312,.T.);
#4391=ORIENTED_EDGE('',*,*,#4369,.T.);
#4392=ORIENTED_EDGE('',*,*,#4338,.F.);
#4393=ORIENTED_EDGE('',*,*,#4364,.F.);
#4394=ORIENTED_EDGE('',*,*,#4317,.T.);
#4395=ORIENTED_EDGE('',*,*,#4374,.T.);
#4396=ORIENTED_EDGE('',*,*,#4343,.F.);
#4397=ORIENTED_EDGE('',*,*,#4369,.F.);
#4398=ORIENTED_EDGE('',*,*,#4322,.T.);
#4399=ORIENTED_EDGE('',*,*,#4379,.T.);
#4400=ORIENTED_EDGE('',*,*,#4348,.F.);
#4401=ORIENTED_EDGE('',*,*,#4374,.F.);
#4402=ORIENTED_EDGE('',*,*,#4328,.T.);
#4403=ORIENTED_EDGE('',*,*,#4384,.T.);
#4404=ORIENTED_EDGE('',*,*,#4354,.F.);
#4405=ORIENTED_EDGE('',*,*,#4379,.F.);
#4406=ORIENTED_EDGE('',*,*,#4333,.T.);
#4407=ORIENTED_EDGE('',*,*,#4389,.T.);
#4408=ORIENTED_EDGE('',*,*,#4359,.F.);
#4409=ORIENTED_EDGE('',*,*,#4384,.F.);
#4410=ORIENTED_EDGE('',*,*,#4312,.T.);
#4411=ORIENTED_EDGE('',*,*,#4317,.T.);
#4412=ORIENTED_EDGE('',*,*,#4322,.T.);
#4413=ORIENTED_EDGE('',*,*,#4328,.T.);
#4414=ORIENTED_EDGE('',*,*,#4333,.T.);
#4415=ORIENTED_EDGE('',*,*,#4338,.T.);
#4416=ORIENTED_EDGE('',*,*,#4343,.T.);
#4417=ORIENTED_EDGE('',*,*,#4348,.T.);
#4418=ORIENTED_EDGE('',*,*,#4354,.T.);
#4419=ORIENTED_EDGE('',*,*,#4359,.T.);
#4420=DIRECTION('',(0.0,1.0,0.0));
#4421=VECTOR('',#4420, 35.0);
#4422=CARTESIAN_POINT('',(251.9,-285.0,0.0));
#4423=LINE('',#4422,#4421);
#4424=DIRECTION('',(0.0,0.0,1.0));
#4425=VECTOR('',#4424, 448.0);
#4426=SURFACE_OF_LINEAR_EXTRUSION('',#4423,#4425);
#4427=EDGE_LOOP('',(#4390,#4391,#4392,#4393));
#4428=FACE_OUTER_BOUND('',#4427,.F.);
#4429=ADVANCED_FACE('',(#4428),#4426,.T.);
#4430=DIRECTION('',(-1.0,0.0,0.0));
#4431=VECTOR('',#4430, 35.0);
#4432=CARTESIAN_POINT('',(251.9,-250.0,0.0));
#4433=LINE('',#4432,#4431);
#4434=DIRECTION('',(0.0,0.0,1.0));
#4435=VECTOR('',#4434, 448.0);
#4436=SURFACE_OF_LINEAR_EXTRUSION('',#4433,#4435);
#4437=EDGE_LOOP('',(#4394,#4395,#4396,#4397));
#4438=FACE_OUTER_BOUND('',#4437,.F.);
#4439=ADVANCED_FACE('',(#4438),#4436,.T.);
#4440=DIRECTION('',(1.0,0.0,0.0));
#4441=VECTOR('',#4440, 20.0);
#4442=CARTESIAN_POINT('',(221.9,-255.0,0.0));
#4443=LINE('',#4442,#4441);
#4444=DIRECTION('',(0.0,0.0,1.0));
#4445=VECTOR('',#4444, 448.0);
#4446=SURFACE_OF_LINEAR_EXTRUSION('',#4443,#4445);
#4447=EDGE_LOOP('',(#4398,#4399,#4400,#4401));
#4448=FACE_OUTER_BOUND('',#4447,.F.);
#4449=ADVANCED_FACE('',(#4448),#4446,.T.);
#4450=CARTESIAN_POINT('',(241.9,-260.0,0.0));
#4451=DIRECTION('',(0.0,0.0,-1.0));
#4452=DIRECTION('',(-1.0,0.0,0.0));
#4453=AXIS2_PLACEMENT_3D('',#4450,#4451,#4452);
#4454=CIRCLE('',#4453,5.0);
#4455=DIRECTION('',(0.0,0.0,1.0));
#4456=VECTOR('',#4455, 448.0);
#4457=SURFACE_OF_LINEAR_EXTRUSION('',#4454,#4456);
#4458=EDGE_LOOP('',(#4402,#4403,#4404,#4405));
#4459=FACE_OUTER_BOUND('',#4458,.F.);
#4460=ADVANCED_FACE('',(#4459),#4457,.T.);
#4461=DIRECTION('',(0.0,-1.0,0.0));
#4462=VECTOR('',#4461, 20.0);
#4463=CARTESIAN_POINT('',(246.9,-260.0,0.0));
#4464=LINE('',#4463,#4462);
#4465=DIRECTION('',(0.0,0.0,1.0));
#4466=VECTOR('',#4465, 448.0);
#4467=SURFACE_OF_LINEAR_EXTRUSION('',#4464,#4466);
#4468=EDGE_LOOP('',(#4406,#4407,#4408,#4409));
#4469=FACE_OUTER_BOUND('',#4468,.F.);
#4470=ADVANCED_FACE('',(#4469),#4467,.T.);
#4471=CARTESIAN_POINT('',(251.9,-285.0,0.0));
#4472=DIRECTION('',(0.0,0.0,1.0));
#4473=DIRECTION('',(-1.0,0.0,0.0));
#4474=AXIS2_PLACEMENT_3D('',#4471,#4472,#4473);
#4475=PLANE ( 'NONE',#4474);
#4476=EDGE_LOOP('',(#4410,#4411,#4412,#4413,#4414));
#4477=FACE_OUTER_BOUND('',#4476,.T.);
#4478=ADVANCED_FACE('',(#4477),#4475,.F.);
#4479=CARTESIAN_POINT('',(251.9,-285.0,-448.0));
#4480=DIRECTION('',(0.0,0.0,1.0));
#4481=DIRECTION('',(-1.0,0.0,0.0));
#4482=AXIS2_PLACEMENT_3D('',#4479,#4480,#4481);
#4483=PLANE ( 'NONE',#4482);
#4484=EDGE_LOOP('',(#4415,#4416,#4417,#4418,#4419));
#4485=FACE_OUTER_BOUND('',#4484,.F.);
#4486=ADVANCED_FACE('',(#4485),#4483,.T.);
#4487=CLOSED_SHELL('',(#4429,#4439,#4449,#4460,#4470,#4478,#4486));
#4488=MANIFOLD_SOLID_BREP('solid_4487',#4487);
#4489=(NAMED_UNIT(*)SI_UNIT($,.STERADIAN.)SOLID_ANGLE_UNIT());
#4490=(NAMED_UNIT(*)PLANE_ANGLE_UNIT()SI_UNIT($,.RADIAN.));
#4491=(LENGTH_UNIT()NAMED_UNIT(*)SI_UNIT(.MILLI.,.METRE.));
#4492=UNCERTAINTY_MEASURE_WITH_UNIT(LENGTH_MEASURE(1.0E-5),#4491,'DISTANCE_ACCURACY_VALUE','');
#4493=(GEOMETRIC_REPRESENTATION_CONTEXT(3)GLOBAL_UNCERTAINTY_ASSIGNED_CONTEXT((#4492))GLOBAL_UNIT_ASSIGNED_CONTEXT((#4491,#4489,#4490))REPRESENTATION_CONTEXT('None','None'));
#4494=SHAPE_REPRESENTATION('',(#4488),#4493);
#4495=COLOUR_RGB($,0.0,0.0,0.0);
#4496=FILL_AREA_STYLE_COLOUR('',#4495);
#4497=FILL_AREA_STYLE('',(#4496));
#4498=SURFACE_STYLE_FILL_AREA(#4497);
#4499=SURFACE_SIDE_STYLE('',(#4498));
#4500=SURFACE_STYLE_USAGE(.BOTH.,#4499);
#4501=PRESENTATION_STYLE_ASSIGNMENT((#4500));
#4502=STYLED_ITEM('',(#4501),#4488);
#4503=CARTESIAN_POINT('',(251.9,35.0,0.0));
#4504=VERTEX_POINT('',#4503);
#4505=CARTESIAN_POINT('',(251.9,0.0,0.0));
#4506=VERTEX_POINT('',#4505);
#4507=CARTESIAN_POINT('',(221.9,5.0,0.0));
#4508=VERTEX_POINT('',#4507);
#4509=CARTESIAN_POINT('',(241.9,5.0,0.0));
#4510=VERTEX_POINT('',#4509);
#4511=CARTESIAN_POINT('',(246.9,10.0,0.0));
#4512=VERTEX_POINT('',#4511);
#4513=CARTESIAN_POINT('',(246.9,30.0,0.0));
#4514=VERTEX_POINT('',#4513);
#4515=CARTESIAN_POINT('',(251.9,35.0,-448.0));
#4516=VERTEX_POINT('',#4515);
#4517=CARTESIAN_POINT('',(251.9,0.0,-448.0));
#4518=VERTEX_POINT('',#4517);
#4519=CARTESIAN_POINT('',(221.9,5.0,-448.0));
#4520=VERTEX_POINT('',#4519);
#4521=CARTESIAN_POINT('',(241.9,5.0,-448.0));
#4522=VERTEX_POINT('',#4521);
#4523=CARTESIAN_POINT('',(246.9,10.0,-448.0));
#4524=VERTEX_POINT('',#4523);
#4525=CARTESIAN_POINT('',(246.9,30.0,-448.0));
#4526=VERTEX_POINT('',#4525);
#4527=DIRECTION('',(0.0,-1.0,0.0));
#4528=VECTOR('',#4527, 35.0);
#4529=CARTESIAN_POINT('',(251.9,35.0,0.0));
#4530=LINE('',#4529,#4528);
#4531=EDGE_CURVE('',#4504,#4506,#4530,.T.);
#4532=DIRECTION('',(-1.0,0.0,0.0));
#4533=VECTOR('',#4532, 35.0);
#4534=CARTESIAN_POINT('',(251.9,0.0,0.0));
#4535=LINE('',#4534,#4533);
#4536=EDGE_CURVE('',#4506,#4508,#4535,.T.);
#4537=DIRECTION('',(1.0,0.0,0.0));
#4538=VECTOR('',#4537, 20.0);
#4539=CARTESIAN_POINT('',(221.9,5.0,0.0));
#4540=LINE('',#4539,#4538);
#4541=EDGE_CURVE('',#4508,#4510,#4540,.T.);
#4542=CARTESIAN_POINT('',(241.9,10.0,0.0));
#4543=DIRECTION('',(0.0,0.0,1.0));
#4544=DIRECTION('',(-1.0,0.0,0.0));
#4545=AXIS2_PLACEMENT_3D('',#4542,#4543,#4544);
#4546=CIRCLE('',#4545,5.0);
#4547=EDGE_CURVE('',#4510,#4512,#4546,.T.);
#4548=DIRECTION('',(0.0,1.0,0.0));
#4549=VECTOR('',#4548, 20.0);
#4550=CARTESIAN_POINT('',(246.9,10.0,0.0));
#4551=LINE('',#4550,#4549);
#4552=EDGE_CURVE('',#4512,#4514,#4551,.T.);
#4553=DIRECTION('',(0.0,-1.0,0.0));
#4554=VECTOR('',#4553, 35.0);
#4555=CARTESIAN_POINT('',(251.9,35.0,-448.0));
#4556=LINE('',#4555,#4554);
#4557=EDGE_CURVE('',#4516,#4518,#4556,.T.);
#4558=DIRECTION('',(-1.0,0.0,0.0));
#4559=VECTOR('',#4558, 35.0);
#4560=CARTESIAN_POINT('',(251.9,0.0,-448.0));
#4561=LINE('',#4560,#4559);
#4562=EDGE_CURVE('',#4518,#4520,#4561,.T.);
#4563=DIRECTION('',(1.0,0.0,0.0));
#4564=VECTOR('',#4563, 20.0);
#4565=CARTESIAN_POINT('',(221.9,5.0,-448.0));
#4566=LINE('',#4565,#4564);
#4567=EDGE_CURVE('',#4520,#4522,#4566,.T.);
#4568=CARTESIAN_POINT('',(241.9,10.0,-448.0));
#4569=DIRECTION('',(0.0,0.0,1.0));
#4570=DIRECTION('',(-1.0,0.0,0.0));
#4571=AXIS2_PLACEMENT_3D('',#4568,#4569,#4570);
#4572=CIRCLE('',#4571,5.0);
#4573=EDGE_CURVE('',#4522,#4524,#4572,.T.);
#4574=DIRECTION('',(0.0,1.0,0.0));
#4575=VECTOR('',#4574, 20.0);
#4576=CARTESIAN_POINT('',(246.9,10.0,-448.0));
#4577=LINE('',#4576,#4575);
#4578=EDGE_CURVE('',#4524,#4526,#4577,.T.);
#4579=DIRECTION('',(0.0,0.0,-1.0));
#4580=VECTOR('',#4579, 448.0);
#4581=CARTESIAN_POINT('',(251.9,35.0,0.0));
#4582=LINE('',#4581,#4580);
#4583=EDGE_CURVE('',#4504,#4516,#4582,.T.);
#4584=DIRECTION('',(0.0,0.0,-1.0));
#4585=VECTOR('',#4584, 448.0);
#4586=CARTESIAN_POINT('',(251.9,0.0,0.0));
#4587=LINE('',#4586,#4585);
#4588=EDGE_CURVE('',#4506,#4518,#4587,.T.);
#4589=DIRECTION('',(0.0,0.0,-1.0));
#4590=VECTOR('',#4589, 448.0);
#4591=CARTESIAN_POINT('',(221.9,5.0,0.0));
#4592=LINE('',#4591,#4590);
#4593=EDGE_CURVE('',#4508,#4520,#4592,.T.);
#4594=DIRECTION('',(0.0,0.0,-1.0));
#4595=VECTOR('',#4594, 448.0);
#4596=CARTESIAN_POINT('',(241.9,5.0,0.0));
#4597=LINE('',#4596,#4595);
#4598=EDGE_CURVE('',#4510,#4522,#4597,.T.);
#4599=DIRECTION('',(0.0,0.0,-1.0));
#4600=VECTOR('',#4599, 448.0);
#4601=CARTESIAN_POINT('',(246.9,10.0,0.0));
#4602=LINE('',#4601,#4600);
#4603=EDGE_CURVE('',#4512,#4524,#4602,.T.);
#4604=DIRECTION('',(0.0,0.0,-1.0));
#4605=VECTOR('',#4604, 448.0);
#4606=CARTESIAN_POINT('',(246.9,30.0,0.0));
#4607=LINE('',#4606,#4605);
#4608=EDGE_CURVE('',#4514,#4526,#4607,.T.);
#4609=ORIENTED_EDGE('',*,*,#4531,.T.);
#4610=ORIENTED_EDGE('',*,*,#4588,.T.);
#4611=ORIENTED_EDGE('',*,*,#4557,.F.);
#4612=ORIENTED_EDGE('',*,*,#4583,.F.);
#4613=ORIENTED_EDGE('',*,*,#4536,.T.);
#4614=ORIENTED_EDGE('',*,*,#4593,.T.);
#4615=ORIENTED_EDGE('',*,*,#4562,.F.);
#4616=ORIENTED_EDGE('',*,*,#4588,.F.);
#4617=ORIENTED_EDGE('',*,*,#4541,.T.);
#4618=ORIENTED_EDGE('',*,*,#4598,.T.);
#4619=ORIENTED_EDGE('',*,*,#4567,.F.);
#4620=ORIENTED_EDGE('',*,*,#4593,.F.);
#4621=ORIENTED_EDGE('',*,*,#4547,.T.);
#4622=ORIENTED_EDGE('',*,*,#4603,.T.);
#4623=ORIENTED_EDGE('',*,*,#4573,.F.);
#4624=ORIENTED_EDGE('',*,*,#4598,.F.);
#4625=ORIENTED_EDGE('',*,*,#4552,.T.);
#4626=ORIENTED_EDGE('',*,*,#4608,.T.);
#4627=ORIENTED_EDGE('',*,*,#4578,.F.);
#4628=ORIENTED_EDGE('',*,*,#4603,.F.);
#4629=ORIENTED_EDGE('',*,*,#4531,.T.);
#4630=ORIENTED_EDGE('',*,*,#4536,.T.);
#4631=ORIENTED_EDGE('',*,*,#4541,.T.);
#4632=ORIENTED_EDGE('',*,*,#4547,.T.);
#4633=ORIENTED_EDGE('',*,*,#4552,.T.);
#4634=ORIENTED_EDGE('',*,*,#4557,.T.);
#4635=ORIENTED_EDGE('',*,*,#4562,.T.);
#4636=ORIENTED_EDGE('',*,*,#4567,.T.);
#4637=ORIENTED_EDGE('',*,*,#4573,.T.);
#4638=ORIENTED_EDGE('',*,*,#4578,.T.);
#4639=DIRECTION('',(0.0,-1.0,0.0));
#4640=VECTOR('',#4639, 35.0);
#4641=CARTESIAN_POINT('',(251.9,35.0,0.0));
#4642=LINE('',#4641,#4640);
#4643=DIRECTION('',(0.0,0.0,-1.0));
#4644=VECTOR('',#4643, 448.0);
#4645=SURFACE_OF_LINEAR_EXTRUSION('',#4642,#4644);
#4646=EDGE_LOOP('',(#4609,#4610,#4611,#4612));
#4647=FACE_OUTER_BOUND('',#4646,.T.);
#4648=ADVANCED_FACE('',(#4647),#4645,.T.);
#4649=DIRECTION('',(-1.0,0.0,0.0));
#4650=VECTOR('',#4649, 35.0);
#4651=CARTESIAN_POINT('',(251.9,0.0,0.0));
#4652=LINE('',#4651,#4650);
#4653=DIRECTION('',(0.0,0.0,-1.0));
#4654=VECTOR('',#4653, 448.0);
#4655=SURFACE_OF_LINEAR_EXTRUSION('',#4652,#4654);
#4656=EDGE_LOOP('',(#4613,#4614,#4615,#4616));
#4657=FACE_OUTER_BOUND('',#4656,.T.);
#4658=ADVANCED_FACE('',(#4657),#4655,.T.);
#4659=DIRECTION('',(1.0,0.0,0.0));
#4660=VECTOR('',#4659, 20.0);
#4661=CARTESIAN_POINT('',(221.9,5.0,0.0));
#4662=LINE('',#4661,#4660);
#4663=DIRECTION('',(0.0,0.0,-1.0));
#4664=VECTOR('',#4663, 448.0);
#4665=SURFACE_OF_LINEAR_EXTRUSION('',#4662,#4664);
#4666=EDGE_LOOP('',(#4617,#4618,#4619,#4620));
#4667=FACE_OUTER_BOUND('',#4666,.T.);
#4668=ADVANCED_FACE('',(#4667),#4665,.T.);
#4669=CARTESIAN_POINT('',(241.9,10.0,0.0));
#4670=DIRECTION('',(0.0,0.0,1.0));
#4671=DIRECTION('',(-1.0,0.0,0.0));
#4672=AXIS2_PLACEMENT_3D('',#4669,#4670,#4671);
#4673=CIRCLE('',#4672,5.0);
#4674=DIRECTION('',(0.0,0.0,-1.0));
#4675=VECTOR('',#4674, 448.0);
#4676=SURFACE_OF_LINEAR_EXTRUSION('',#4673,#4675);
#4677=EDGE_LOOP('',(#4621,#4622,#4623,#4624));
#4678=FACE_OUTER_BOUND('',#4677,.T.);
#4679=ADVANCED_FACE('',(#4678),#4676,.T.);
#4680=DIRECTION('',(0.0,1.0,0.0));
#4681=VECTOR('',#4680, 20.0);
#4682=CARTESIAN_POINT('',(246.9,10.0,0.0));
#4683=LINE('',#4682,#4681);
#4684=DIRECTION('',(0.0,0.0,-1.0));
#4685=VECTOR('',#4684, 448.0);
#4686=SURFACE_OF_LINEAR_EXTRUSION('',#4683,#4685);
#4687=EDGE_LOOP('',(#4625,#4626,#4627,#4628));
#4688=FACE_OUTER_BOUND('',#4687,.T.);
#4689=ADVANCED_FACE('',(#4688),#4686,.T.);
#4690=CARTESIAN_POINT('',(251.9,35.0,0.0));
#4691=DIRECTION('',(0.0,0.0,1.0));
#4692=DIRECTION('',(-1.0,0.0,0.0));
#4693=AXIS2_PLACEMENT_3D('',#4690,#4691,#4692);
#4694=PLANE ( 'NONE',#4693);
#4695=EDGE_LOOP('',(#4629,#4630,#4631,#4632,#4633));
#4696=FACE_OUTER_BOUND('',#4695,.F.);
#4697=ADVANCED_FACE('',(#4696),#4694,.F.);
#4698=CARTESIAN_POINT('',(251.9,35.0,-448.0));
#4699=DIRECTION('',(0.0,0.0,1.0));
#4700=DIRECTION('',(-1.0,0.0,0.0));
#4701=AXIS2_PLACEMENT_3D('',#4698,#4699,#4700);
#4702=PLANE ( 'NONE',#4701);
#4703=EDGE_LOOP('',(#4634,#4635,#4636,#4637,#4638));
#4704=FACE_OUTER_BOUND('',#4703,.T.);
#4705=ADVANCED_FACE('',(#4704),#4702,.T.);
#4706=CLOSED_SHELL('',(#4648,#4658,#4668,#4679,#4689,#4697,#4705));
#4707=MANIFOLD_SOLID_BREP('solid_4706',#4706);
#4708=(NAMED_UNIT(*)SI_UNIT($,.STERADIAN.)SOLID_ANGLE_UNIT());
#4709=(NAMED_UNIT(*)PLANE_ANGLE_UNIT()SI_UNIT($,.RADIAN.));
#4710=(LENGTH_UNIT()NAMED_UNIT(*)SI_UNIT(.MILLI.,.METRE.));
#4711=UNCERTAINTY_MEASURE_WITH_UNIT(LENGTH_MEASURE(1.0E-5),#4710,'DISTANCE_ACCURACY_VALUE','');
#4712=(GEOMETRIC_REPRESENTATION_CONTEXT(3)GLOBAL_UNCERTAINTY_ASSIGNED_CONTEXT((#4711))GLOBAL_UNIT_ASSIGNED_CONTEXT((#4710,#4708,#4709))REPRESENTATION_CONTEXT('None','None'));
#4713=SHAPE_REPRESENTATION('',(#4707),#4712);
#4714=COLOUR_RGB($,0.0,0.0,0.0);
#4715=FILL_AREA_STYLE_COLOUR('',#4714);
#4716=FILL_AREA_STYLE('',(#4715));
#4717=SURFACE_STYLE_FILL_AREA(#4716);
#4718=SURFACE_SIDE_STYLE('',(#4717));
#4719=SURFACE_STYLE_USAGE(.BOTH.,#4718);
#4720=PRESENTATION_STYLE_ASSIGNMENT((#4719));
#4721=STYLED_ITEM('',(#4720),#4707);
#4722=CARTESIAN_POINT('',(-233.06,35.0,0.0));
#4723=VERTEX_POINT('',#4722);
#4724=CARTESIAN_POINT('',(-233.06,0.0,0.0));
#4725=VERTEX_POINT('',#4724);
#4726=CARTESIAN_POINT('',(-263.06,5.0,0.0));
#4727=VERTEX_POINT('',#4726);
#4728=CARTESIAN_POINT('',(-243.06,5.0,0.0));
#4729=VERTEX_POINT('',#4728);
#4730=CARTESIAN_POINT('',(-238.06,10.0,0.0));
#4731=VERTEX_POINT('',#4730);
#4732=CARTESIAN_POINT('',(-238.06,30.0,0.0));
#4733=VERTEX_POINT('',#4732);
#4734=CARTESIAN_POINT('',(-233.06,35.0,-448.0));
#4735=VERTEX_POINT('',#4734);
#4736=CARTESIAN_POINT('',(-233.06,0.0,-448.0));
#4737=VERTEX_POINT('',#4736);
#4738=CARTESIAN_POINT('',(-263.06,5.0,-448.0));
#4739=VERTEX_POINT('',#4738);
#4740=CARTESIAN_POINT('',(-243.06,5.0,-448.0));
#4741=VERTEX_POINT('',#4740);
#4742=CARTESIAN_POINT('',(-238.06,10.0,-448.0));
#4743=VERTEX_POINT('',#4742);
#4744=CARTESIAN_POINT('',(-238.06,30.0,-448.0));
#4745=VERTEX_POINT('',#4744);
#4746=DIRECTION('',(0.0,-1.0,0.0));
#4747=VECTOR('',#4746, 35.0);
#4748=CARTESIAN_POINT('',(-233.06,35.0,0.0));
#4749=LINE('',#4748,#4747);
#4750=EDGE_CURVE('',#4723,#4725,#4749,.T.);
#4751=DIRECTION('',(-1.0,0.0,0.0));
#4752=VECTOR('',#4751, 35.0);
#4753=CARTESIAN_POINT('',(-233.06,0.0,0.0));
#4754=LINE('',#4753,#4752);
#4755=EDGE_CURVE('',#4725,#4727,#4754,.T.);
#4756=DIRECTION('',(1.0,0.0,0.0));
#4757=VECTOR('',#4756, 20.0);
#4758=CARTESIAN_POINT('',(-263.06,5.0,0.0));
#4759=LINE('',#4758,#4757);
#4760=EDGE_CURVE('',#4727,#4729,#4759,.T.);
#4761=CARTESIAN_POINT('',(-243.06,10.0,0.0));
#4762=DIRECTION('',(0.0,0.0,1.0));
#4763=DIRECTION('',(-1.0,0.0,0.0));
#4764=AXIS2_PLACEMENT_3D('',#4761,#4762,#4763);
#4765=CIRCLE('',#4764,5.0);
#4766=EDGE_CURVE('',#4729,#4731,#4765,.T.);
#4767=DIRECTION('',(0.0,1.0,0.0));
#4768=VECTOR('',#4767, 20.0);
#4769=CARTESIAN_POINT('',(-238.06,10.0,0.0));
#4770=LINE('',#4769,#4768);
#4771=EDGE_CURVE('',#4731,#4733,#4770,.T.);
#4772=DIRECTION('',(0.0,-1.0,0.0));
#4773=VECTOR('',#4772, 35.0);
#4774=CARTESIAN_POINT('',(-233.06,35.0,-448.0));
#4775=LINE('',#4774,#4773);
#4776=EDGE_CURVE('',#4735,#4737,#4775,.T.);
#4777=DIRECTION('',(-1.0,0.0,0.0));
#4778=VECTOR('',#4777, 35.0);
#4779=CARTESIAN_POINT('',(-233.06,0.0,-448.0));
#4780=LINE('',#4779,#4778);
#4781=EDGE_CURVE('',#4737,#4739,#4780,.T.);
#4782=DIRECTION('',(1.0,0.0,0.0));
#4783=VECTOR('',#4782, 20.0);
#4784=CARTESIAN_POINT('',(-263.06,5.0,-448.0));
#4785=LINE('',#4784,#4783);
#4786=EDGE_CURVE('',#4739,#4741,#4785,.T.);
#4787=CARTESIAN_POINT('',(-243.06,10.0,-448.0));
#4788=DIRECTION('',(0.0,0.0,1.0));
#4789=DIRECTION('',(-1.0,0.0,0.0));
#4790=AXIS2_PLACEMENT_3D('',#4787,#4788,#4789);
#4791=CIRCLE('',#4790,5.0);
#4792=EDGE_CURVE('',#4741,#4743,#4791,.T.);
#4793=DIRECTION('',(0.0,1.0,0.0));
#4794=VECTOR('',#4793, 20.0);
#4795=CARTESIAN_POINT('',(-238.06,10.0,-448.0));
#4796=LINE('',#4795,#4794);
#4797=EDGE_CURVE('',#4743,#4745,#4796,.T.);
#4798=DIRECTION('',(0.0,0.0,-1.0));
#4799=VECTOR('',#4798, 448.0);
#4800=CARTESIAN_POINT('',(-233.06,35.0,0.0));
#4801=LINE('',#4800,#4799);
#4802=EDGE_CURVE('',#4723,#4735,#4801,.T.);
#4803=DIRECTION('',(0.0,0.0,-1.0));
#4804=VECTOR('',#4803, 448.0);
#4805=CARTESIAN_POINT('',(-233.06,0.0,0.0));
#4806=LINE('',#4805,#4804);
#4807=EDGE_CURVE('',#4725,#4737,#4806,.T.);
#4808=DIRECTION('',(0.0,0.0,-1.0));
#4809=VECTOR('',#4808, 448.0);
#4810=CARTESIAN_POINT('',(-263.06,5.0,0.0));
#4811=LINE('',#4810,#4809);
#4812=EDGE_CURVE('',#4727,#4739,#4811,.T.);
#4813=DIRECTION('',(0.0,0.0,-1.0));
#4814=VECTOR('',#4813, 448.0);
#4815=CARTESIAN_POINT('',(-243.06,5.0,0.0));
#4816=LINE('',#4815,#4814);
#4817=EDGE_CURVE('',#4729,#4741,#4816,.T.);
#4818=DIRECTION('',(0.0,0.0,-1.0));
#4819=VECTOR('',#4818, 448.0);
#4820=CARTESIAN_POINT('',(-238.06,10.0,0.0));
#4821=LINE('',#4820,#4819);
#4822=EDGE_CURVE('',#4731,#4743,#4821,.T.);
#4823=DIRECTION('',(0.0,0.0,-1.0));
#4824=VECTOR('',#4823, 448.0);
#4825=CARTESIAN_POINT('',(-238.06,30.0,0.0));
#4826=LINE('',#4825,#4824);
#4827=EDGE_CURVE('',#4733,#4745,#4826,.T.);
#4828=ORIENTED_EDGE('',*,*,#4750,.T.);
#4829=ORIENTED_EDGE('',*,*,#4807,.T.);
#4830=ORIENTED_EDGE('',*,*,#4776,.F.);
#4831=ORIENTED_EDGE('',*,*,#4802,.F.);
#4832=ORIENTED_EDGE('',*,*,#4755,.T.);
#4833=ORIENTED_EDGE('',*,*,#4812,.T.);
#4834=ORIENTED_EDGE('',*,*,#4781,.F.);
#4835=ORIENTED_EDGE('',*,*,#4807,.F.);
#4836=ORIENTED_EDGE('',*,*,#4760,.T.);
#4837=ORIENTED_EDGE('',*,*,#4817,.T.);
#4838=ORIENTED_EDGE('',*,*,#4786,.F.);
#4839=ORIENTED_EDGE('',*,*,#4812,.F.);
#4840=ORIENTED_EDGE('',*,*,#4766,.T.);
#4841=ORIENTED_EDGE('',*,*,#4822,.T.);
#4842=ORIENTED_EDGE('',*,*,#4792,.F.);
#4843=ORIENTED_EDGE('',*,*,#4817,.F.);
#4844=ORIENTED_EDGE('',*,*,#4771,.T.);
#4845=ORIENTED_EDGE('',*,*,#4827,.T.);
#4846=ORIENTED_EDGE('',*,*,#4797,.F.);
#4847=ORIENTED_EDGE('',*,*,#4822,.F.);
#4848=ORIENTED_EDGE('',*,*,#4750,.T.);
#4849=ORIENTED_EDGE('',*,*,#4755,.T.);
#4850=ORIENTED_EDGE('',*,*,#4760,.T.);
#4851=ORIENTED_EDGE('',*,*,#4766,.T.);
#4852=ORIENTED_EDGE('',*,*,#4771,.T.);
#4853=ORIENTED_EDGE('',*,*,#4776,.T.);
#4854=ORIENTED_EDGE('',*,*,#4781,.T.);
#4855=ORIENTED_EDGE('',*,*,#4786,.T.);
#4856=ORIENTED_EDGE('',*,*,#4792,.T.);
#4857=ORIENTED_EDGE('',*,*,#4797,.T.);
#4858=DIRECTION('',(0.0,-1.0,0.0));
#4859=VECTOR('',#4858, 35.0);
#4860=CARTESIAN_POINT('',(-233.06,35.0,0.0));
#4861=LINE('',#4860,#4859);
#4862=DIRECTION('',(0.0,0.0,-1.0));
#4863=VECTOR('',#4862, 448.0);
#4864=SURFACE_OF_LINEAR_EXTRUSION('',#4861,#4863);
#4865=EDGE_LOOP('',(#4828,#4829,#4830,#4831));
#4866=FACE_OUTER_BOUND('',#4865,.T.);
#4867=ADVANCED_FACE('',(#4866),#4864,.T.);
#4868=DIRECTION('',(-1.0,0.0,0.0));
#4869=VECTOR('',#4868, 35.0);
#4870=CARTESIAN_POINT('',(-233.06,0.0,0.0));
#4871=LINE('',#4870,#4869);
#4872=DIRECTION('',(0.0,0.0,-1.0));
#4873=VECTOR('',#4872, 448.0);
#4874=SURFACE_OF_LINEAR_EXTRUSION('',#4871,#4873);
#4875=EDGE_LOOP('',(#4832,#4833,#4834,#4835));
#4876=FACE_OUTER_BOUND('',#4875,.T.);
#4877=ADVANCED_FACE('',(#4876),#4874,.T.);
#4878=DIRECTION('',(1.0,0.0,0.0));
#4879=VECTOR('',#4878, 20.0);
#4880=CARTESIAN_POINT('',(-263.06,5.0,0.0));
#4881=LINE('',#4880,#4879);
#4882=DIRECTION('',(0.0,0.0,-1.0));
#4883=VECTOR('',#4882, 448.0);
#4884=SURFACE_OF_LINEAR_EXTRUSION('',#4881,#4883);
#4885=EDGE_LOOP('',(#4836,#4837,#4838,#4839));
#4886=FACE_OUTER_BOUND('',#4885,.T.);
#4887=ADVANCED_FACE('',(#4886),#4884,.T.);
#4888=CARTESIAN_POINT('',(-243.06,10.0,0.0));
#4889=DIRECTION('',(0.0,0.0,1.0));
#4890=DIRECTION('',(-1.0,0.0,0.0));
#4891=AXIS2_PLACEMENT_3D('',#4888,#4889,#4890);
#4892=CIRCLE('',#4891,5.0);
#4893=DIRECTION('',(0.0,0.0,-1.0));
#4894=VECTOR('',#4893, 448.0);
#4895=SURFACE_OF_LINEAR_EXTRUSION('',#4892,#4894);
#4896=EDGE_LOOP('',(#4840,#4841,#4842,#4843));
#4897=FACE_OUTER_BOUND('',#4896,.T.);
#4898=ADVANCED_FACE('',(#4897),#4895,.T.);
#4899=DIRECTION('',(0.0,1.0,0.0));
#4900=VECTOR('',#4899, 20.0);
#4901=CARTESIAN_POINT('',(-238.06,10.0,0.0));
#4902=LINE('',#4901,#4900);
#4903=DIRECTION('',(0.0,0.0,-1.0));
#4904=VECTOR('',#4903, 448.0);
#4905=SURFACE_OF_LINEAR_EXTRUSION('',#4902,#4904);
#4906=EDGE_LOOP('',(#4844,#4845,#4846,#4847));
#4907=FACE_OUTER_BOUND('',#4906,.T.);
#4908=ADVANCED_FACE('',(#4907),#4905,.T.);
#4909=CARTESIAN_POINT('',(-233.06,35.0,0.0));
#4910=DIRECTION('',(0.0,0.0,1.0));
#4911=DIRECTION('',(-1.0,0.0,0.0));
#4912=AXIS2_PLACEMENT_3D('',#4909,#4910,#4911);
#4913=PLANE ( 'NONE',#4912);
#4914=EDGE_LOOP('',(#4848,#4849,#4850,#4851,#4852));
#4915=FACE_OUTER_BOUND('',#4914,.F.);
#4916=ADVANCED_FACE('',(#4915),#4913,.F.);
#4917=CARTESIAN_POINT('',(-233.06,35.0,-448.0));
#4918=DIRECTION('',(0.0,0.0,1.0));
#4919=DIRECTION('',(-1.0,0.0,0.0));
#4920=AXIS2_PLACEMENT_3D('',#4917,#4918,#4919);
#4921=PLANE ( 'NONE',#4920);
#4922=EDGE_LOOP('',(#4853,#4854,#4855,#4856,#4857));
#4923=FACE_OUTER_BOUND('',#4922,.T.);
#4924=ADVANCED_FACE('',(#4923),#4921,.T.);
#4925=CLOSED_SHELL('',(#4867,#4877,#4887,#4898,#4908,#4916,#4924));
#4926=MANIFOLD_SOLID_BREP('solid_4925',#4925);
#4927=(NAMED_UNIT(*)SI_UNIT($,.STERADIAN.)SOLID_ANGLE_UNIT());
#4928=(NAMED_UNIT(*)PLANE_ANGLE_UNIT()SI_UNIT($,.RADIAN.));
#4929=(LENGTH_UNIT()NAMED_UNIT(*)SI_UNIT(.MILLI.,.METRE.));
#4930=UNCERTAINTY_MEASURE_WITH_UNIT(LENGTH_MEASURE(1.0E-5),#4929,'DISTANCE_ACCURACY_VALUE','');
#4931=(GEOMETRIC_REPRESENTATION_CONTEXT(3)GLOBAL_UNCERTAINTY_ASSIGNED_CONTEXT((#4930))GLOBAL_UNIT_ASSIGNED_CONTEXT((#4929,#4927,#4928))REPRESENTATION_CONTEXT('None','None'));
#4932=SHAPE_REPRESENTATION('',(#4926),#4931);
#4933=COLOUR_RGB($,0.0,0.0,0.0);
#4934=FILL_AREA_STYLE_COLOUR('',#4933);
#4935=FILL_AREA_STYLE('',(#4934));
#4936=SURFACE_STYLE_FILL_AREA(#4935);
#4937=SURFACE_SIDE_STYLE('',(#4936));
#4938=SURFACE_STYLE_USAGE(.BOTH.,#4937);
#4939=PRESENTATION_STYLE_ASSIGNMENT((#4938));
#4940=STYLED_ITEM('',(#4939),#4926);
#4941=CARTESIAN_POINT('',(-233.06,-285.0,0.0));
#4942=VERTEX_POINT('',#4941);
#4943=CARTESIAN_POINT('',(-233.06,-250.0,0.0));
#4944=VERTEX_POINT('',#4943);
#4945=CARTESIAN_POINT('',(-263.06,-255.0,0.0));
#4946=VERTEX_POINT('',#4945);
#4947=CARTESIAN_POINT('',(-243.06,-255.0,0.0));
#4948=VERTEX_POINT('',#4947);
#4949=CARTESIAN_POINT('',(-238.06,-260.0,0.0));
#4950=VERTEX_POINT('',#4949);
#4951=CARTESIAN_POINT('',(-238.06,-280.0,0.0));
#4952=VERTEX_POINT('',#4951);
#4953=CARTESIAN_POINT('',(-233.06,-285.0,-448.0));
#4954=VERTEX_POINT('',#4953);
#4955=CARTESIAN_POINT('',(-233.06,-250.0,-448.0));
#4956=VERTEX_POINT('',#4955);
#4957=CARTESIAN_POINT('',(-263.06,-255.0,-448.0));
#4958=VERTEX_POINT('',#4957);
#4959=CARTESIAN_POINT('',(-243.06,-255.0,-448.0));
#4960=VERTEX_POINT('',#4959);
#4961=CARTESIAN_POINT('',(-238.06,-260.0,-448.0));
#4962=VERTEX_POINT('',#4961);
#4963=CARTESIAN_POINT('',(-238.06,-280.0,-448.0));
#4964=VERTEX_POINT('',#4963);
#4965=DIRECTION('',(0.0,1.0,0.0));
#4966=VECTOR('',#4965, 35.0);
#4967=CARTESIAN_POINT('',(-233.06,-285.0,0.0));
#4968=LINE('',#4967,#4966);
#4969=EDGE_CURVE('',#4942,#4944,#4968,.T.);
#4970=DIRECTION('',(-1.0,0.0,0.0));
#4971=VECTOR('',#4970, 35.0);
#4972=CARTESIAN_POINT('',(-233.06,-250.0,0.0));
#4973=LINE('',#4972,#4971);
#4974=EDGE_CURVE('',#4944,#4946,#4973,.T.);
#4975=DIRECTION('',(1.0,0.0,0.0));
#4976=VECTOR('',#4975, 20.0);
#4977=CARTESIAN_POINT('',(-263.06,-255.0,0.0));
#4978=LINE('',#4977,#4976);
#4979=EDGE_CURVE('',#4946,#4948,#4978,.T.);
#4980=CARTESIAN_POINT('',(-243.06,-260.0,0.0));
#4981=DIRECTION('',(0.0,0.0,-1.0));
#4982=DIRECTION('',(-1.0,0.0,0.0));
#4983=AXIS2_PLACEMENT_3D('',#4980,#4981,#4982);
#4984=CIRCLE('',#4983,5.0);
#4985=EDGE_CURVE('',#4948,#4950,#4984,.T.);
#4986=DIRECTION('',(0.0,-1.0,0.0));
#4987=VECTOR('',#4986, 20.0);
#4988=CARTESIAN_POINT('',(-238.06,-260.0,0.0));
#4989=LINE('',#4988,#4987);
#4990=EDGE_CURVE('',#4950,#4952,#4989,.T.);
#4991=DIRECTION('',(0.0,1.0,0.0));
#4992=VECTOR('',#4991, 35.0);
#4993=CARTESIAN_POINT('',(-233.06,-285.0,-448.0));
#4994=LINE('',#4993,#4992);
#4995=EDGE_CURVE('',#4954,#4956,#4994,.T.);
#4996=DIRECTION('',(-1.0,0.0,0.0));
#4997=VECTOR('',#4996, 35.0);
#4998=CARTESIAN_POINT('',(-233.06,-250.0,-448.0));
#4999=LINE('',#4998,#4997);
#5000=EDGE_CURVE('',#4956,#4958,#4999,.T.);
#5001=DIRECTION('',(1.0,0.0,0.0));
#5002=VECTOR('',#5001, 20.0);
#5003=CARTESIAN_POINT('',(-263.06,-255.0,-448.0));
#5004=LINE('',#5003,#5002);
#5005=EDGE_CURVE('',#4958,#4960,#5004,.T.);
#5006=CARTESIAN_POINT('',(-243.06,-260.0,-448.0));
#5007=DIRECTION('',(0.0,0.0,-1.0));
#5008=DIRECTION('',(-1.0,0.0,0.0));
#5009=AXIS2_PLACEMENT_3D('',#5006,#5007,#5008);
#5010=CIRCLE('',#5009,5.0);
#5011=EDGE_CURVE('',#4960,#4962,#5010,.T.);
#5012=DIRECTION('',(0.0,-1.0,0.0));
#5013=VECTOR('',#5012, 20.0);
#5014=CARTESIAN_POINT('',(-238.06,-260.0,-448.0));
#5015=LINE('',#5014,#5013);
#5016=EDGE_CURVE('',#4962,#4964,#5015,.T.);
#5017=DIRECTION('',(0.0,0.0,-1.0));
#5018=VECTOR('',#5017, 448.0);
#5019=CARTESIAN_POINT('',(-233.06,-285.0,0.0));
#5020=LINE('',#5019,#5018);
#5021=EDGE_CURVE('',#4942,#4954,#5020,.T.);
#5022=DIRECTION('',(0.0,0.0,-1.0));
#5023=VECTOR('',#5022, 448.0);
#5024=CARTESIAN_POINT('',(-233.06,-250.0,0.0));
#5025=LINE('',#5024,#5023);
#5026=EDGE_CURVE('',#4944,#4956,#5025,.T.);
#5027=DIRECTION('',(0.0,0.0,-1.0));
#5028=VECTOR('',#5027, 448.0);
#5029=CARTESIAN_POINT('',(-263.06,-255.0,0.0));
#5030=LINE('',#5029,#5028);
#5031=EDGE_CURVE('',#4946,#4958,#5030,.T.);
#5032=DIRECTION('',(0.0,0.0,-1.0));
#5033=VECTOR('',#5032, 448.0);
#5034=CARTESIAN_POINT('',(-243.06,-255.0,0.0));
#5035=LINE('',#5034,#5033);
#5036=EDGE_CURVE('',#4948,#4960,#5035,.T.);
#5037=DIRECTION('',(0.0,0.0,-1.0));
#5038=VECTOR('',#5037, 448.0);
#5039=CARTESIAN_POINT('',(-238.06,-260.0,0.0));
#5040=LINE('',#5039,#5038);
#5041=EDGE_CURVE('',#4950,#4962,#5040,.T.);
#5042=DIRECTION('',(0.0,0.0,-1.0));
#5043=VECTOR('',#5042, 448.0);
#5044=CARTESIAN_POINT('',(-238.06,-280.0,0.0));
#5045=LINE('',#5044,#5043);
#5046=EDGE_CURVE('',#4952,#4964,#5045,.T.);
#5047=ORIENTED_EDGE('',*,*,#4969,.T.);
#5048=ORIENTED_EDGE('',*,*,#5026,.T.);
#5049=ORIENTED_EDGE('',*,*,#4995,.F.);
#5050=ORIENTED_EDGE('',*,*,#5021,.F.);
#5051=ORIENTED_EDGE('',*,*,#4974,.T.);
#5052=ORIENTED_EDGE('',*,*,#5031,.T.);
#5053=ORIENTED_EDGE('',*,*,#5000,.F.);
#5054=ORIENTED_EDGE('',*,*,#5026,.F.);
#5055=ORIENTED_EDGE('',*,*,#4979,.T.);
#5056=ORIENTED_EDGE('',*,*,#5036,.T.);
#5057=ORIENTED_EDGE('',*,*,#5005,.F.);
#5058=ORIENTED_EDGE('',*,*,#5031,.F.);
#5059=ORIENTED_EDGE('',*,*,#4985,.T.);
#5060=ORIENTED_EDGE('',*,*,#5041,.T.);
#5061=ORIENTED_EDGE('',*,*,#5011,.F.);
#5062=ORIENTED_EDGE('',*,*,#5036,.F.);
#5063=ORIENTED_EDGE('',*,*,#4990,.T.);
#5064=ORIENTED_EDGE('',*,*,#5046,.T.);
#5065=ORIENTED_EDGE('',*,*,#5016,.F.);
#5066=ORIENTED_EDGE('',*,*,#5041,.F.);
#5067=ORIENTED_EDGE('',*,*,#4969,.T.);
#5068=ORIENTED_EDGE('',*,*,#4974,.T.);
#5069=ORIENTED_EDGE('',*,*,#4979,.T.);
#5070=ORIENTED_EDGE('',*,*,#4985,.T.);
#5071=ORIENTED_EDGE('',*,*,#4990,.T.);
#5072=ORIENTED_EDGE('',*,*,#4995,.T.);
#5073=ORIENTED_EDGE('',*,*,#5000,.T.);
#5074=ORIENTED_EDGE('',*,*,#5005,.T.);
#5075=ORIENTED_EDGE('',*,*,#5011,.T.);
#5076=ORIENTED_EDGE('',*,*,#5016,.T.);
#5077=DIRECTION('',(0.0,1.0,0.0));
#5078=VECTOR('',#5077, 35.0);
#5079=CARTESIAN_POINT('',(-233.06,-285.0,0.0));
#5080=LINE('',#5079,#5078);
#5081=DIRECTION('',(0.0,0.0,1.0));
#5082=VECTOR('',#5081, 448.0);
#5083=SURFACE_OF_LINEAR_EXTRUSION('',#5080,#5082);
#5084=EDGE_LOOP('',(#5047,#5048,#5049,#5050));
#5085=FACE_OUTER_BOUND('',#5084,.F.);
#5086=ADVANCED_FACE('',(#5085),#5083,.T.);
#5087=DIRECTION('',(-1.0,0.0,0.0));
#5088=VECTOR('',#5087, 35.0);
#5089=CARTESIAN_POINT('',(-233.06,-250.0,0.0));
#5090=LINE('',#5089,#5088);
#5091=DIRECTION('',(0.0,0.0,1.0));
#5092=VECTOR('',#5091, 448.0);
#5093=SURFACE_OF_LINEAR_EXTRUSION('',#5090,#5092);
#5094=EDGE_LOOP('',(#5051,#5052,#5053,#5054));
#5095=FACE_OUTER_BOUND('',#5094,.F.);
#5096=ADVANCED_FACE('',(#5095),#5093,.T.);
#5097=DIRECTION('',(1.0,0.0,0.0));
#5098=VECTOR('',#5097, 20.0);
#5099=CARTESIAN_POINT('',(-263.06,-255.0,0.0));
#5100=LINE('',#5099,#5098);
#5101=DIRECTION('',(0.0,0.0,1.0));
#5102=VECTOR('',#5101, 448.0);
#5103=SURFACE_OF_LINEAR_EXTRUSION('',#5100,#5102);
#5104=EDGE_LOOP('',(#5055,#5056,#5057,#5058));
#5105=FACE_OUTER_BOUND('',#5104,.F.);
#5106=ADVANCED_FACE('',(#5105),#5103,.T.);
#5107=CARTESIAN_POINT('',(-243.06,-260.0,0.0));
#5108=DIRECTION('',(0.0,0.0,-1.0));
#5109=DIRECTION('',(-1.0,0.0,0.0));
#5110=AXIS2_PLACEMENT_3D('',#5107,#5108,#5109);
#5111=CIRCLE('',#5110,5.0);
#5112=DIRECTION('',(0.0,0.0,1.0));
#5113=VECTOR('',#5112, 448.0);
#5114=SURFACE_OF_LINEAR_EXTRUSION('',#5111,#5113);
#5115=EDGE_LOOP('',(#5059,#5060,#5061,#5062));
#5116=FACE_OUTER_BOUND('',#5115,.F.);
#5117=ADVANCED_FACE('',(#5116),#5114,.T.);
#5118=DIRECTION('',(0.0,-1.0,0.0));
#5119=VECTOR('',#5118, 20.0);
#5120=CARTESIAN_POINT('',(-238.06,-260.0,0.0));
#5121=LINE('',#5120,#5119);
#5122=DIRECTION('',(0.0,0.0,1.0));
#5123=VECTOR('',#5122, 448.0);
#5124=SURFACE_OF_LINEAR_EXTRUSION('',#5121,#5123);
#5125=EDGE_LOOP('',(#5063,#5064,#5065,#5066));
#5126=FACE_OUTER_BOUND('',#5125,.F.);
#5127=ADVANCED_FACE('',(#5126),#5124,.T.);
#5128=CARTESIAN_POINT('',(-233.06,-285.0,0.0));
#5129=DIRECTION('',(0.0,0.0,1.0));
#5130=DIRECTION('',(-1.0,0.0,0.0));
#5131=AXIS2_PLACEMENT_3D('',#5128,#5129,#5130);
#5132=PLANE ( 'NONE',#5131);
#5133=EDGE_LOOP('',(#5067,#5068,#5069,#5070,#5071));
#5134=FACE_OUTER_BOUND('',#5133,.T.);
#5135=ADVANCED_FACE('',(#5134),#5132,.F.);
#5136=CARTESIAN_POINT('',(-233.06,-285.0,-448.0));
#5137=DIRECTION('',(0.0,0.0,1.0));
#5138=DIRECTION('',(-1.0,0.0,0.0));
#5139=AXIS2_PLACEMENT_3D('',#5136,#5137,#5138);
#5140=PLANE ( 'NONE',#5139);
#5141=EDGE_LOOP('',(#5072,#5073,#5074,#5075,#5076));
#5142=FACE_OUTER_BOUND('',#5141,.F.);
#5143=ADVANCED_FACE('',(#5142),#5140,.T.);
#5144=CLOSED_SHELL('',(#5086,#5096,#5106,#5117,#5127,#5135,#5143));
#5145=MANIFOLD_SOLID_BREP('solid_5144',#5144);
#5146=(NAMED_UNIT(*)SI_UNIT($,.STERADIAN.)SOLID_ANGLE_UNIT());
#5147=(NAMED_UNIT(*)PLANE_ANGLE_UNIT()SI_UNIT($,.RADIAN.));
#5148=(LENGTH_UNIT()NAMED_UNIT(*)SI_UNIT(.MILLI.,.METRE.));
#5149=UNCERTAINTY_MEASURE_WITH_UNIT(LENGTH_MEASURE(1.0E-5),#5148,'DISTANCE_ACCURACY_VALUE','');
#5150=(GEOMETRIC_REPRESENTATION_CONTEXT(3)GLOBAL_UNCERTAINTY_ASSIGNED_CONTEXT((#5149))GLOBAL_UNIT_ASSIGNED_CONTEXT((#5148,#5146,#5147))REPRESENTATION_CONTEXT('None','None'));
#5151=SHAPE_REPRESENTATION('',(#5145),#5150);
#5152=COLOUR_RGB($,0.0,0.0,0.0);
#5153=FILL_AREA_STYLE_COLOUR('',#5152);
#5154=FILL_AREA_STYLE('',(#5153));
#5155=SURFACE_STYLE_FILL_AREA(#5154);
#5156=SURFACE_SIDE_STYLE('',(#5155));
#5157=SURFACE_STYLE_USAGE(.BOTH.,#5156);
#5158=PRESENTATION_STYLE_ASSIGNMENT((#5157));
#5159=STYLED_ITEM('',(#5158),#5145);
#5160=CARTESIAN_POINT('',(-233.06,35.0,0.0));
#5161=VERTEX_POINT('',#5160);
#5162=CARTESIAN_POINT('',(-233.06,0.0,0.0));
#5163=VERTEX_POINT('',#5162);
#5164=CARTESIAN_POINT('',(-263.06,5.0,0.0));
#5165=VERTEX_POINT('',#5164);
#5166=CARTESIAN_POINT('',(-243.06,5.0,0.0));
#5167=VERTEX_POINT('',#5166);
#5168=CARTESIAN_POINT('',(-238.06,10.0,0.0));
#5169=VERTEX_POINT('',#5168);
#5170=CARTESIAN_POINT('',(-238.06,30.0,0.0));
#5171=VERTEX_POINT('',#5170);
#5172=CARTESIAN_POINT('',(-233.06,35.0,-448.0));
#5173=VERTEX_POINT('',#5172);
#5174=CARTESIAN_POINT('',(-233.06,0.0,-448.0));
#5175=VERTEX_POINT('',#5174);
#5176=CARTESIAN_POINT('',(-263.06,5.0,-448.0));
#5177=VERTEX_POINT('',#5176);
#5178=CARTESIAN_POINT('',(-243.06,5.0,-448.0));
#5179=VERTEX_POINT('',#5178);
#5180=CARTESIAN_POINT('',(-238.06,10.0,-448.0));
#5181=VERTEX_POINT('',#5180);
#5182=CARTESIAN_POINT('',(-238.06,30.0,-448.0));
#5183=VERTEX_POINT('',#5182);
#5184=DIRECTION('',(0.0,-1.0,0.0));
#5185=VECTOR('',#5184, 35.0);
#5186=CARTESIAN_POINT('',(-233.06,35.0,0.0));
#5187=LINE('',#5186,#5185);
#5188=EDGE_CURVE('',#5161,#5163,#5187,.T.);
#5189=DIRECTION('',(-1.0,0.0,0.0));
#5190=VECTOR('',#5189, 35.0);
#5191=CARTESIAN_POINT('',(-233.06,0.0,0.0));
#5192=LINE('',#5191,#5190);
#5193=EDGE_CURVE('',#5163,#5165,#5192,.T.);
#5194=DIRECTION('',(1.0,0.0,0.0));
#5195=VECTOR('',#5194, 20.0);
#5196=CARTESIAN_POINT('',(-263.06,5.0,0.0));
#5197=LINE('',#5196,#5195);
#5198=EDGE_CURVE('',#5165,#5167,#5197,.T.);
#5199=CARTESIAN_POINT('',(-243.06,10.0,0.0));
#5200=DIRECTION('',(0.0,0.0,1.0));
#5201=DIRECTION('',(-1.0,0.0,0.0));
#5202=AXIS2_PLACEMENT_3D('',#5199,#5200,#5201);
#5203=CIRCLE('',#5202,5.0);
#5204=EDGE_CURVE('',#5167,#5169,#5203,.T.);
#5205=DIRECTION('',(0.0,1.0,0.0));
#5206=VECTOR('',#5205, 20.0);
#5207=CARTESIAN_POINT('',(-238.06,10.0,0.0));
#5208=LINE('',#5207,#5206);
#5209=EDGE_CURVE('',#5169,#5171,#5208,.T.);
#5210=DIRECTION('',(0.0,-1.0,0.0));
#5211=VECTOR('',#5210, 35.0);
#5212=CARTESIAN_POINT('',(-233.06,35.0,-448.0));
#5213=LINE('',#5212,#5211);
#5214=EDGE_CURVE('',#5173,#5175,#5213,.T.);
#5215=DIRECTION('',(-1.0,0.0,0.0));
#5216=VECTOR('',#5215, 35.0);
#5217=CARTESIAN_POINT('',(-233.06,0.0,-448.0));
#5218=LINE('',#5217,#5216);
#5219=EDGE_CURVE('',#5175,#5177,#5218,.T.);
#5220=DIRECTION('',(1.0,0.0,0.0));
#5221=VECTOR('',#5220, 20.0);
#5222=CARTESIAN_POINT('',(-263.06,5.0,-448.0));
#5223=LINE('',#5222,#5221);
#5224=EDGE_CURVE('',#5177,#5179,#5223,.T.);
#5225=CARTESIAN_POINT('',(-243.06,10.0,-448.0));
#5226=DIRECTION('',(0.0,0.0,1.0));
#5227=DIRECTION('',(-1.0,0.0,0.0));
#5228=AXIS2_PLACEMENT_3D('',#5225,#5226,#5227);
#5229=CIRCLE('',#5228,5.0);
#5230=EDGE_CURVE('',#5179,#5181,#5229,.T.);
#5231=DIRECTION('',(0.0,1.0,0.0));
#5232=VECTOR('',#5231, 20.0);
#5233=CARTESIAN_POINT('',(-238.06,10.0,-448.0));
#5234=LINE('',#5233,#5232);
#5235=EDGE_CURVE('',#5181,#5183,#5234,.T.);
#5236=DIRECTION('',(0.0,0.0,-1.0));
#5237=VECTOR('',#5236, 448.0);
#5238=CARTESIAN_POINT('',(-233.06,35.0,0.0));
#5239=LINE('',#5238,#5237);
#5240=EDGE_CURVE('',#5161,#5173,#5239,.T.);
#5241=DIRECTION('',(0.0,0.0,-1.0));
#5242=VECTOR('',#5241, 448.0);
#5243=CARTESIAN_POINT('',(-233.06,0.0,0.0));
#5244=LINE('',#5243,#5242);
#5245=EDGE_CURVE('',#5163,#5175,#5244,.T.);
#5246=DIRECTION('',(0.0,0.0,-1.0));
#5247=VECTOR('',#5246, 448.0);
#5248=CARTESIAN_POINT('',(-263.06,5.0,0.0));
#5249=LINE('',#5248,#5247);
#5250=EDGE_CURVE('',#5165,#5177,#5249,.T.);
#5251=DIRECTION('',(0.0,0.0,-1.0));
#5252=VECTOR('',#5251, 448.0);
#5253=CARTESIAN_POINT('',(-243.06,5.0,0.0));
#5254=LINE('',#5253,#5252);
#5255=EDGE_CURVE('',#5167,#5179,#5254,.T.);
#5256=DIRECTION('',(0.0,0.0,-1.0));
#5257=VECTOR('',#5256, 448.0);
#5258=CARTESIAN_POINT('',(-238.06,10.0,0.0));
#5259=LINE('',#5258,#5257);
#5260=EDGE_CURVE('',#5169,#5181,#5259,.T.);
#5261=DIRECTION('',(0.0,0.0,-1.0));
#5262=VECTOR('',#5261, 448.0);
#5263=CARTESIAN_POINT('',(-238.06,30.0,0.0));
#5264=LINE('',#5263,#5262);
#5265=EDGE_CURVE('',#5171,#5183,#5264,.T.);
#5266=ORIENTED_EDGE('',*,*,#5188,.T.);
#5267=ORIENTED_EDGE('',*,*,#5245,.T.);
#5268=ORIENTED_EDGE('',*,*,#5214,.F.);
#5269=ORIENTED_EDGE('',*,*,#5240,.F.);
#5270=ORIENTED_EDGE('',*,*,#5193,.T.);
#5271=ORIENTED_EDGE('',*,*,#5250,.T.);
#5272=ORIENTED_EDGE('',*,*,#5219,.F.);
#5273=ORIENTED_EDGE('',*,*,#5245,.F.);
#5274=ORIENTED_EDGE('',*,*,#5198,.T.);
#5275=ORIENTED_EDGE('',*,*,#5255,.T.);
#5276=ORIENTED_EDGE('',*,*,#5224,.F.);
#5277=ORIENTED_EDGE('',*,*,#5250,.F.);
#5278=ORIENTED_EDGE('',*,*,#5204,.T.);
#5279=ORIENTED_EDGE('',*,*,#5260,.T.);
#5280=ORIENTED_EDGE('',*,*,#5230,.F.);
#5281=ORIENTED_EDGE('',*,*,#5255,.F.);
#5282=ORIENTED_EDGE('',*,*,#5209,.T.);
#5283=ORIENTED_EDGE('',*,*,#5265,.T.);
#5284=ORIENTED_EDGE('',*,*,#5235,.F.);
#5285=ORIENTED_EDGE('',*,*,#5260,.F.);
#5286=ORIENTED_EDGE('',*,*,#5188,.T.);
#5287=ORIENTED_EDGE('',*,*,#5193,.T.);
#5288=ORIENTED_EDGE('',*,*,#5198,.T.);
#5289=ORIENTED_EDGE('',*,*,#5204,.T.);
#5290=ORIENTED_EDGE('',*,*,#5209,.T.);
#5291=ORIENTED_EDGE('',*,*,#5214,.T.);
#5292=ORIENTED_EDGE('',*,*,#5219,.T.);
#5293=ORIENTED_EDGE('',*,*,#5224,.T.);
#5294=ORIENTED_EDGE('',*,*,#5230,.T.);
#5295=ORIENTED_EDGE('',*,*,#5235,.T.);
#5296=DIRECTION('',(0.0,-1.0,0.0));
#5297=VECTOR('',#5296, 35.0);
#5298=CARTESIAN_POINT('',(-233.06,35.0,0.0));
#5299=LINE('',#5298,#5297);
#5300=DIRECTION('',(0.0,0.0,-1.0));
#5301=VECTOR('',#5300, 448.0);
#5302=SURFACE_OF_LINEAR_EXTRUSION('',#5299,#5301);
#5303=EDGE_LOOP('',(#5266,#5267,#5268,#5269));
#5304=FACE_OUTER_BOUND('',#5303,.T.);
#5305=ADVANCED_FACE('',(#5304),#5302,.T.);
#5306=DIRECTION('',(-1.0,0.0,0.0));
#5307=VECTOR('',#5306, 35.0);
#5308=CARTESIAN_POINT('',(-233.06,0.0,0.0));
#5309=LINE('',#5308,#5307);
#5310=DIRECTION('',(0.0,0.0,-1.0));
#5311=VECTOR('',#5310, 448.0);
#5312=SURFACE_OF_LINEAR_EXTRUSION('',#5309,#5311);
#5313=EDGE_LOOP('',(#5270,#5271,#5272,#5273));
#5314=FACE_OUTER_BOUND('',#5313,.T.);
#5315=ADVANCED_FACE('',(#5314),#5312,.T.);
#5316=DIRECTION('',(1.0,0.0,0.0));
#5317=VECTOR('',#5316, 20.0);
#5318=CARTESIAN_POINT('',(-263.06,5.0,0.0));
#5319=LINE('',#5318,#5317);
#5320=DIRECTION('',(0.0,0.0,-1.0));
#5321=VECTOR('',#5320, 448.0);
#5322=SURFACE_OF_LINEAR_EXTRUSION('',#5319,#5321);
#5323=EDGE_LOOP('',(#5274,#5275,#5276,#5277));
#5324=FACE_OUTER_BOUND('',#5323,.T.);
#5325=ADVANCED_FACE('',(#5324),#5322,.T.);
#5326=CARTESIAN_POINT('',(-243.06,10.0,0.0));
#5327=DIRECTION('',(0.0,0.0,1.0));
#5328=DIRECTION('',(-1.0,0.0,0.0));
#5329=AXIS2_PLACEMENT_3D('',#5326,#5327,#5328);
#5330=CIRCLE('',#5329,5.0);
#5331=DIRECTION('',(0.0,0.0,-1.0));
#5332=VECTOR('',#5331, 448.0);
#5333=SURFACE_OF_LINEAR_EXTRUSION('',#5330,#5332);
#5334=EDGE_LOOP('',(#5278,#5279,#5280,#5281));
#5335=FACE_OUTER_BOUND('',#5334,.T.);
#5336=ADVANCED_FACE('',(#5335),#5333,.T.);
#5337=DIRECTION('',(0.0,1.0,0.0));
#5338=VECTOR('',#5337, 20.0);
#5339=CARTESIAN_POINT('',(-238.06,10.0,0.0));
#5340=LINE('',#5339,#5338);
#5341=DIRECTION('',(0.0,0.0,-1.0));
#5342=VECTOR('',#5341, 448.0);
#5343=SURFACE_OF_LINEAR_EXTRUSION('',#5340,#5342);
#5344=EDGE_LOOP('',(#5282,#5283,#5284,#5285));
#5345=FACE_OUTER_BOUND('',#5344,.T.);
#5346=ADVANCED_FACE('',(#5345),#5343,.T.);
#5347=CARTESIAN_POINT('',(-233.06,35.0,0.0));
#5348=DIRECTION('',(0.0,0.0,1.0));
#5349=DIRECTION('',(-1.0,0.0,0.0));
#5350=AXIS2_PLACEMENT_3D('',#5347,#5348,#5349);
#5351=PLANE ( 'NONE',#5350);
#5352=EDGE_LOOP('',(#5286,#5287,#5288,#5289,#5290));
#5353=FACE_OUTER_BOUND('',#5352,.F.);
#5354=ADVANCED_FACE('',(#5353),#5351,.F.);
#5355=CARTESIAN_POINT('',(-233.06,35.0,-448.0));
#5356=DIRECTION('',(0.0,0.0,1.0));
#5357=DIRECTION('',(-1.0,0.0,0.0));
#5358=AXIS2_PLACEMENT_3D('',#5355,#5356,#5357);
#5359=PLANE ( 'NONE',#5358);
#5360=EDGE_LOOP('',(#5291,#5292,#5293,#5294,#5295));
#5361=FACE_OUTER_BOUND('',#5360,.T.);
#5362=ADVANCED_FACE('',(#5361),#5359,.T.);
#5363=CLOSED_SHELL('',(#5305,#5315,#5325,#5336,#5346,#5354,#5362));
#5364=MANIFOLD_SOLID_BREP('solid_5363',#5363);
#5365=(NAMED_UNIT(*)SI_UNIT($,.STERADIAN.)SOLID_ANGLE_UNIT());
#5366=(NAMED_UNIT(*)PLANE_ANGLE_UNIT()SI_UNIT($,.RADIAN.));
#5367=(LENGTH_UNIT()NAMED_UNIT(*)SI_UNIT(.MILLI.,.METRE.));
#5368=UNCERTAINTY_MEASURE_WITH_UNIT(LENGTH_MEASURE(1.0E-5),#5367,'DISTANCE_ACCURACY_VALUE','');
#5369=(GEOMETRIC_REPRESENTATION_CONTEXT(3)GLOBAL_UNCERTAINTY_ASSIGNED_CONTEXT((#5368))GLOBAL_UNIT_ASSIGNED_CONTEXT((#5367,#5365,#5366))REPRESENTATION_CONTEXT('None','None'));
#5370=SHAPE_REPRESENTATION('',(#5364),#5369);
#5371=COLOUR_RGB($,0.0,0.0,0.0);
#5372=FILL_AREA_STYLE_COLOUR('',#5371);
#5373=FILL_AREA_STYLE('',(#5372));
#5374=SURFACE_STYLE_FILL_AREA(#5373);
#5375=SURFACE_SIDE_STYLE('',(#5374));
#5376=SURFACE_STYLE_USAGE(.BOTH.,#5375);
#5377=PRESENTATION_STYLE_ASSIGNMENT((#5376));
#5378=STYLED_ITEM('',(#5377),#5364);
#5379=CARTESIAN_POINT('',(-233.06,-285.0,0.0));
#5380=VERTEX_POINT('',#5379);
#5381=CARTESIAN_POINT('',(-233.06,-250.0,0.0));
#5382=VERTEX_POINT('',#5381);
#5383=CARTESIAN_POINT('',(-263.06,-255.0,0.0));
#5384=VERTEX_POINT('',#5383);
#5385=CARTESIAN_POINT('',(-243.06,-255.0,0.0));
#5386=VERTEX_POINT('',#5385);
#5387=CARTESIAN_POINT('',(-238.06,-260.0,0.0));
#5388=VERTEX_POINT('',#5387);
#5389=CARTESIAN_POINT('',(-238.06,-280.0,0.0));
#5390=VERTEX_POINT('',#5389);
#5391=CARTESIAN_POINT('',(-233.06,-285.0,-448.0));
#5392=VERTEX_POINT('',#5391);
#5393=CARTESIAN_POINT('',(-233.06,-250.0,-448.0));
#5394=VERTEX_POINT('',#5393);
#5395=CARTESIAN_POINT('',(-263.06,-255.0,-448.0));
#5396=VERTEX_POINT('',#5395);
#5397=CARTESIAN_POINT('',(-243.06,-255.0,-448.0));
#5398=VERTEX_POINT('',#5397);
#5399=CARTESIAN_POINT('',(-238.06,-260.0,-448.0));
#5400=VERTEX_POINT('',#5399);
#5401=CARTESIAN_POINT('',(-238.06,-280.0,-448.0));
#5402=VERTEX_POINT('',#5401);
#5403=DIRECTION('',(0.0,1.0,0.0));
#5404=VECTOR('',#5403, 35.0);
#5405=CARTESIAN_POINT('',(-233.06,-285.0,0.0));
#5406=LINE('',#5405,#5404);
#5407=EDGE_CURVE('',#5380,#5382,#5406,.T.);
#5408=DIRECTION('',(-1.0,0.0,0.0));
#5409=VECTOR('',#5408, 35.0);
#5410=CARTESIAN_POINT('',(-233.06,-250.0,0.0));
#5411=LINE('',#5410,#5409);
#5412=EDGE_CURVE('',#5382,#5384,#5411,.T.);
#5413=DIRECTION('',(1.0,0.0,0.0));
#5414=VECTOR('',#5413, 20.0);
#5415=CARTESIAN_POINT('',(-263.06,-255.0,0.0));
#5416=LINE('',#5415,#5414);
#5417=EDGE_CURVE('',#5384,#5386,#5416,.T.);
#5418=CARTESIAN_POINT('',(-243.06,-260.0,0.0));
#5419=DIRECTION('',(0.0,0.0,-1.0));
#5420=DIRECTION('',(-1.0,0.0,0.0));
#5421=AXIS2_PLACEMENT_3D('',#5418,#5419,#5420);
#5422=CIRCLE('',#5421,5.0);
#5423=EDGE_CURVE('',#5386,#5388,#5422,.T.);
#5424=DIRECTION('',(0.0,-1.0,0.0));
#5425=VECTOR('',#5424, 20.0);
#5426=CARTESIAN_POINT('',(-238.06,-260.0,0.0));
#5427=LINE('',#5426,#5425);
#5428=EDGE_CURVE('',#5388,#5390,#5427,.T.);
#5429=DIRECTION('',(0.0,1.0,0.0));
#5430=VECTOR('',#5429, 35.0);
#5431=CARTESIAN_POINT('',(-233.06,-285.0,-448.0));
#5432=LINE('',#5431,#5430);
#5433=EDGE_CURVE('',#5392,#5394,#5432,.T.);
#5434=DIRECTION('',(-1.0,0.0,0.0));
#5435=VECTOR('',#5434, 35.0);
#5436=CARTESIAN_POINT('',(-233.06,-250.0,-448.0));
#5437=LINE('',#5436,#5435);
#5438=EDGE_CURVE('',#5394,#5396,#5437,.T.);
#5439=DIRECTION('',(1.0,0.0,0.0));
#5440=VECTOR('',#5439, 20.0);
#5441=CARTESIAN_POINT('',(-263.06,-255.0,-448.0));
#5442=LINE('',#5441,#5440);
#5443=EDGE_CURVE('',#5396,#5398,#5442,.T.);
#5444=CARTESIAN_POINT('',(-243.06,-260.0,-448.0));
#5445=DIRECTION('',(0.0,0.0,-1.0));
#5446=DIRECTION('',(-1.0,0.0,0.0));
#5447=AXIS2_PLACEMENT_3D('',#5444,#5445,#5446);
#5448=CIRCLE('',#5447,5.0);
#5449=EDGE_CURVE('',#5398,#5400,#5448,.T.);
#5450=DIRECTION('',(0.0,-1.0,0.0));
#5451=VECTOR('',#5450, 20.0);
#5452=CARTESIAN_POINT('',(-238.06,-260.0,-448.0));
#5453=LINE('',#5452,#5451);
#5454=EDGE_CURVE('',#5400,#5402,#5453,.T.);
#5455=DIRECTION('',(0.0,0.0,-1.0));
#5456=VECTOR('',#5455, 448.0);
#5457=CARTESIAN_POINT('',(-233.06,-285.0,0.0));
#5458=LINE('',#5457,#5456);
#5459=EDGE_CURVE('',#5380,#5392,#5458,.T.);
#5460=DIRECTION('',(0.0,0.0,-1.0));
#5461=VECTOR('',#5460, 448.0);
#5462=CARTESIAN_POINT('',(-233.06,-250.0,0.0));
#5463=LINE('',#5462,#5461);
#5464=EDGE_CURVE('',#5382,#5394,#5463,.T.);
#5465=DIRECTION('',(0.0,0.0,-1.0));
#5466=VECTOR('',#5465, 448.0);
#5467=CARTESIAN_POINT('',(-263.06,-255.0,0.0));
#5468=LINE('',#5467,#5466);
#5469=EDGE_CURVE('',#5384,#5396,#5468,.T.);
#5470=DIRECTION('',(0.0,0.0,-1.0));
#5471=VECTOR('',#5470, 448.0);
#5472=CARTESIAN_POINT('',(-243.06,-255.0,0.0));
#5473=LINE('',#5472,#5471);
#5474=EDGE_CURVE('',#5386,#5398,#5473,.T.);
#5475=DIRECTION('',(0.0,0.0,-1.0));
#5476=VECTOR('',#5475, 448.0);
#5477=CARTESIAN_POINT('',(-238.06,-260.0,0.0));
#5478=LINE('',#5477,#5476);
#5479=EDGE_CURVE('',#5388,#5400,#5478,.T.);
#5480=DIRECTION('',(0.0,0.0,-1.0));
#5481=VECTOR('',#5480, 448.0);
#5482=CARTESIAN_POINT('',(-238.06,-280.0,0.0));
#5483=LINE('',#5482,#5481);
#5484=EDGE_CURVE('',#5390,#5402,#5483,.T.);
#5485=ORIENTED_EDGE('',*,*,#5407,.T.);
#5486=ORIENTED_EDGE('',*,*,#5464,.T.);
#5487=ORIENTED_EDGE('',*,*,#5433,.F.);
#5488=ORIENTED_EDGE('',*,*,#5459,.F.);
#5489=ORIENTED_EDGE('',*,*,#5412,.T.);
#5490=ORIENTED_EDGE('',*,*,#5469,.T.);
#5491=ORIENTED_EDGE('',*,*,#5438,.F.);
#5492=ORIENTED_EDGE('',*,*,#5464,.F.);
#5493=ORIENTED_EDGE('',*,*,#5417,.T.);
#5494=ORIENTED_EDGE('',*,*,#5474,.T.);
#5495=ORIENTED_EDGE('',*,*,#5443,.F.);
#5496=ORIENTED_EDGE('',*,*,#5469,.F.);
#5497=ORIENTED_EDGE('',*,*,#5423,.T.);
#5498=ORIENTED_EDGE('',*,*,#5479,.T.);
#5499=ORIENTED_EDGE('',*,*,#5449,.F.);
#5500=ORIENTED_EDGE('',*,*,#5474,.F.);
#5501=ORIENTED_EDGE('',*,*,#5428,.T.);
#5502=ORIENTED_EDGE('',*,*,#5484,.T.);
#5503=ORIENTED_EDGE('',*,*,#5454,.F.);
#5504=ORIENTED_EDGE('',*,*,#5479,.F.);
#5505=ORIENTED_EDGE('',*,*,#5407,.T.);
#5506=ORIENTED_EDGE('',*,*,#5412,.T.);
#5507=ORIENTED_EDGE('',*,*,#5417,.T.);
#5508=ORIENTED_EDGE('',*,*,#5423,.T.);
#5509=ORIENTED_EDGE('',*,*,#5428,.T.);
#5510=ORIENTED_EDGE('',*,*,#5433,.T.);
#5511=ORIENTED_EDGE('',*,*,#5438,.T.);
#5512=ORIENTED_EDGE('',*,*,#5443,.T.);
#5513=ORIENTED_EDGE('',*,*,#5449,.T.);
#5514=ORIENTED_EDGE('',*,*,#5454,.T.);
#5515=DIRECTION('',(0.0,1.0,0.0));
#5516=VECTOR('',#5515, 35.0);
#5517=CARTESIAN_POINT('',(-233.06,-285.0,0.0));
#5518=LINE('',#5517,#5516);
#5519=DIRECTION('',(0.0,0.0,1.0));
#5520=VECTOR('',#5519, 448.0);
#5521=SURFACE_OF_LINEAR_EXTRUSION('',#5518,#5520);
#5522=EDGE_LOOP('',(#5485,#5486,#5487,#5488));
#5523=FACE_OUTER_BOUND('',#5522,.F.);
#5524=ADVANCED_FACE('',(#5523),#5521,.T.);
#5525=DIRECTION('',(-1.0,0.0,0.0));
#5526=VECTOR('',#5525, 35.0);
#5527=CARTESIAN_POINT('',(-233.06,-250.0,0.0));
#5528=LINE('',#5527,#5526);
#5529=DIRECTION('',(0.0,0.0,1.0));
#5530=VECTOR('',#5529, 448.0);
#5531=SURFACE_OF_LINEAR_EXTRUSION('',#5528,#5530);
#5532=EDGE_LOOP('',(#5489,#5490,#5491,#5492));
#5533=FACE_OUTER_BOUND('',#5532,.F.);
#5534=ADVANCED_FACE('',(#5533),#5531,.T.);
#5535=DIRECTION('',(1.0,0.0,0.0));
#5536=VECTOR('',#5535, 20.0);
#5537=CARTESIAN_POINT('',(-263.06,-255.0,0.0));
#5538=LINE('',#5537,#5536);
#5539=DIRECTION('',(0.0,0.0,1.0));
#5540=VECTOR('',#5539, 448.0);
#5541=SURFACE_OF_LINEAR_EXTRUSION('',#5538,#5540);
#5542=EDGE_LOOP('',(#5493,#5494,#5495,#5496));
#5543=FACE_OUTER_BOUND('',#5542,.F.);
#5544=ADVANCED_FACE('',(#5543),#5541,.T.);
#5545=CARTESIAN_POINT('',(-243.06,-260.0,0.0));
#5546=DIRECTION('',(0.0,0.0,-1.0));
#5547=DIRECTION('',(-1.0,0.0,0.0));
#5548=AXIS2_PLACEMENT_3D('',#5545,#5546,#5547);
#5549=CIRCLE('',#5548,5.0);
#5550=DIRECTION('',(0.0,0.0,1.0));
#5551=VECTOR('',#5550, 448.0);
#5552=SURFACE_OF_LINEAR_EXTRUSION('',#5549,#5551);
#5553=EDGE_LOOP('',(#5497,#5498,#5499,#5500));
#5554=FACE_OUTER_BOUND('',#5553,.F.);
#5555=ADVANCED_FACE('',(#5554),#5552,.T.);
#5556=DIRECTION('',(0.0,-1.0,0.0));
#5557=VECTOR('',#5556, 20.0);
#5558=CARTESIAN_POINT('',(-238.06,-260.0,0.0));
#5559=LINE('',#5558,#5557);
#5560=DIRECTION('',(0.0,0.0,1.0));
#5561=VECTOR('',#5560, 448.0);
#5562=SURFACE_OF_LINEAR_EXTRUSION('',#5559,#5561);
#5563=EDGE_LOOP('',(#5501,#5502,#5503,#5504));
#5564=FACE_OUTER_BOUND('',#5563,.F.);
#5565=ADVANCED_FACE('',(#5564),#5562,.T.);
#5566=CARTESIAN_POINT('',(-233.06,-285.0,0.0));
#5567=DIRECTION('',(0.0,0.0,1.0));
#5568=DIRECTION('',(-1.0,0.0,0.0));
#5569=AXIS2_PLACEMENT_3D('',#5566,#5567,#5568);
#5570=PLANE ( 'NONE',#5569);
#5571=EDGE_LOOP('',(#5505,#5506,#5507,#5508,#5509));
#5572=FACE_OUTER_BOUND('',#5571,.T.);
#5573=ADVANCED_FACE('',(#5572),#5570,.F.);
#5574=CARTESIAN_POINT('',(-233.06,-285.0,-448.0));
#5575=DIRECTION('',(0.0,0.0,1.0));
#5576=DIRECTION('',(-1.0,0.0,0.0));
#5577=AXIS2_PLACEMENT_3D('',#5574,#5575,#5576);
#5578=PLANE ( 'NONE',#5577);
#5579=EDGE_LOOP('',(#5510,#5511,#5512,#5513,#5514));
#5580=FACE_OUTER_BOUND('',#5579,.F.);
#5581=ADVANCED_FACE('',(#5580),#5578,.T.);
#5582=CLOSED_SHELL('',(#5524,#5534,#5544,#5555,#5565,#5573,#5581));
#5583=MANIFOLD_SOLID_BREP('solid_5582',#5582);
#5584=(NAMED_UNIT(*)SI_UNIT($,.STERADIAN.)SOLID_ANGLE_UNIT());
#5585=(NAMED_UNIT(*)PLANE_ANGLE_UNIT()SI_UNIT($,.RADIAN.));
#5586=(LENGTH_UNIT()NAMED_UNIT(*)SI_UNIT(.MILLI.,.METRE.));
#5587=UNCERTAINTY_MEASURE_WITH_UNIT(LENGTH_MEASURE(1.0E-5),#5586,'DISTANCE_ACCURACY_VALUE','');
#5588=(GEOMETRIC_REPRESENTATION_CONTEXT(3)GLOBAL_UNCERTAINTY_ASSIGNED_CONTEXT((#5587))GLOBAL_UNIT_ASSIGNED_CONTEXT((#5586,#5584,#5585))REPRESENTATION_CONTEXT('None','None'));
#5589=SHAPE_REPRESENTATION('',(#5583),#5588);
#5590=COLOUR_RGB($,0.0,0.0,0.0);
#5591=FILL_AREA_STYLE_COLOUR('',#5590);
#5592=FILL_AREA_STYLE('',(#5591));
#5593=SURFACE_STYLE_FILL_AREA(#5592);
#5594=SURFACE_SIDE_STYLE('',(#5593));
#5595=SURFACE_STYLE_USAGE(.BOTH.,#5594);
#5596=PRESENTATION_STYLE_ASSIGNMENT((#5595));
#5597=STYLED_ITEM('',(#5596),#5583);
#5598=CARTESIAN_POINT('',(-233.06,35.0,0.0));
#5599=VERTEX_POINT('',#5598);
#5600=CARTESIAN_POINT('',(-233.06,0.0,0.0));
#5601=VERTEX_POINT('',#5600);
#5602=CARTESIAN_POINT('',(-263.06,5.0,0.0));
#5603=VERTEX_POINT('',#5602);
#5604=CARTESIAN_POINT('',(-243.06,5.0,0.0));
#5605=VERTEX_POINT('',#5604);
#5606=CARTESIAN_POINT('',(-238.06,10.0,0.0));
#5607=VERTEX_POINT('',#5606);
#5608=CARTESIAN_POINT('',(-238.06,30.0,0.0));
#5609=VERTEX_POINT('',#5608);
#5610=CARTESIAN_POINT('',(-233.06,35.0,-448.0));
#5611=VERTEX_POINT('',#5610);
#5612=CARTESIAN_POINT('',(-233.06,0.0,-448.0));
#5613=VERTEX_POINT('',#5612);
#5614=CARTESIAN_POINT('',(-263.06,5.0,-448.0));
#5615=VERTEX_POINT('',#5614);
#5616=CARTESIAN_POINT('',(-243.06,5.0,-448.0));
#5617=VERTEX_POINT('',#5616);
#5618=CARTESIAN_POINT('',(-238.06,10.0,-448.0));
#5619=VERTEX_POINT('',#5618);
#5620=CARTESIAN_POINT('',(-238.06,30.0,-448.0));
#5621=VERTEX_POINT('',#5620);
#5622=DIRECTION('',(0.0,-1.0,0.0));
#5623=VECTOR('',#5622, 35.0);
#5624=CARTESIAN_POINT('',(-233.06,35.0,0.0));
#5625=LINE('',#5624,#5623);
#5626=EDGE_CURVE('',#5599,#5601,#5625,.T.);
#5627=DIRECTION('',(-1.0,0.0,0.0));
#5628=VECTOR('',#5627, 35.0);
#5629=CARTESIAN_POINT('',(-233.06,0.0,0.0));
#5630=LINE('',#5629,#5628);
#5631=EDGE_CURVE('',#5601,#5603,#5630,.T.);
#5632=DIRECTION('',(1.0,0.0,0.0));
#5633=VECTOR('',#5632, 20.0);
#5634=CARTESIAN_POINT('',(-263.06,5.0,0.0));
#5635=LINE('',#5634,#5633);
#5636=EDGE_CURVE('',#5603,#5605,#5635,.T.);
#5637=CARTESIAN_POINT('',(-243.06,10.0,0.0));
#5638=DIRECTION('',(0.0,0.0,1.0));
#5639=DIRECTION('',(-1.0,0.0,0.0));
#5640=AXIS2_PLACEMENT_3D('',#5637,#5638,#5639);
#5641=CIRCLE('',#5640,5.0);
#5642=EDGE_CURVE('',#5605,#5607,#5641,.T.);
#5643=DIRECTION('',(0.0,1.0,0.0));
#5644=VECTOR('',#5643, 20.0);
#5645=CARTESIAN_POINT('',(-238.06,10.0,0.0));
#5646=LINE('',#5645,#5644);
#5647=EDGE_CURVE('',#5607,#5609,#5646,.T.);
#5648=DIRECTION('',(0.0,-1.0,0.0));
#5649=VECTOR('',#5648, 35.0);
#5650=CARTESIAN_POINT('',(-233.06,35.0,-448.0));
#5651=LINE('',#5650,#5649);
#5652=EDGE_CURVE('',#5611,#5613,#5651,.T.);
#5653=DIRECTION('',(-1.0,0.0,0.0));
#5654=VECTOR('',#5653, 35.0);
#5655=CARTESIAN_POINT('',(-233.06,0.0,-448.0));
#5656=LINE('',#5655,#5654);
#5657=EDGE_CURVE('',#5613,#5615,#5656,.T.);
#5658=DIRECTION('',(1.0,0.0,0.0));
#5659=VECTOR('',#5658, 20.0);
#5660=CARTESIAN_POINT('',(-263.06,5.0,-448.0));
#5661=LINE('',#5660,#5659);
#5662=EDGE_CURVE('',#5615,#5617,#5661,.T.);
#5663=CARTESIAN_POINT('',(-243.06,10.0,-448.0));
#5664=DIRECTION('',(0.0,0.0,1.0));
#5665=DIRECTION('',(-1.0,0.0,0.0));
#5666=AXIS2_PLACEMENT_3D('',#5663,#5664,#5665);
#5667=CIRCLE('',#5666,5.0);
#5668=EDGE_CURVE('',#5617,#5619,#5667,.T.);
#5669=DIRECTION('',(0.0,1.0,0.0));
#5670=VECTOR('',#5669, 20.0);
#5671=CARTESIAN_POINT('',(-238.06,10.0,-448.0));
#5672=LINE('',#5671,#5670);
#5673=EDGE_CURVE('',#5619,#5621,#5672,.T.);
#5674=DIRECTION('',(0.0,0.0,-1.0));
#5675=VECTOR('',#5674, 448.0);
#5676=CARTESIAN_POINT('',(-233.06,35.0,0.0));
#5677=LINE('',#5676,#5675);
#5678=EDGE_CURVE('',#5599,#5611,#5677,.T.);
#5679=DIRECTION('',(0.0,0.0,-1.0));
#5680=VECTOR('',#5679, 448.0);
#5681=CARTESIAN_POINT('',(-233.06,0.0,0.0));
#5682=LINE('',#5681,#5680);
#5683=EDGE_CURVE('',#5601,#5613,#5682,.T.);
#5684=DIRECTION('',(0.0,0.0,-1.0));
#5685=VECTOR('',#5684, 448.0);
#5686=CARTESIAN_POINT('',(-263.06,5.0,0.0));
#5687=LINE('',#5686,#5685);
#5688=EDGE_CURVE('',#5603,#5615,#5687,.T.);
#5689=DIRECTION('',(0.0,0.0,-1.0));
#5690=VECTOR('',#5689, 448.0);
#5691=CARTESIAN_POINT('',(-243.06,5.0,0.0));
#5692=LINE('',#5691,#5690);
#5693=EDGE_CURVE('',#5605,#5617,#5692,.T.);
#5694=DIRECTION('',(0.0,0.0,-1.0));
#5695=VECTOR('',#5694, 448.0);
#5696=CARTESIAN_POINT('',(-238.06,10.0,0.0));
#5697=LINE('',#5696,#5695);
#5698=EDGE_CURVE('',#5607,#5619,#5697,.T.);
#5699=DIRECTION('',(0.0,0.0,-1.0));
#5700=VECTOR('',#5699, 448.0);
#5701=CARTESIAN_POINT('',(-238.06,30.0,0.0));
#5702=LINE('',#5701,#5700);
#5703=EDGE_CURVE('',#5609,#5621,#5702,.T.);
#5704=ORIENTED_EDGE('',*,*,#5626,.T.);
#5705=ORIENTED_EDGE('',*,*,#5683,.T.);
#5706=ORIENTED_EDGE('',*,*,#5652,.F.);
#5707=ORIENTED_EDGE('',*,*,#5678,.F.);
#5708=ORIENTED_EDGE('',*,*,#5631,.T.);
#5709=ORIENTED_EDGE('',*,*,#5688,.T.);
#5710=ORIENTED_EDGE('',*,*,#5657,.F.);
#5711=ORIENTED_EDGE('',*,*,#5683,.F.);
#5712=ORIENTED_EDGE('',*,*,#5636,.T.);
#5713=ORIENTED_EDGE('',*,*,#5693,.T.);
#5714=ORIENTED_EDGE('',*,*,#5662,.F.);
#5715=ORIENTED_EDGE('',*,*,#5688,.F.);
#5716=ORIENTED_EDGE('',*,*,#5642,.T.);
#5717=ORIENTED_EDGE('',*,*,#5698,.T.);
#5718=ORIENTED_EDGE('',*,*,#5668,.F.);
#5719=ORIENTED_EDGE('',*,*,#5693,.F.);
#5720=ORIENTED_EDGE('',*,*,#5647,.T.);
#5721=ORIENTED_EDGE('',*,*,#5703,.T.);
#5722=ORIENTED_EDGE('',*,*,#5673,.F.);
#5723=ORIENTED_EDGE('',*,*,#5698,.F.);
#5724=ORIENTED_EDGE('',*,*,#5626,.T.);
#5725=ORIENTED_EDGE('',*,*,#5631,.T.);
#5726=ORIENTED_EDGE('',*,*,#5636,.T.);
#5727=ORIENTED_EDGE('',*,*,#5642,.T.);
#5728=ORIENTED_EDGE('',*,*,#5647,.T.);
#5729=ORIENTED_EDGE('',*,*,#5652,.T.);
#5730=ORIENTED_EDGE('',*,*,#5657,.T.);
#5731=ORIENTED_EDGE('',*,*,#5662,.T.);
#5732=ORIENTED_EDGE('',*,*,#5668,.T.);
#5733=ORIENTED_EDGE('',*,*,#5673,.T.);
#5734=DIRECTION('',(0.0,-1.0,0.0));
#5735=VECTOR('',#5734, 35.0);
#5736=CARTESIAN_POINT('',(-233.06,35.0,0.0));
#5737=LINE('',#5736,#5735);
#5738=DIRECTION('',(0.0,0.0,-1.0));
#5739=VECTOR('',#5738, 448.0);
#5740=SURFACE_OF_LINEAR_EXTRUSION('',#5737,#5739);
#5741=EDGE_LOOP('',(#5704,#5705,#5706,#5707));
#5742=FACE_OUTER_BOUND('',#5741,.T.);
#5743=ADVANCED_FACE('',(#5742),#5740,.T.);
#5744=DIRECTION('',(-1.0,0.0,0.0));
#5745=VECTOR('',#5744, 35.0);
#5746=CARTESIAN_POINT('',(-233.06,0.0,0.0));
#5747=LINE('',#5746,#5745);
#5748=DIRECTION('',(0.0,0.0,-1.0));
#5749=VECTOR('',#5748, 448.0);
#5750=SURFACE_OF_LINEAR_EXTRUSION('',#5747,#5749);
#5751=EDGE_LOOP('',(#5708,#5709,#5710,#5711));
#5752=FACE_OUTER_BOUND('',#5751,.T.);
#5753=ADVANCED_FACE('',(#5752),#5750,.T.);
#5754=DIRECTION('',(1.0,0.0,0.0));
#5755=VECTOR('',#5754, 20.0);
#5756=CARTESIAN_POINT('',(-263.06,5.0,0.0));
#5757=LINE('',#5756,#5755);
#5758=DIRECTION('',(0.0,0.0,-1.0));
#5759=VECTOR('',#5758, 448.0);
#5760=SURFACE_OF_LINEAR_EXTRUSION('',#5757,#5759);
#5761=EDGE_LOOP('',(#5712,#5713,#5714,#5715));
#5762=FACE_OUTER_BOUND('',#5761,.T.);
#5763=ADVANCED_FACE('',(#5762),#5760,.T.);
#5764=CARTESIAN_POINT('',(-243.06,10.0,0.0));
#5765=DIRECTION('',(0.0,0.0,1.0));
#5766=DIRECTION('',(-1.0,0.0,0.0));
#5767=AXIS2_PLACEMENT_3D('',#5764,#5765,#5766);
#5768=CIRCLE('',#5767,5.0);
#5769=DIRECTION('',(0.0,0.0,-1.0));
#5770=VECTOR('',#5769, 448.0);
#5771=SURFACE_OF_LINEAR_EXTRUSION('',#5768,#5770);
#5772=EDGE_LOOP('',(#5716,#5717,#5718,#5719));
#5773=FACE_OUTER_BOUND('',#5772,.T.);
#5774=ADVANCED_FACE('',(#5773),#5771,.T.);
#5775=DIRECTION('',(0.0,1.0,0.0));
#5776=VECTOR('',#5775, 20.0);
#5777=CARTESIAN_POINT('',(-238.06,10.0,0.0));
#5778=LINE('',#5777,#5776);
#5779=DIRECTION('',(0.0,0.0,-1.0));
#5780=VECTOR('',#5779, 448.0);
#5781=SURFACE_OF_LINEAR_EXTRUSION('',#5778,#5780);
#5782=EDGE_LOOP('',(#5720,#5721,#5722,#5723));
#5783=FACE_OUTER_BOUND('',#5782,.T.);
#5784=ADVANCED_FACE('',(#5783),#5781,.T.);
#5785=CARTESIAN_POINT('',(-233.06,35.0,0.0));
#5786=DIRECTION('',(0.0,0.0,1.0));
#5787=DIRECTION('',(-1.0,0.0,0.0));
#5788=AXIS2_PLACEMENT_3D('',#5785,#5786,#5787);
#5789=PLANE ( 'NONE',#5788);
#5790=EDGE_LOOP('',(#5724,#5725,#5726,#5727,#5728));
#5791=FACE_OUTER_BOUND('',#5790,.F.);
#5792=ADVANCED_FACE('',(#5791),#5789,.F.);
#5793=CARTESIAN_POINT('',(-233.06,35.0,-448.0));
#5794=DIRECTION('',(0.0,0.0,1.0));
#5795=DIRECTION('',(-1.0,0.0,0.0));
#5796=AXIS2_PLACEMENT_3D('',#5793,#5794,#5795);
#5797=PLANE ( 'NONE',#5796);
#5798=EDGE_LOOP('',(#5729,#5730,#5731,#5732,#5733));
#5799=FACE_OUTER_BOUND('',#5798,.T.);
#5800=ADVANCED_FACE('',(#5799),#5797,.T.);
#5801=CLOSED_SHELL('',(#5743,#5753,#5763,#5774,#5784,#5792,#5800));
#5802=MANIFOLD_SOLID_BREP('solid_5801',#5801);
#5803=(NAMED_UNIT(*)SI_UNIT($,.STERADIAN.)SOLID_ANGLE_UNIT());
#5804=(NAMED_UNIT(*)PLANE_ANGLE_UNIT()SI_UNIT($,.RADIAN.));
#5805=(LENGTH_UNIT()NAMED_UNIT(*)SI_UNIT(.MILLI.,.METRE.));
#5806=UNCERTAINTY_MEASURE_WITH_UNIT(LENGTH_MEASURE(1.0E-5),#5805,'DISTANCE_ACCURACY_VALUE','');
#5807=(GEOMETRIC_REPRESENTATION_CONTEXT(3)GLOBAL_UNCERTAINTY_ASSIGNED_CONTEXT((#5806))GLOBAL_UNIT_ASSIGNED_CONTEXT((#5805,#5803,#5804))REPRESENTATION_CONTEXT('None','None'));
#5808=SHAPE_REPRESENTATION('',(#5802),#5807);
#5809=COLOUR_RGB($,0.0,0.0,0.0);
#5810=FILL_AREA_STYLE_COLOUR('',#5809);
#5811=FILL_AREA_STYLE('',(#5810));
#5812=SURFACE_STYLE_FILL_AREA(#5811);
#5813=SURFACE_SIDE_STYLE('',(#5812));
#5814=SURFACE_STYLE_USAGE(.BOTH.,#5813);
#5815=PRESENTATION_STYLE_ASSIGNMENT((#5814));
#5816=STYLED_ITEM('',(#5815),#5802);
#5817=CARTESIAN_POINT('',(251.9,35.0,0.0));
#5818=VERTEX_POINT('',#5817);
#5819=CARTESIAN_POINT('',(251.9,0.0,0.0));
#5820=VERTEX_POINT('',#5819);
#5821=CARTESIAN_POINT('',(221.9,5.0,0.0));
#5822=VERTEX_POINT('',#5821);
#5823=CARTESIAN_POINT('',(241.9,5.0,0.0));
#5824=VERTEX_POINT('',#5823);
#5825=CARTESIAN_POINT('',(246.9,10.0,0.0));
#5826=VERTEX_POINT('',#5825);
#5827=CARTESIAN_POINT('',(246.9,30.0,0.0));
#5828=VERTEX_POINT('',#5827);
#5829=CARTESIAN_POINT('',(251.9,35.0,134.002388038423));
#5830=VERTEX_POINT('',#5829);
#5831=CARTESIAN_POINT('',(251.9,0.0,134.002388038423));
#5832=VERTEX_POINT('',#5831);
#5833=CARTESIAN_POINT('',(221.9,5.0,134.002388038423));
#5834=VERTEX_POINT('',#5833);
#5835=CARTESIAN_POINT('',(241.9,5.0,134.002388038423));
#5836=VERTEX_POINT('',#5835);
#5837=CARTESIAN_POINT('',(246.9,10.0,134.002388038423));
#5838=VERTEX_POINT('',#5837);
#5839=CARTESIAN_POINT('',(246.9,30.0,134.002388038423));
#5840=VERTEX_POINT('',#5839);
#5841=DIRECTION('',(0.0,-1.0,0.0));
#5842=VECTOR('',#5841, 35.0);
#5843=CARTESIAN_POINT('',(251.9,35.0,0.0));
#5844=LINE('',#5843,#5842);
#5845=EDGE_CURVE('',#5818,#5820,#5844,.T.);
#5846=DIRECTION('',(-1.0,0.0,0.0));
#5847=VECTOR('',#5846, 35.0);
#5848=CARTESIAN_POINT('',(251.9,0.0,0.0));
#5849=LINE('',#5848,#5847);
#5850=EDGE_CURVE('',#5820,#5822,#5849,.T.);
#5851=DIRECTION('',(1.0,0.0,0.0));
#5852=VECTOR('',#5851, 20.0);
#5853=CARTESIAN_POINT('',(221.9,5.0,0.0));
#5854=LINE('',#5853,#5852);
#5855=EDGE_CURVE('',#5822,#5824,#5854,.T.);
#5856=CARTESIAN_POINT('',(241.9,10.0,0.0));
#5857=DIRECTION('',(0.0,0.0,1.0));
#5858=DIRECTION('',(-1.0,0.0,0.0));
#5859=AXIS2_PLACEMENT_3D('',#5856,#5857,#5858);
#5860=CIRCLE('',#5859,5.0);
#5861=EDGE_CURVE('',#5824,#5826,#5860,.T.);
#5862=DIRECTION('',(0.0,1.0,0.0));
#5863=VECTOR('',#5862, 20.0);
#5864=CARTESIAN_POINT('',(246.9,10.0,0.0));
#5865=LINE('',#5864,#5863);
#5866=EDGE_CURVE('',#5826,#5828,#5865,.T.);
#5867=DIRECTION('',(0.0,-1.0,0.0));
#5868=VECTOR('',#5867, 35.0);
#5869=CARTESIAN_POINT('',(251.9,35.0,134.002388038423));
#5870=LINE('',#5869,#5868);
#5871=EDGE_CURVE('',#5830,#5832,#5870,.T.);
#5872=DIRECTION('',(-1.0,0.0,0.0));
#5873=VECTOR('',#5872, 35.0);
#5874=CARTESIAN_POINT('',(251.9,0.0,134.002388038423));
#5875=LINE('',#5874,#5873);
#5876=EDGE_CURVE('',#5832,#5834,#5875,.T.);
#5877=DIRECTION('',(1.0,0.0,0.0));
#5878=VECTOR('',#5877, 20.0);
#5879=CARTESIAN_POINT('',(221.9,5.0,134.002388038423));
#5880=LINE('',#5879,#5878);
#5881=EDGE_CURVE('',#5834,#5836,#5880,.T.);
#5882=CARTESIAN_POINT('',(241.9,10.0,134.002388038423));
#5883=DIRECTION('',(0.0,0.0,1.0));
#5884=DIRECTION('',(-1.0,0.0,0.0));
#5885=AXIS2_PLACEMENT_3D('',#5882,#5883,#5884);
#5886=CIRCLE('',#5885,5.0);
#5887=EDGE_CURVE('',#5836,#5838,#5886,.T.);
#5888=DIRECTION('',(0.0,1.0,0.0));
#5889=VECTOR('',#5888, 20.0);
#5890=CARTESIAN_POINT('',(246.9,10.0,134.002388038423));
#5891=LINE('',#5890,#5889);
#5892=EDGE_CURVE('',#5838,#5840,#5891,.T.);
#5893=DIRECTION('',(0.0,0.0,1.0));
#5894=VECTOR('',#5893, 134.002388038423);
#5895=CARTESIAN_POINT('',(251.9,35.0,0.0));
#5896=LINE('',#5895,#5894);
#5897=EDGE_CURVE('',#5818,#5830,#5896,.T.);
#5898=DIRECTION('',(0.0,0.0,1.0));
#5899=VECTOR('',#5898, 134.002388038423);
#5900=CARTESIAN_POINT('',(251.9,0.0,0.0));
#5901=LINE('',#5900,#5899);
#5902=EDGE_CURVE('',#5820,#5832,#5901,.T.);
#5903=DIRECTION('',(0.0,0.0,1.0));
#5904=VECTOR('',#5903, 134.002388038423);
#5905=CARTESIAN_POINT('',(221.9,5.0,0.0));
#5906=LINE('',#5905,#5904);
#5907=EDGE_CURVE('',#5822,#5834,#5906,.T.);
#5908=DIRECTION('',(0.0,0.0,1.0));
#5909=VECTOR('',#5908, 134.002388038423);
#5910=CARTESIAN_POINT('',(241.9,5.0,0.0));
#5911=LINE('',#5910,#5909);
#5912=EDGE_CURVE('',#5824,#5836,#5911,.T.);
#5913=DIRECTION('',(0.0,0.0,1.0));
#5914=VECTOR('',#5913, 134.002388038423);
#5915=CARTESIAN_POINT('',(246.9,10.0,0.0));
#5916=LINE('',#5915,#5914);
#5917=EDGE_CURVE('',#5826,#5838,#5916,.T.);
#5918=DIRECTION('',(0.0,0.0,1.0));
#5919=VECTOR('',#5918, 134.002388038423);
#5920=CARTESIAN_POINT('',(246.9,30.0,0.0));
#5921=LINE('',#5920,#5919);
#5922=EDGE_CURVE('',#5828,#5840,#5921,.T.);
#5923=ORIENTED_EDGE('',*,*,#5845,.T.);
#5924=ORIENTED_EDGE('',*,*,#5902,.T.);
#5925=ORIENTED_EDGE('',*,*,#5871,.F.);
#5926=ORIENTED_EDGE('',*,*,#5897,.F.);
#5927=ORIENTED_EDGE('',*,*,#5850,.T.);
#5928=ORIENTED_EDGE('',*,*,#5907,.T.);
#5929=ORIENTED_EDGE('',*,*,#5876,.F.);
#5930=ORIENTED_EDGE('',*,*,#5902,.F.);
#5931=ORIENTED_EDGE('',*,*,#5855,.T.);
#5932=ORIENTED_EDGE('',*,*,#5912,.T.);
#5933=ORIENTED_EDGE('',*,*,#5881,.F.);
#5934=ORIENTED_EDGE('',*,*,#5907,.F.);
#5935=ORIENTED_EDGE('',*,*,#5861,.T.);
#5936=ORIENTED_EDGE('',*,*,#5917,.T.);
#5937=ORIENTED_EDGE('',*,*,#5887,.F.);
#5938=ORIENTED_EDGE('',*,*,#5912,.F.);
#5939=ORIENTED_EDGE('',*,*,#5866,.T.);
#5940=ORIENTED_EDGE('',*,*,#5922,.T.);
#5941=ORIENTED_EDGE('',*,*,#5892,.F.);
#5942=ORIENTED_EDGE('',*,*,#5917,.F.);
#5943=ORIENTED_EDGE('',*,*,#5845,.T.);
#5944=ORIENTED_EDGE('',*,*,#5850,.T.);
#5945=ORIENTED_EDGE('',*,*,#5855,.T.);
#5946=ORIENTED_EDGE('',*,*,#5861,.T.);
#5947=ORIENTED_EDGE('',*,*,#5866,.T.);
#5948=ORIENTED_EDGE('',*,*,#5871,.T.);
#5949=ORIENTED_EDGE('',*,*,#5876,.T.);
#5950=ORIENTED_EDGE('',*,*,#5881,.T.);
#5951=ORIENTED_EDGE('',*,*,#5887,.T.);
#5952=ORIENTED_EDGE('',*,*,#5892,.T.);
#5953=DIRECTION('',(0.0,-1.0,0.0));
#5954=VECTOR('',#5953, 35.0);
#5955=CARTESIAN_POINT('',(251.9,35.0,0.0));
#5956=LINE('',#5955,#5954);
#5957=DIRECTION('',(0.0,0.0,1.0));
#5958=VECTOR('',#5957, 134.002388038423);
#5959=SURFACE_OF_LINEAR_EXTRUSION('',#5956,#5958);
#5960=EDGE_LOOP('',(#5923,#5924,#5925,#5926));
#5961=FACE_OUTER_BOUND('',#5960,.F.);
#5962=ADVANCED_FACE('',(#5961),#5959,.F.);
#5963=DIRECTION('',(-1.0,0.0,0.0));
#5964=VECTOR('',#5963, 35.0);
#5965=CARTESIAN_POINT('',(251.9,0.0,0.0));
#5966=LINE('',#5965,#5964);
#5967=DIRECTION('',(0.0,0.0,1.0));
#5968=VECTOR('',#5967, 134.002388038423);
#5969=SURFACE_OF_LINEAR_EXTRUSION('',#5966,#5968);
#5970=EDGE_LOOP('',(#5927,#5928,#5929,#5930));
#5971=FACE_OUTER_BOUND('',#5970,.F.);
#5972=ADVANCED_FACE('',(#5971),#5969,.F.);
#5973=DIRECTION('',(1.0,0.0,0.0));
#5974=VECTOR('',#5973, 20.0);
#5975=CARTESIAN_POINT('',(221.9,5.0,0.0));
#5976=LINE('',#5975,#5974);
#5977=DIRECTION('',(0.0,0.0,1.0));
#5978=VECTOR('',#5977, 134.002388038423);
#5979=SURFACE_OF_LINEAR_EXTRUSION('',#5976,#5978);
#5980=EDGE_LOOP('',(#5931,#5932,#5933,#5934));
#5981=FACE_OUTER_BOUND('',#5980,.F.);
#5982=ADVANCED_FACE('',(#5981),#5979,.F.);
#5983=CARTESIAN_POINT('',(241.9,10.0,0.0));
#5984=DIRECTION('',(0.0,0.0,1.0));
#5985=DIRECTION('',(-1.0,0.0,0.0));
#5986=AXIS2_PLACEMENT_3D('',#5983,#5984,#5985);
#5987=CIRCLE('',#5986,5.0);
#5988=DIRECTION('',(0.0,0.0,1.0));
#5989=VECTOR('',#5988, 134.002388038423);
#5990=SURFACE_OF_LINEAR_EXTRUSION('',#5987,#5989);
#5991=EDGE_LOOP('',(#5935,#5936,#5937,#5938));
#5992=FACE_OUTER_BOUND('',#5991,.F.);
#5993=ADVANCED_FACE('',(#5992),#5990,.F.);
#5994=DIRECTION('',(0.0,1.0,0.0));
#5995=VECTOR('',#5994, 20.0);
#5996=CARTESIAN_POINT('',(246.9,10.0,0.0));
#5997=LINE('',#5996,#5995);
#5998=DIRECTION('',(0.0,0.0,1.0));
#5999=VECTOR('',#5998, 134.002388038423);
#6000=SURFACE_OF_LINEAR_EXTRUSION('',#5997,#5999);
#6001=EDGE_LOOP('',(#5939,#5940,#5941,#5942));
#6002=FACE_OUTER_BOUND('',#6001,.F.);
#6003=ADVANCED_FACE('',(#6002),#6000,.F.);
#6004=CARTESIAN_POINT('',(251.9,35.0,0.0));
#6005=DIRECTION('',(0.0,0.0,1.0));
#6006=DIRECTION('',(-1.0,0.0,0.0));
#6007=AXIS2_PLACEMENT_3D('',#6004,#6005,#6006);
#6008=PLANE ( 'NONE',#6007);
#6009=EDGE_LOOP('',(#5943,#5944,#5945,#5946,#5947));
#6010=FACE_OUTER_BOUND('',#6009,.T.);
#6011=ADVANCED_FACE('',(#6010),#6008,.T.);
#6012=CARTESIAN_POINT('',(251.9,35.0,134.002388038423));
#6013=DIRECTION('',(0.0,0.0,1.0));
#6014=DIRECTION('',(-1.0,0.0,0.0));
#6015=AXIS2_PLACEMENT_3D('',#6012,#6013,#6014);
#6016=PLANE ( 'NONE',#6015);
#6017=EDGE_LOOP('',(#5948,#5949,#5950,#5951,#5952));
#6018=FACE_OUTER_BOUND('',#6017,.F.);
#6019=ADVANCED_FACE('',(#6018),#6016,.F.);
#6020=CLOSED_SHELL('',(#5962,#5972,#5982,#5993,#6003,#6011,#6019));
#6021=MANIFOLD_SOLID_BREP('solid_6020',#6020);
#6022=(NAMED_UNIT(*)SI_UNIT($,.STERADIAN.)SOLID_ANGLE_UNIT());
#6023=(NAMED_UNIT(*)PLANE_ANGLE_UNIT()SI_UNIT($,.RADIAN.));
#6024=(LENGTH_UNIT()NAMED_UNIT(*)SI_UNIT(.MILLI.,.METRE.));
#6025=UNCERTAINTY_MEASURE_WITH_UNIT(LENGTH_MEASURE(1.0E-5),#6024,'DISTANCE_ACCURACY_VALUE','');
#6026=(GEOMETRIC_REPRESENTATION_CONTEXT(3)GLOBAL_UNCERTAINTY_ASSIGNED_CONTEXT((#6025))GLOBAL_UNIT_ASSIGNED_CONTEXT((#6024,#6022,#6023))REPRESENTATION_CONTEXT('None','None'));
#6027=SHAPE_REPRESENTATION('',(#6021),#6026);
#6028=COLOUR_RGB($,0.0,0.0,0.0);
#6029=FILL_AREA_STYLE_COLOUR('',#6028);
#6030=FILL_AREA_STYLE('',(#6029));
#6031=SURFACE_STYLE_FILL_AREA(#6030);
#6032=SURFACE_SIDE_STYLE('',(#6031));
#6033=SURFACE_STYLE_USAGE(.BOTH.,#6032);
#6034=PRESENTATION_STYLE_ASSIGNMENT((#6033));
#6035=STYLED_ITEM('',(#6034),#6021);
#6036=CARTESIAN_POINT('',(251.9,-285.0,0.0));
#6037=VERTEX_POINT('',#6036);
#6038=CARTESIAN_POINT('',(251.9,-250.0,0.0));
#6039=VERTEX_POINT('',#6038);
#6040=CARTESIAN_POINT('',(221.9,-255.0,0.0));
#6041=VERTEX_POINT('',#6040);
#6042=CARTESIAN_POINT('',(241.9,-255.0,0.0));
#6043=VERTEX_POINT('',#6042);
#6044=CARTESIAN_POINT('',(246.9,-260.0,0.0));
#6045=VERTEX_POINT('',#6044);
#6046=CARTESIAN_POINT('',(246.9,-280.0,0.0));
#6047=VERTEX_POINT('',#6046);
#6048=CARTESIAN_POINT('',(251.9,-285.0,134.002388038423));
#6049=VERTEX_POINT('',#6048);
#6050=CARTESIAN_POINT('',(251.9,-250.0,134.002388038423));
#6051=VERTEX_POINT('',#6050);
#6052=CARTESIAN_POINT('',(221.9,-255.0,134.002388038423));
#6053=VERTEX_POINT('',#6052);
#6054=CARTESIAN_POINT('',(241.9,-255.0,134.002388038423));
#6055=VERTEX_POINT('',#6054);
#6056=CARTESIAN_POINT('',(246.9,-260.0,134.002388038423));
#6057=VERTEX_POINT('',#6056);
#6058=CARTESIAN_POINT('',(246.9,-280.0,134.002388038423));
#6059=VERTEX_POINT('',#6058);
#6060=DIRECTION('',(0.0,1.0,0.0));
#6061=VECTOR('',#6060, 35.0);
#6062=CARTESIAN_POINT('',(251.9,-285.0,0.0));
#6063=LINE('',#6062,#6061);
#6064=EDGE_CURVE('',#6037,#6039,#6063,.T.);
#6065=DIRECTION('',(-1.0,0.0,0.0));
#6066=VECTOR('',#6065, 35.0);
#6067=CARTESIAN_POINT('',(251.9,-250.0,0.0));
#6068=LINE('',#6067,#6066);
#6069=EDGE_CURVE('',#6039,#6041,#6068,.T.);
#6070=DIRECTION('',(1.0,0.0,0.0));
#6071=VECTOR('',#6070, 20.0);
#6072=CARTESIAN_POINT('',(221.9,-255.0,0.0));
#6073=LINE('',#6072,#6071);
#6074=EDGE_CURVE('',#6041,#6043,#6073,.T.);
#6075=CARTESIAN_POINT('',(241.9,-260.0,0.0));
#6076=DIRECTION('',(0.0,0.0,-1.0));
#6077=DIRECTION('',(-1.0,0.0,0.0));
#6078=AXIS2_PLACEMENT_3D('',#6075,#6076,#6077);
#6079=CIRCLE('',#6078,5.0);
#6080=EDGE_CURVE('',#6043,#6045,#6079,.T.);
#6081=DIRECTION('',(0.0,-1.0,0.0));
#6082=VECTOR('',#6081, 20.0);
#6083=CARTESIAN_POINT('',(246.9,-260.0,0.0));
#6084=LINE('',#6083,#6082);
#6085=EDGE_CURVE('',#6045,#6047,#6084,.T.);
#6086=DIRECTION('',(0.0,1.0,0.0));
#6087=VECTOR('',#6086, 35.0);
#6088=CARTESIAN_POINT('',(251.9,-285.0,134.002388038423));
#6089=LINE('',#6088,#6087);
#6090=EDGE_CURVE('',#6049,#6051,#6089,.T.);
#6091=DIRECTION('',(-1.0,0.0,0.0));
#6092=VECTOR('',#6091, 35.0);
#6093=CARTESIAN_POINT('',(251.9,-250.0,134.002388038423));
#6094=LINE('',#6093,#6092);
#6095=EDGE_CURVE('',#6051,#6053,#6094,.T.);
#6096=DIRECTION('',(1.0,0.0,0.0));
#6097=VECTOR('',#6096, 20.0);
#6098=CARTESIAN_POINT('',(221.9,-255.0,134.002388038423));
#6099=LINE('',#6098,#6097);
#6100=EDGE_CURVE('',#6053,#6055,#6099,.T.);
#6101=CARTESIAN_POINT('',(241.9,-260.0,134.002388038423));
#6102=DIRECTION('',(0.0,0.0,-1.0));
#6103=DIRECTION('',(-1.0,0.0,0.0));
#6104=AXIS2_PLACEMENT_3D('',#6101,#6102,#6103);
#6105=CIRCLE('',#6104,5.0);
#6106=EDGE_CURVE('',#6055,#6057,#6105,.T.);
#6107=DIRECTION('',(0.0,-1.0,0.0));
#6108=VECTOR('',#6107, 20.0);
#6109=CARTESIAN_POINT('',(246.9,-260.0,134.002388038423));
#6110=LINE('',#6109,#6108);
#6111=EDGE_CURVE('',#6057,#6059,#6110,.T.);
#6112=DIRECTION('',(0.0,0.0,1.0));
#6113=VECTOR('',#6112, 134.002388038423);
#6114=CARTESIAN_POINT('',(251.9,-285.0,0.0));
#6115=LINE('',#6114,#6113);
#6116=EDGE_CURVE('',#6037,#6049,#6115,.T.);
#6117=DIRECTION('',(0.0,0.0,1.0));
#6118=VECTOR('',#6117, 134.002388038423);
#6119=CARTESIAN_POINT('',(251.9,-250.0,0.0));
#6120=LINE('',#6119,#6118);
#6121=EDGE_CURVE('',#6039,#6051,#6120,.T.);
#6122=DIRECTION('',(0.0,0.0,1.0));
#6123=VECTOR('',#6122, 134.002388038423);
#6124=CARTESIAN_POINT('',(221.9,-255.0,0.0));
#6125=LINE('',#6124,#6123);
#6126=EDGE_CURVE('',#6041,#6053,#6125,.T.);
#6127=DIRECTION('',(0.0,0.0,1.0));
#6128=VECTOR('',#6127, 134.002388038423);
#6129=CARTESIAN_POINT('',(241.9,-255.0,0.0));
#6130=LINE('',#6129,#6128);
#6131=EDGE_CURVE('',#6043,#6055,#6130,.T.);
#6132=DIRECTION('',(0.0,0.0,1.0));
#6133=VECTOR('',#6132, 134.002388038423);
#6134=CARTESIAN_POINT('',(246.9,-260.0,0.0));
#6135=LINE('',#6134,#6133);
#6136=EDGE_CURVE('',#6045,#6057,#6135,.T.);
#6137=DIRECTION('',(0.0,0.0,1.0));
#6138=VECTOR('',#6137, 134.002388038423);
#6139=CARTESIAN_POINT('',(246.9,-280.0,0.0));
#6140=LINE('',#6139,#6138);
#6141=EDGE_CURVE('',#6047,#6059,#6140,.T.);
#6142=ORIENTED_EDGE('',*,*,#6064,.T.);
#6143=ORIENTED_EDGE('',*,*,#6121,.T.);
#6144=ORIENTED_EDGE('',*,*,#6090,.F.);
#6145=ORIENTED_EDGE('',*,*,#6116,.F.);
#6146=ORIENTED_EDGE('',*,*,#6069,.T.);
#6147=ORIENTED_EDGE('',*,*,#6126,.T.);
#6148=ORIENTED_EDGE('',*,*,#6095,.F.);
#6149=ORIENTED_EDGE('',*,*,#6121,.F.);
#6150=ORIENTED_EDGE('',*,*,#6074,.T.);
#6151=ORIENTED_EDGE('',*,*,#6131,.T.);
#6152=ORIENTED_EDGE('',*,*,#6100,.F.);
#6153=ORIENTED_EDGE('',*,*,#6126,.F.);
#6154=ORIENTED_EDGE('',*,*,#6080,.T.);
#6155=ORIENTED_EDGE('',*,*,#6136,.T.);
#6156=ORIENTED_EDGE('',*,*,#6106,.F.);
#6157=ORIENTED_EDGE('',*,*,#6131,.F.);
#6158=ORIENTED_EDGE('',*,*,#6085,.T.);
#6159=ORIENTED_EDGE('',*,*,#6141,.T.);
#6160=ORIENTED_EDGE('',*,*,#6111,.F.);
#6161=ORIENTED_EDGE('',*,*,#6136,.F.);
#6162=ORIENTED_EDGE('',*,*,#6064,.T.);
#6163=ORIENTED_EDGE('',*,*,#6069,.T.);
#6164=ORIENTED_EDGE('',*,*,#6074,.T.);
#6165=ORIENTED_EDGE('',*,*,#6080,.T.);
#6166=ORIENTED_EDGE('',*,*,#6085,.T.);
#6167=ORIENTED_EDGE('',*,*,#6090,.T.);
#6168=ORIENTED_EDGE('',*,*,#6095,.T.);
#6169=ORIENTED_EDGE('',*,*,#6100,.T.);
#6170=ORIENTED_EDGE('',*,*,#6106,.T.);
#6171=ORIENTED_EDGE('',*,*,#6111,.T.);
#6172=DIRECTION('',(0.0,1.0,0.0));
#6173=VECTOR('',#6172, 35.0);
#6174=CARTESIAN_POINT('',(251.9,-285.0,0.0));
#6175=LINE('',#6174,#6173);
#6176=DIRECTION('',(0.0,0.0,-1.0));
#6177=VECTOR('',#6176, 134.002388038423);
#6178=SURFACE_OF_LINEAR_EXTRUSION('',#6175,#6177);
#6179=EDGE_LOOP('',(#6142,#6143,#6144,#6145));
#6180=FACE_OUTER_BOUND('',#6179,.T.);
#6181=ADVANCED_FACE('',(#6180),#6178,.F.);
#6182=DIRECTION('',(-1.0,0.0,0.0));
#6183=VECTOR('',#6182, 35.0);
#6184=CARTESIAN_POINT('',(251.9,-250.0,0.0));
#6185=LINE('',#6184,#6183);
#6186=DIRECTION('',(0.0,0.0,-1.0));
#6187=VECTOR('',#6186, 134.002388038423);
#6188=SURFACE_OF_LINEAR_EXTRUSION('',#6185,#6187);
#6189=EDGE_LOOP('',(#6146,#6147,#6148,#6149));
#6190=FACE_OUTER_BOUND('',#6189,.T.);
#6191=ADVANCED_FACE('',(#6190),#6188,.F.);
#6192=DIRECTION('',(1.0,0.0,0.0));
#6193=VECTOR('',#6192, 20.0);
#6194=CARTESIAN_POINT('',(221.9,-255.0,0.0));
#6195=LINE('',#6194,#6193);
#6196=DIRECTION('',(0.0,0.0,-1.0));
#6197=VECTOR('',#6196, 134.002388038423);
#6198=SURFACE_OF_LINEAR_EXTRUSION('',#6195,#6197);
#6199=EDGE_LOOP('',(#6150,#6151,#6152,#6153));
#6200=FACE_OUTER_BOUND('',#6199,.T.);
#6201=ADVANCED_FACE('',(#6200),#6198,.F.);
#6202=CARTESIAN_POINT('',(241.9,-260.0,0.0));
#6203=DIRECTION('',(0.0,0.0,-1.0));
#6204=DIRECTION('',(-1.0,0.0,0.0));
#6205=AXIS2_PLACEMENT_3D('',#6202,#6203,#6204);
#6206=CIRCLE('',#6205,5.0);
#6207=DIRECTION('',(0.0,0.0,-1.0));
#6208=VECTOR('',#6207, 134.002388038423);
#6209=SURFACE_OF_LINEAR_EXTRUSION('',#6206,#6208);
#6210=EDGE_LOOP('',(#6154,#6155,#6156,#6157));
#6211=FACE_OUTER_BOUND('',#6210,.T.);
#6212=ADVANCED_FACE('',(#6211),#6209,.F.);
#6213=DIRECTION('',(0.0,-1.0,0.0));
#6214=VECTOR('',#6213, 20.0);
#6215=CARTESIAN_POINT('',(246.9,-260.0,0.0));
#6216=LINE('',#6215,#6214);
#6217=DIRECTION('',(0.0,0.0,-1.0));
#6218=VECTOR('',#6217, 134.002388038423);
#6219=SURFACE_OF_LINEAR_EXTRUSION('',#6216,#6218);
#6220=EDGE_LOOP('',(#6158,#6159,#6160,#6161));
#6221=FACE_OUTER_BOUND('',#6220,.T.);
#6222=ADVANCED_FACE('',(#6221),#6219,.F.);
#6223=CARTESIAN_POINT('',(251.9,-285.0,0.0));
#6224=DIRECTION('',(0.0,0.0,1.0));
#6225=DIRECTION('',(-1.0,0.0,0.0));
#6226=AXIS2_PLACEMENT_3D('',#6223,#6224,#6225);
#6227=PLANE ( 'NONE',#6226);
#6228=EDGE_LOOP('',(#6162,#6163,#6164,#6165,#6166));
#6229=FACE_OUTER_BOUND('',#6228,.F.);
#6230=ADVANCED_FACE('',(#6229),#6227,.T.);
#6231=CARTESIAN_POINT('',(251.9,-285.0,134.002388038423));
#6232=DIRECTION('',(0.0,0.0,1.0));
#6233=DIRECTION('',(-1.0,0.0,0.0));
#6234=AXIS2_PLACEMENT_3D('',#6231,#6232,#6233);
#6235=PLANE ( 'NONE',#6234);
#6236=EDGE_LOOP('',(#6167,#6168,#6169,#6170,#6171));
#6237=FACE_OUTER_BOUND('',#6236,.T.);
#6238=ADVANCED_FACE('',(#6237),#6235,.F.);
#6239=CLOSED_SHELL('',(#6181,#6191,#6201,#6212,#6222,#6230,#6238));
#6240=MANIFOLD_SOLID_BREP('solid_6239',#6239);
#6241=(NAMED_UNIT(*)SI_UNIT($,.STERADIAN.)SOLID_ANGLE_UNIT());
#6242=(NAMED_UNIT(*)PLANE_ANGLE_UNIT()SI_UNIT($,.RADIAN.));
#6243=(LENGTH_UNIT()NAMED_UNIT(*)SI_UNIT(.MILLI.,.METRE.));
#6244=UNCERTAINTY_MEASURE_WITH_UNIT(LENGTH_MEASURE(1.0E-5),#6243,'DISTANCE_ACCURACY_VALUE','');
#6245=(GEOMETRIC_REPRESENTATION_CONTEXT(3)GLOBAL_UNCERTAINTY_ASSIGNED_CONTEXT((#6244))GLOBAL_UNIT_ASSIGNED_CONTEXT((#6243,#6241,#6242))REPRESENTATION_CONTEXT('None','None'));
#6246=SHAPE_REPRESENTATION('',(#6240),#6245);
#6247=COLOUR_RGB($,0.0,0.0,0.0);
#6248=FILL_AREA_STYLE_COLOUR('',#6247);
#6249=FILL_AREA_STYLE('',(#6248));
#6250=SURFACE_STYLE_FILL_AREA(#6249);
#6251=SURFACE_SIDE_STYLE('',(#6250));
#6252=SURFACE_STYLE_USAGE(.BOTH.,#6251);
#6253=PRESENTATION_STYLE_ASSIGNMENT((#6252));
#6254=STYLED_ITEM('',(#6253),#6240);
#6255=CARTESIAN_POINT('',(251.9,35.0,0.0));
#6256=VERTEX_POINT('',#6255);
#6257=CARTESIAN_POINT('',(251.9,0.0,0.0));
#6258=VERTEX_POINT('',#6257);
#6259=CARTESIAN_POINT('',(221.9,5.0,0.0));
#6260=VERTEX_POINT('',#6259);
#6261=CARTESIAN_POINT('',(241.9,5.0,0.0));
#6262=VERTEX_POINT('',#6261);
#6263=CARTESIAN_POINT('',(246.9,10.0,0.0));
#6264=VERTEX_POINT('',#6263);
#6265=CARTESIAN_POINT('',(246.9,30.0,0.0));
#6266=VERTEX_POINT('',#6265);
#6267=CARTESIAN_POINT('',(251.9,35.0,134.002388038423));
#6268=VERTEX_POINT('',#6267);
#6269=CARTESIAN_POINT('',(251.9,0.0,134.002388038423));
#6270=VERTEX_POINT('',#6269);
#6271=CARTESIAN_POINT('',(221.9,5.0,134.002388038423));
#6272=VERTEX_POINT('',#6271);
#6273=CARTESIAN_POINT('',(241.9,5.0,134.002388038423));
#6274=VERTEX_POINT('',#6273);
#6275=CARTESIAN_POINT('',(246.9,10.0,134.002388038423));
#6276=VERTEX_POINT('',#6275);
#6277=CARTESIAN_POINT('',(246.9,30.0,134.002388038423));
#6278=VERTEX_POINT('',#6277);
#6279=DIRECTION('',(0.0,-1.0,0.0));
#6280=VECTOR('',#6279, 35.0);
#6281=CARTESIAN_POINT('',(251.9,35.0,0.0));
#6282=LINE('',#6281,#6280);
#6283=EDGE_CURVE('',#6256,#6258,#6282,.T.);
#6284=DIRECTION('',(-1.0,0.0,0.0));
#6285=VECTOR('',#6284, 35.0);
#6286=CARTESIAN_POINT('',(251.9,0.0,0.0));
#6287=LINE('',#6286,#6285);
#6288=EDGE_CURVE('',#6258,#6260,#6287,.T.);
#6289=DIRECTION('',(1.0,0.0,0.0));
#6290=VECTOR('',#6289, 20.0);
#6291=CARTESIAN_POINT('',(221.9,5.0,0.0));
#6292=LINE('',#6291,#6290);
#6293=EDGE_CURVE('',#6260,#6262,#6292,.T.);
#6294=CARTESIAN_POINT('',(241.9,10.0,0.0));
#6295=DIRECTION('',(0.0,0.0,1.0));
#6296=DIRECTION('',(-1.0,0.0,0.0));
#6297=AXIS2_PLACEMENT_3D('',#6294,#6295,#6296);
#6298=CIRCLE('',#6297,5.0);
#6299=EDGE_CURVE('',#6262,#6264,#6298,.T.);
#6300=DIRECTION('',(0.0,1.0,0.0));
#6301=VECTOR('',#6300, 20.0);
#6302=CARTESIAN_POINT('',(246.9,10.0,0.0));
#6303=LINE('',#6302,#6301);
#6304=EDGE_CURVE('',#6264,#6266,#6303,.T.);
#6305=DIRECTION('',(0.0,-1.0,0.0));
#6306=VECTOR('',#6305, 35.0);
#6307=CARTESIAN_POINT('',(251.9,35.0,134.002388038423));
#6308=LINE('',#6307,#6306);
#6309=EDGE_CURVE('',#6268,#6270,#6308,.T.);
#6310=DIRECTION('',(-1.0,0.0,0.0));
#6311=VECTOR('',#6310, 35.0);
#6312=CARTESIAN_POINT('',(251.9,0.0,134.002388038423));
#6313=LINE('',#6312,#6311);
#6314=EDGE_CURVE('',#6270,#6272,#6313,.T.);
#6315=DIRECTION('',(1.0,0.0,0.0));
#6316=VECTOR('',#6315, 20.0);
#6317=CARTESIAN_POINT('',(221.9,5.0,134.002388038423));
#6318=LINE('',#6317,#6316);
#6319=EDGE_CURVE('',#6272,#6274,#6318,.T.);
#6320=CARTESIAN_POINT('',(241.9,10.0,134.002388038423));
#6321=DIRECTION('',(0.0,0.0,1.0));
#6322=DIRECTION('',(-1.0,0.0,0.0));
#6323=AXIS2_PLACEMENT_3D('',#6320,#6321,#6322);
#6324=CIRCLE('',#6323,5.0);
#6325=EDGE_CURVE('',#6274,#6276,#6324,.T.);
#6326=DIRECTION('',(0.0,1.0,0.0));
#6327=VECTOR('',#6326, 20.0);
#6328=CARTESIAN_POINT('',(246.9,10.0,134.002388038423));
#6329=LINE('',#6328,#6327);
#6330=EDGE_CURVE('',#6276,#6278,#6329,.T.);
#6331=DIRECTION('',(0.0,0.0,1.0));
#6332=VECTOR('',#6331, 134.002388038423);
#6333=CARTESIAN_POINT('',(251.9,35.0,0.0));
#6334=LINE('',#6333,#6332);
#6335=EDGE_CURVE('',#6256,#6268,#6334,.T.);
#6336=DIRECTION('',(0.0,0.0,1.0));
#6337=VECTOR('',#6336, 134.002388038423);
#6338=CARTESIAN_POINT('',(251.9,0.0,0.0));
#6339=LINE('',#6338,#6337);
#6340=EDGE_CURVE('',#6258,#6270,#6339,.T.);
#6341=DIRECTION('',(0.0,0.0,1.0));
#6342=VECTOR('',#6341, 134.002388038423);
#6343=CARTESIAN_POINT('',(221.9,5.0,0.0));
#6344=LINE('',#6343,#6342);
#6345=EDGE_CURVE('',#6260,#6272,#6344,.T.);
#6346=DIRECTION('',(0.0,0.0,1.0));
#6347=VECTOR('',#6346, 134.002388038423);
#6348=CARTESIAN_POINT('',(241.9,5.0,0.0));
#6349=LINE('',#6348,#6347);
#6350=EDGE_CURVE('',#6262,#6274,#6349,.T.);
#6351=DIRECTION('',(0.0,0.0,1.0));
#6352=VECTOR('',#6351, 134.002388038423);
#6353=CARTESIAN_POINT('',(246.9,10.0,0.0));
#6354=LINE('',#6353,#6352);
#6355=EDGE_CURVE('',#6264,#6276,#6354,.T.);
#6356=DIRECTION('',(0.0,0.0,1.0));
#6357=VECTOR('',#6356, 134.002388038423);
#6358=CARTESIAN_POINT('',(246.9,30.0,0.0));
#6359=LINE('',#6358,#6357);
#6360=EDGE_CURVE('',#6266,#6278,#6359,.T.);
#6361=ORIENTED_EDGE('',*,*,#6283,.T.);
#6362=ORIENTED_EDGE('',*,*,#6340,.T.);
#6363=ORIENTED_EDGE('',*,*,#6309,.F.);
#6364=ORIENTED_EDGE('',*,*,#6335,.F.);
#6365=ORIENTED_EDGE('',*,*,#6288,.T.);
#6366=ORIENTED_EDGE('',*,*,#6345,.T.);
#6367=ORIENTED_EDGE('',*,*,#6314,.F.);
#6368=ORIENTED_EDGE('',*,*,#6340,.F.);
#6369=ORIENTED_EDGE('',*,*,#6293,.T.);
#6370=ORIENTED_EDGE('',*,*,#6350,.T.);
#6371=ORIENTED_EDGE('',*,*,#6319,.F.);
#6372=ORIENTED_EDGE('',*,*,#6345,.F.);
#6373=ORIENTED_EDGE('',*,*,#6299,.T.);
#6374=ORIENTED_EDGE('',*,*,#6355,.T.);
#6375=ORIENTED_EDGE('',*,*,#6325,.F.);
#6376=ORIENTED_EDGE('',*,*,#6350,.F.);
#6377=ORIENTED_EDGE('',*,*,#6304,.T.);
#6378=ORIENTED_EDGE('',*,*,#6360,.T.);
#6379=ORIENTED_EDGE('',*,*,#6330,.F.);
#6380=ORIENTED_EDGE('',*,*,#6355,.F.);
#6381=ORIENTED_EDGE('',*,*,#6283,.T.);
#6382=ORIENTED_EDGE('',*,*,#6288,.T.);
#6383=ORIENTED_EDGE('',*,*,#6293,.T.);
#6384=ORIENTED_EDGE('',*,*,#6299,.T.);
#6385=ORIENTED_EDGE('',*,*,#6304,.T.);
#6386=ORIENTED_EDGE('',*,*,#6309,.T.);
#6387=ORIENTED_EDGE('',*,*,#6314,.T.);
#6388=ORIENTED_EDGE('',*,*,#6319,.T.);
#6389=ORIENTED_EDGE('',*,*,#6325,.T.);
#6390=ORIENTED_EDGE('',*,*,#6330,.T.);
#6391=DIRECTION('',(0.0,-1.0,0.0));
#6392=VECTOR('',#6391, 35.0);
#6393=CARTESIAN_POINT('',(251.9,35.0,0.0));
#6394=LINE('',#6393,#6392);
#6395=DIRECTION('',(0.0,0.0,1.0));
#6396=VECTOR('',#6395, 134.002388038423);
#6397=SURFACE_OF_LINEAR_EXTRUSION('',#6394,#6396);
#6398=EDGE_LOOP('',(#6361,#6362,#6363,#6364));
#6399=FACE_OUTER_BOUND('',#6398,.F.);
#6400=ADVANCED_FACE('',(#6399),#6397,.F.);
#6401=DIRECTION('',(-1.0,0.0,0.0));
#6402=VECTOR('',#6401, 35.0);
#6403=CARTESIAN_POINT('',(251.9,0.0,0.0));
#6404=LINE('',#6403,#6402);
#6405=DIRECTION('',(0.0,0.0,1.0));
#6406=VECTOR('',#6405, 134.002388038423);
#6407=SURFACE_OF_LINEAR_EXTRUSION('',#6404,#6406);
#6408=EDGE_LOOP('',(#6365,#6366,#6367,#6368));
#6409=FACE_OUTER_BOUND('',#6408,.F.);
#6410=ADVANCED_FACE('',(#6409),#6407,.F.);
#6411=DIRECTION('',(1.0,0.0,0.0));
#6412=VECTOR('',#6411, 20.0);
#6413=CARTESIAN_POINT('',(221.9,5.0,0.0));
#6414=LINE('',#6413,#6412);
#6415=DIRECTION('',(0.0,0.0,1.0));
#6416=VECTOR('',#6415, 134.002388038423);
#6417=SURFACE_OF_LINEAR_EXTRUSION('',#6414,#6416);
#6418=EDGE_LOOP('',(#6369,#6370,#6371,#6372));
#6419=FACE_OUTER_BOUND('',#6418,.F.);
#6420=ADVANCED_FACE('',(#6419),#6417,.F.);
#6421=CARTESIAN_POINT('',(241.9,10.0,0.0));
#6422=DIRECTION('',(0.0,0.0,1.0));
#6423=DIRECTION('',(-1.0,0.0,0.0));
#6424=AXIS2_PLACEMENT_3D('',#6421,#6422,#6423);
#6425=CIRCLE('',#6424,5.0);
#6426=DIRECTION('',(0.0,0.0,1.0));
#6427=VECTOR('',#6426, 134.002388038423);
#6428=SURFACE_OF_LINEAR_EXTRUSION('',#6425,#6427);
#6429=EDGE_LOOP('',(#6373,#6374,#6375,#6376));
#6430=FACE_OUTER_BOUND('',#6429,.F.);
#6431=ADVANCED_FACE('',(#6430),#6428,.F.);
#6432=DIRECTION('',(0.0,1.0,0.0));
#6433=VECTOR('',#6432, 20.0);
#6434=CARTESIAN_POINT('',(246.9,10.0,0.0));
#6435=LINE('',#6434,#6433);
#6436=DIRECTION('',(0.0,0.0,1.0));
#6437=VECTOR('',#6436, 134.002388038423);
#6438=SURFACE_OF_LINEAR_EXTRUSION('',#6435,#6437);
#6439=EDGE_LOOP('',(#6377,#6378,#6379,#6380));
#6440=FACE_OUTER_BOUND('',#6439,.F.);
#6441=ADVANCED_FACE('',(#6440),#6438,.F.);
#6442=CARTESIAN_POINT('',(251.9,35.0,0.0));
#6443=DIRECTION('',(0.0,0.0,1.0));
#6444=DIRECTION('',(-1.0,0.0,0.0));
#6445=AXIS2_PLACEMENT_3D('',#6442,#6443,#6444);
#6446=PLANE ( 'NONE',#6445);
#6447=EDGE_LOOP('',(#6381,#6382,#6383,#6384,#6385));
#6448=FACE_OUTER_BOUND('',#6447,.T.);
#6449=ADVANCED_FACE('',(#6448),#6446,.T.);
#6450=CARTESIAN_POINT('',(251.9,35.0,134.002388038423));
#6451=DIRECTION('',(0.0,0.0,1.0));
#6452=DIRECTION('',(-1.0,0.0,0.0));
#6453=AXIS2_PLACEMENT_3D('',#6450,#6451,#6452);
#6454=PLANE ( 'NONE',#6453);
#6455=EDGE_LOOP('',(#6386,#6387,#6388,#6389,#6390));
#6456=FACE_OUTER_BOUND('',#6455,.F.);
#6457=ADVANCED_FACE('',(#6456),#6454,.F.);
#6458=CLOSED_SHELL('',(#6400,#6410,#6420,#6431,#6441,#6449,#6457));
#6459=MANIFOLD_SOLID_BREP('solid_6458',#6458);
#6460=(NAMED_UNIT(*)SI_UNIT($,.STERADIAN.)SOLID_ANGLE_UNIT());
#6461=(NAMED_UNIT(*)PLANE_ANGLE_UNIT()SI_UNIT($,.RADIAN.));
#6462=(LENGTH_UNIT()NAMED_UNIT(*)SI_UNIT(.MILLI.,.METRE.));
#6463=UNCERTAINTY_MEASURE_WITH_UNIT(LENGTH_MEASURE(1.0E-5),#6462,'DISTANCE_ACCURACY_VALUE','');
#6464=(GEOMETRIC_REPRESENTATION_CONTEXT(3)GLOBAL_UNCERTAINTY_ASSIGNED_CONTEXT((#6463))GLOBAL_UNIT_ASSIGNED_CONTEXT((#6462,#6460,#6461))REPRESENTATION_CONTEXT('None','None'));
#6465=SHAPE_REPRESENTATION('',(#6459),#6464);
#6466=COLOUR_RGB($,0.0,0.0,0.0);
#6467=FILL_AREA_STYLE_COLOUR('',#6466);
#6468=FILL_AREA_STYLE('',(#6467));
#6469=SURFACE_STYLE_FILL_AREA(#6468);
#6470=SURFACE_SIDE_STYLE('',(#6469));
#6471=SURFACE_STYLE_USAGE(.BOTH.,#6470);
#6472=PRESENTATION_STYLE_ASSIGNMENT((#6471));
#6473=STYLED_ITEM('',(#6472),#6459);
#6474=CARTESIAN_POINT('',(251.9,-285.0,0.0));
#6475=VERTEX_POINT('',#6474);
#6476=CARTESIAN_POINT('',(251.9,-250.0,0.0));
#6477=VERTEX_POINT('',#6476);
#6478=CARTESIAN_POINT('',(221.9,-255.0,0.0));
#6479=VERTEX_POINT('',#6478);
#6480=CARTESIAN_POINT('',(241.9,-255.0,0.0));
#6481=VERTEX_POINT('',#6480);
#6482=CARTESIAN_POINT('',(246.9,-260.0,0.0));
#6483=VERTEX_POINT('',#6482);
#6484=CARTESIAN_POINT('',(246.9,-280.0,0.0));
#6485=VERTEX_POINT('',#6484);
#6486=CARTESIAN_POINT('',(251.9,-285.0,134.002388038423));
#6487=VERTEX_POINT('',#6486);
#6488=CARTESIAN_POINT('',(251.9,-250.0,134.002388038423));
#6489=VERTEX_POINT('',#6488);
#6490=CARTESIAN_POINT('',(221.9,-255.0,134.002388038423));
#6491=VERTEX_POINT('',#6490);
#6492=CARTESIAN_POINT('',(241.9,-255.0,134.002388038423));
#6493=VERTEX_POINT('',#6492);
#6494=CARTESIAN_POINT('',(246.9,-260.0,134.002388038423));
#6495=VERTEX_POINT('',#6494);
#6496=CARTESIAN_POINT('',(246.9,-280.0,134.002388038423));
#6497=VERTEX_POINT('',#6496);
#6498=DIRECTION('',(0.0,1.0,0.0));
#6499=VECTOR('',#6498, 35.0);
#6500=CARTESIAN_POINT('',(251.9,-285.0,0.0));
#6501=LINE('',#6500,#6499);
#6502=EDGE_CURVE('',#6475,#6477,#6501,.T.);
#6503=DIRECTION('',(-1.0,0.0,0.0));
#6504=VECTOR('',#6503, 35.0);
#6505=CARTESIAN_POINT('',(251.9,-250.0,0.0));
#6506=LINE('',#6505,#6504);
#6507=EDGE_CURVE('',#6477,#6479,#6506,.T.);
#6508=DIRECTION('',(1.0,0.0,0.0));
#6509=VECTOR('',#6508, 20.0);
#6510=CARTESIAN_POINT('',(221.9,-255.0,0.0));
#6511=LINE('',#6510,#6509);
#6512=EDGE_CURVE('',#6479,#6481,#6511,.T.);
#6513=CARTESIAN_POINT('',(241.9,-260.0,0.0));
#6514=DIRECTION('',(0.0,0.0,-1.0));
#6515=DIRECTION('',(-1.0,0.0,0.0));
#6516=AXIS2_PLACEMENT_3D('',#6513,#6514,#6515);
#6517=CIRCLE('',#6516,5.0);
#6518=EDGE_CURVE('',#6481,#6483,#6517,.T.);
#6519=DIRECTION('',(0.0,-1.0,0.0));
#6520=VECTOR('',#6519, 20.0);
#6521=CARTESIAN_POINT('',(246.9,-260.0,0.0));
#6522=LINE('',#6521,#6520);
#6523=EDGE_CURVE('',#6483,#6485,#6522,.T.);
#6524=DIRECTION('',(0.0,1.0,0.0));
#6525=VECTOR('',#6524, 35.0);
#6526=CARTESIAN_POINT('',(251.9,-285.0,134.002388038423));
#6527=LINE('',#6526,#6525);
#6528=EDGE_CURVE('',#6487,#6489,#6527,.T.);
#6529=DIRECTION('',(-1.0,0.0,0.0));
#6530=VECTOR('',#6529, 35.0);
#6531=CARTESIAN_POINT('',(251.9,-250.0,134.002388038423));
#6532=LINE('',#6531,#6530);
#6533=EDGE_CURVE('',#6489,#6491,#6532,.T.);
#6534=DIRECTION('',(1.0,0.0,0.0));
#6535=VECTOR('',#6534, 20.0);
#6536=CARTESIAN_POINT('',(221.9,-255.0,134.002388038423));
#6537=LINE('',#6536,#6535);
#6538=EDGE_CURVE('',#6491,#6493,#6537,.T.);
#6539=CARTESIAN_POINT('',(241.9,-260.0,134.002388038423));
#6540=DIRECTION('',(0.0,0.0,-1.0));
#6541=DIRECTION('',(-1.0,0.0,0.0));
#6542=AXIS2_PLACEMENT_3D('',#6539,#6540,#6541);
#6543=CIRCLE('',#6542,5.0);
#6544=EDGE_CURVE('',#6493,#6495,#6543,.T.);
#6545=DIRECTION('',(0.0,-1.0,0.0));
#6546=VECTOR('',#6545, 20.0);
#6547=CARTESIAN_POINT('',(246.9,-260.0,134.002388038423));
#6548=LINE('',#6547,#6546);
#6549=EDGE_CURVE('',#6495,#6497,#6548,.T.);
#6550=DIRECTION('',(0.0,0.0,1.0));
#6551=VECTOR('',#6550, 134.002388038423);
#6552=CARTESIAN_POINT('',(251.9,-285.0,0.0));
#6553=LINE('',#6552,#6551);
#6554=EDGE_CURVE('',#6475,#6487,#6553,.T.);
#6555=DIRECTION('',(0.0,0.0,1.0));
#6556=VECTOR('',#6555, 134.002388038423);
#6557=CARTESIAN_POINT('',(251.9,-250.0,0.0));
#6558=LINE('',#6557,#6556);
#6559=EDGE_CURVE('',#6477,#6489,#6558,.T.);
#6560=DIRECTION('',(0.0,0.0,1.0));
#6561=VECTOR('',#6560, 134.002388038423);
#6562=CARTESIAN_POINT('',(221.9,-255.0,0.0));
#6563=LINE('',#6562,#6561);
#6564=EDGE_CURVE('',#6479,#6491,#6563,.T.);
#6565=DIRECTION('',(0.0,0.0,1.0));
#6566=VECTOR('',#6565, 134.002388038423);
#6567=CARTESIAN_POINT('',(241.9,-255.0,0.0));
#6568=LINE('',#6567,#6566);
#6569=EDGE_CURVE('',#6481,#6493,#6568,.T.);
#6570=DIRECTION('',(0.0,0.0,1.0));
#6571=VECTOR('',#6570, 134.002388038423);
#6572=CARTESIAN_POINT('',(246.9,-260.0,0.0));
#6573=LINE('',#6572,#6571);
#6574=EDGE_CURVE('',#6483,#6495,#6573,.T.);
#6575=DIRECTION('',(0.0,0.0,1.0));
#6576=VECTOR('',#6575, 134.002388038423);
#6577=CARTESIAN_POINT('',(246.9,-280.0,0.0));
#6578=LINE('',#6577,#6576);
#6579=EDGE_CURVE('',#6485,#6497,#6578,.T.);
#6580=ORIENTED_EDGE('',*,*,#6502,.T.);
#6581=ORIENTED_EDGE('',*,*,#6559,.T.);
#6582=ORIENTED_EDGE('',*,*,#6528,.F.);
#6583=ORIENTED_EDGE('',*,*,#6554,.F.);
#6584=ORIENTED_EDGE('',*,*,#6507,.T.);
#6585=ORIENTED_EDGE('',*,*,#6564,.T.);
#6586=ORIENTED_EDGE('',*,*,#6533,.F.);
#6587=ORIENTED_EDGE('',*,*,#6559,.F.);
#6588=ORIENTED_EDGE('',*,*,#6512,.T.);
#6589=ORIENTED_EDGE('',*,*,#6569,.T.);
#6590=ORIENTED_EDGE('',*,*,#6538,.F.);
#6591=ORIENTED_EDGE('',*,*,#6564,.F.);
#6592=ORIENTED_EDGE('',*,*,#6518,.T.);
#6593=ORIENTED_EDGE('',*,*,#6574,.T.);
#6594=ORIENTED_EDGE('',*,*,#6544,.F.);
#6595=ORIENTED_EDGE('',*,*,#6569,.F.);
#6596=ORIENTED_EDGE('',*,*,#6523,.T.);
#6597=ORIENTED_EDGE('',*,*,#6579,.T.);
#6598=ORIENTED_EDGE('',*,*,#6549,.F.);
#6599=ORIENTED_EDGE('',*,*,#6574,.F.);
#6600=ORIENTED_EDGE('',*,*,#6502,.T.);
#6601=ORIENTED_EDGE('',*,*,#6507,.T.);
#6602=ORIENTED_EDGE('',*,*,#6512,.T.);
#6603=ORIENTED_EDGE('',*,*,#6518,.T.);
#6604=ORIENTED_EDGE('',*,*,#6523,.T.);
#6605=ORIENTED_EDGE('',*,*,#6528,.T.);
#6606=ORIENTED_EDGE('',*,*,#6533,.T.);
#6607=ORIENTED_EDGE('',*,*,#6538,.T.);
#6608=ORIENTED_EDGE('',*,*,#6544,.T.);
#6609=ORIENTED_EDGE('',*,*,#6549,.T.);
#6610=DIRECTION('',(0.0,1.0,0.0));
#6611=VECTOR('',#6610, 35.0);
#6612=CARTESIAN_POINT('',(251.9,-285.0,0.0));
#6613=LINE('',#6612,#6611);
#6614=DIRECTION('',(0.0,0.0,-1.0));
#6615=VECTOR('',#6614, 134.002388038423);
#6616=SURFACE_OF_LINEAR_EXTRUSION('',#6613,#6615);
#6617=EDGE_LOOP('',(#6580,#6581,#6582,#6583));
#6618=FACE_OUTER_BOUND('',#6617,.T.);
#6619=ADVANCED_FACE('',(#6618),#6616,.F.);
#6620=DIRECTION('',(-1.0,0.0,0.0));
#6621=VECTOR('',#6620, 35.0);
#6622=CARTESIAN_POINT('',(251.9,-250.0,0.0));
#6623=LINE('',#6622,#6621);
#6624=DIRECTION('',(0.0,0.0,-1.0));
#6625=VECTOR('',#6624, 134.002388038423);
#6626=SURFACE_OF_LINEAR_EXTRUSION('',#6623,#6625);
#6627=EDGE_LOOP('',(#6584,#6585,#6586,#6587));
#6628=FACE_OUTER_BOUND('',#6627,.T.);
#6629=ADVANCED_FACE('',(#6628),#6626,.F.);
#6630=DIRECTION('',(1.0,0.0,0.0));
#6631=VECTOR('',#6630, 20.0);
#6632=CARTESIAN_POINT('',(221.9,-255.0,0.0));
#6633=LINE('',#6632,#6631);
#6634=DIRECTION('',(0.0,0.0,-1.0));
#6635=VECTOR('',#6634, 134.002388038423);
#6636=SURFACE_OF_LINEAR_EXTRUSION('',#6633,#6635);
#6637=EDGE_LOOP('',(#6588,#6589,#6590,#6591));
#6638=FACE_OUTER_BOUND('',#6637,.T.);
#6639=ADVANCED_FACE('',(#6638),#6636,.F.);
#6640=CARTESIAN_POINT('',(241.9,-260.0,0.0));
#6641=DIRECTION('',(0.0,0.0,-1.0));
#6642=DIRECTION('',(-1.0,0.0,0.0));
#6643=AXIS2_PLACEMENT_3D('',#6640,#6641,#6642);
#6644=CIRCLE('',#6643,5.0);
#6645=DIRECTION('',(0.0,0.0,-1.0));
#6646=VECTOR('',#6645, 134.002388038423);
#6647=SURFACE_OF_LINEAR_EXTRUSION('',#6644,#6646);
#6648=EDGE_LOOP('',(#6592,#6593,#6594,#6595));
#6649=FACE_OUTER_BOUND('',#6648,.T.);
#6650=ADVANCED_FACE('',(#6649),#6647,.F.);
#6651=DIRECTION('',(0.0,-1.0,0.0));
#6652=VECTOR('',#6651, 20.0);
#6653=CARTESIAN_POINT('',(246.9,-260.0,0.0));
#6654=LINE('',#6653,#6652);
#6655=DIRECTION('',(0.0,0.0,-1.0));
#6656=VECTOR('',#6655, 134.002388038423);
#6657=SURFACE_OF_LINEAR_EXTRUSION('',#6654,#6656);
#6658=EDGE_LOOP('',(#6596,#6597,#6598,#6599));
#6659=FACE_OUTER_BOUND('',#6658,.T.);
#6660=ADVANCED_FACE('',(#6659),#6657,.F.);
#6661=CARTESIAN_POINT('',(251.9,-285.0,0.0));
#6662=DIRECTION('',(0.0,0.0,1.0));
#6663=DIRECTION('',(-1.0,0.0,0.0));
#6664=AXIS2_PLACEMENT_3D('',#6661,#6662,#6663);
#6665=PLANE ( 'NONE',#6664);
#6666=EDGE_LOOP('',(#6600,#6601,#6602,#6603,#6604));
#6667=FACE_OUTER_BOUND('',#6666,.F.);
#6668=ADVANCED_FACE('',(#6667),#6665,.T.);
#6669=CARTESIAN_POINT('',(251.9,-285.0,134.002388038423));
#6670=DIRECTION('',(0.0,0.0,1.0));
#6671=DIRECTION('',(-1.0,0.0,0.0));
#6672=AXIS2_PLACEMENT_3D('',#6669,#6670,#6671);
#6673=PLANE ( 'NONE',#6672);
#6674=EDGE_LOOP('',(#6605,#6606,#6607,#6608,#6609));
#6675=FACE_OUTER_BOUND('',#6674,.T.);
#6676=ADVANCED_FACE('',(#6675),#6673,.F.);
#6677=CLOSED_SHELL('',(#6619,#6629,#6639,#6650,#6660,#6668,#6676));
#6678=MANIFOLD_SOLID_BREP('solid_6677',#6677);
#6679=(NAMED_UNIT(*)SI_UNIT($,.STERADIAN.)SOLID_ANGLE_UNIT());
#6680=(NAMED_UNIT(*)PLANE_ANGLE_UNIT()SI_UNIT($,.RADIAN.));
#6681=(LENGTH_UNIT()NAMED_UNIT(*)SI_UNIT(.MILLI.,.METRE.));
#6682=UNCERTAINTY_MEASURE_WITH_UNIT(LENGTH_MEASURE(1.0E-5),#6681,'DISTANCE_ACCURACY_VALUE','');
#6683=(GEOMETRIC_REPRESENTATION_CONTEXT(3)GLOBAL_UNCERTAINTY_ASSIGNED_CONTEXT((#6682))GLOBAL_UNIT_ASSIGNED_CONTEXT((#6681,#6679,#6680))REPRESENTATION_CONTEXT('None','None'));
#6684=SHAPE_REPRESENTATION('',(#6678),#6683);
#6685=COLOUR_RGB($,0.0,0.0,0.0);
#6686=FILL_AREA_STYLE_COLOUR('',#6685);
#6687=FILL_AREA_STYLE('',(#6686));
#6688=SURFACE_STYLE_FILL_AREA(#6687);
#6689=SURFACE_SIDE_STYLE('',(#6688));
#6690=SURFACE_STYLE_USAGE(.BOTH.,#6689);
#6691=PRESENTATION_STYLE_ASSIGNMENT((#6690));
#6692=STYLED_ITEM('',(#6691),#6678);
#6693=CARTESIAN_POINT('',(251.9,35.0,0.0));
#6694=VERTEX_POINT('',#6693);
#6695=CARTESIAN_POINT('',(251.9,0.0,0.0));
#6696=VERTEX_POINT('',#6695);
#6697=CARTESIAN_POINT('',(221.9,5.0,0.0));
#6698=VERTEX_POINT('',#6697);
#6699=CARTESIAN_POINT('',(241.9,5.0,0.0));
#6700=VERTEX_POINT('',#6699);
#6701=CARTESIAN_POINT('',(246.9,10.0,0.0));
#6702=VERTEX_POINT('',#6701);
#6703=CARTESIAN_POINT('',(246.9,30.0,0.0));
#6704=VERTEX_POINT('',#6703);
#6705=CARTESIAN_POINT('',(251.9,35.0,134.002388038423));
#6706=VERTEX_POINT('',#6705);
#6707=CARTESIAN_POINT('',(251.9,0.0,134.002388038423));
#6708=VERTEX_POINT('',#6707);
#6709=CARTESIAN_POINT('',(221.9,5.0,134.002388038423));
#6710=VERTEX_POINT('',#6709);
#6711=CARTESIAN_POINT('',(241.9,5.0,134.002388038423));
#6712=VERTEX_POINT('',#6711);
#6713=CARTESIAN_POINT('',(246.9,10.0,134.002388038423));
#6714=VERTEX_POINT('',#6713);
#6715=CARTESIAN_POINT('',(246.9,30.0,134.002388038423));
#6716=VERTEX_POINT('',#6715);
#6717=DIRECTION('',(0.0,-1.0,0.0));
#6718=VECTOR('',#6717, 35.0);
#6719=CARTESIAN_POINT('',(251.9,35.0,0.0));
#6720=LINE('',#6719,#6718);
#6721=EDGE_CURVE('',#6694,#6696,#6720,.T.);
#6722=DIRECTION('',(-1.0,0.0,0.0));
#6723=VECTOR('',#6722, 35.0);
#6724=CARTESIAN_POINT('',(251.9,0.0,0.0));
#6725=LINE('',#6724,#6723);
#6726=EDGE_CURVE('',#6696,#6698,#6725,.T.);
#6727=DIRECTION('',(1.0,0.0,0.0));
#6728=VECTOR('',#6727, 20.0);
#6729=CARTESIAN_POINT('',(221.9,5.0,0.0));
#6730=LINE('',#6729,#6728);
#6731=EDGE_CURVE('',#6698,#6700,#6730,.T.);
#6732=CARTESIAN_POINT('',(241.9,10.0,0.0));
#6733=DIRECTION('',(0.0,0.0,1.0));
#6734=DIRECTION('',(-1.0,0.0,0.0));
#6735=AXIS2_PLACEMENT_3D('',#6732,#6733,#6734);
#6736=CIRCLE('',#6735,5.0);
#6737=EDGE_CURVE('',#6700,#6702,#6736,.T.);
#6738=DIRECTION('',(0.0,1.0,0.0));
#6739=VECTOR('',#6738, 20.0);
#6740=CARTESIAN_POINT('',(246.9,10.0,0.0));
#6741=LINE('',#6740,#6739);
#6742=EDGE_CURVE('',#6702,#6704,#6741,.T.);
#6743=DIRECTION('',(0.0,-1.0,0.0));
#6744=VECTOR('',#6743, 35.0);
#6745=CARTESIAN_POINT('',(251.9,35.0,134.002388038423));
#6746=LINE('',#6745,#6744);
#6747=EDGE_CURVE('',#6706,#6708,#6746,.T.);
#6748=DIRECTION('',(-1.0,0.0,0.0));
#6749=VECTOR('',#6748, 35.0);
#6750=CARTESIAN_POINT('',(251.9,0.0,134.002388038423));
#6751=LINE('',#6750,#6749);
#6752=EDGE_CURVE('',#6708,#6710,#6751,.T.);
#6753=DIRECTION('',(1.0,0.0,0.0));
#6754=VECTOR('',#6753, 20.0);
#6755=CARTESIAN_POINT('',(221.9,5.0,134.002388038423));
#6756=LINE('',#6755,#6754);
#6757=EDGE_CURVE('',#6710,#6712,#6756,.T.);
#6758=CARTESIAN_POINT('',(241.9,10.0,134.002388038423));
#6759=DIRECTION('',(0.0,0.0,1.0));
#6760=DIRECTION('',(-1.0,0.0,0.0));
#6761=AXIS2_PLACEMENT_3D('',#6758,#6759,#6760);
#6762=CIRCLE('',#6761,5.0);
#6763=EDGE_CURVE('',#6712,#6714,#6762,.T.);
#6764=DIRECTION('',(0.0,1.0,0.0));
#6765=VECTOR('',#6764, 20.0);
#6766=CARTESIAN_POINT('',(246.9,10.0,134.002388038423));
#6767=LINE('',#6766,#6765);
#6768=EDGE_CURVE('',#6714,#6716,#6767,.T.);
#6769=DIRECTION('',(0.0,0.0,1.0));
#6770=VECTOR('',#6769, 134.002388038423);
#6771=CARTESIAN_POINT('',(251.9,35.0,0.0));
#6772=LINE('',#6771,#6770);
#6773=EDGE_CURVE('',#6694,#6706,#6772,.T.);
#6774=DIRECTION('',(0.0,0.0,1.0));
#6775=VECTOR('',#6774, 134.002388038423);
#6776=CARTESIAN_POINT('',(251.9,0.0,0.0));
#6777=LINE('',#6776,#6775);
#6778=EDGE_CURVE('',#6696,#6708,#6777,.T.);
#6779=DIRECTION('',(0.0,0.0,1.0));
#6780=VECTOR('',#6779, 134.002388038423);
#6781=CARTESIAN_POINT('',(221.9,5.0,0.0));
#6782=LINE('',#6781,#6780);
#6783=EDGE_CURVE('',#6698,#6710,#6782,.T.);
#6784=DIRECTION('',(0.0,0.0,1.0));
#6785=VECTOR('',#6784, 134.002388038423);
#6786=CARTESIAN_POINT('',(241.9,5.0,0.0));
#6787=LINE('',#6786,#6785);
#6788=EDGE_CURVE('',#6700,#6712,#6787,.T.);
#6789=DIRECTION('',(0.0,0.0,1.0));
#6790=VECTOR('',#6789, 134.002388038423);
#6791=CARTESIAN_POINT('',(246.9,10.0,0.0));
#6792=LINE('',#6791,#6790);
#6793=EDGE_CURVE('',#6702,#6714,#6792,.T.);
#6794=DIRECTION('',(0.0,0.0,1.0));
#6795=VECTOR('',#6794, 134.002388038423);
#6796=CARTESIAN_POINT('',(246.9,30.0,0.0));
#6797=LINE('',#6796,#6795);
#6798=EDGE_CURVE('',#6704,#6716,#6797,.T.);
#6799=ORIENTED_EDGE('',*,*,#6721,.T.);
#6800=ORIENTED_EDGE('',*,*,#6778,.T.);
#6801=ORIENTED_EDGE('',*,*,#6747,.F.);
#6802=ORIENTED_EDGE('',*,*,#6773,.F.);
#6803=ORIENTED_EDGE('',*,*,#6726,.T.);
#6804=ORIENTED_EDGE('',*,*,#6783,.T.);
#6805=ORIENTED_EDGE('',*,*,#6752,.F.);
#6806=ORIENTED_EDGE('',*,*,#6778,.F.);
#6807=ORIENTED_EDGE('',*,*,#6731,.T.);
#6808=ORIENTED_EDGE('',*,*,#6788,.T.);
#6809=ORIENTED_EDGE('',*,*,#6757,.F.);
#6810=ORIENTED_EDGE('',*,*,#6783,.F.);
#6811=ORIENTED_EDGE('',*,*,#6737,.T.);
#6812=ORIENTED_EDGE('',*,*,#6793,.T.);
#6813=ORIENTED_EDGE('',*,*,#6763,.F.);
#6814=ORIENTED_EDGE('',*,*,#6788,.F.);
#6815=ORIENTED_EDGE('',*,*,#6742,.T.);
#6816=ORIENTED_EDGE('',*,*,#6798,.T.);
#6817=ORIENTED_EDGE('',*,*,#6768,.F.);
#6818=ORIENTED_EDGE('',*,*,#6793,.F.);
#6819=ORIENTED_EDGE('',*,*,#6721,.T.);
#6820=ORIENTED_EDGE('',*,*,#6726,.T.);
#6821=ORIENTED_EDGE('',*,*,#6731,.T.);
#6822=ORIENTED_EDGE('',*,*,#6737,.T.);
#6823=ORIENTED_EDGE('',*,*,#6742,.T.);
#6824=ORIENTED_EDGE('',*,*,#6747,.T.);
#6825=ORIENTED_EDGE('',*,*,#6752,.T.);
#6826=ORIENTED_EDGE('',*,*,#6757,.T.);
#6827=ORIENTED_EDGE('',*,*,#6763,.T.);
#6828=ORIENTED_EDGE('',*,*,#6768,.T.);
#6829=DIRECTION('',(0.0,-1.0,0.0));
#6830=VECTOR('',#6829, 35.0);
#6831=CARTESIAN_POINT('',(251.9,35.0,0.0));
#6832=LINE('',#6831,#6830);
#6833=DIRECTION('',(0.0,0.0,1.0));
#6834=VECTOR('',#6833, 134.002388038423);
#6835=SURFACE_OF_LINEAR_EXTRUSION('',#6832,#6834);
#6836=EDGE_LOOP('',(#6799,#6800,#6801,#6802));
#6837=FACE_OUTER_BOUND('',#6836,.F.);
#6838=ADVANCED_FACE('',(#6837),#6835,.F.);
#6839=DIRECTION('',(-1.0,0.0,0.0));
#6840=VECTOR('',#6839, 35.0);
#6841=CARTESIAN_POINT('',(251.9,0.0,0.0));
#6842=LINE('',#6841,#6840);
#6843=DIRECTION('',(0.0,0.0,1.0));
#6844=VECTOR('',#6843, 134.002388038423);
#6845=SURFACE_OF_LINEAR_EXTRUSION('',#6842,#6844);
#6846=EDGE_LOOP('',(#6803,#6804,#6805,#6806));
#6847=FACE_OUTER_BOUND('',#6846,.F.);
#6848=ADVANCED_FACE('',(#6847),#6845,.F.);
#6849=DIRECTION('',(1.0,0.0,0.0));
#6850=VECTOR('',#6849, 20.0);
#6851=CARTESIAN_POINT('',(221.9,5.0,0.0));
#6852=LINE('',#6851,#6850);
#6853=DIRECTION('',(0.0,0.0,1.0));
#6854=VECTOR('',#6853, 134.002388038423);
#6855=SURFACE_OF_LINEAR_EXTRUSION('',#6852,#6854);
#6856=EDGE_LOOP('',(#6807,#6808,#6809,#6810));
#6857=FACE_OUTER_BOUND('',#6856,.F.);
#6858=ADVANCED_FACE('',(#6857),#6855,.F.);
#6859=CARTESIAN_POINT('',(241.9,10.0,0.0));
#6860=DIRECTION('',(0.0,0.0,1.0));
#6861=DIRECTION('',(-1.0,0.0,0.0));
#6862=AXIS2_PLACEMENT_3D('',#6859,#6860,#6861);
#6863=CIRCLE('',#6862,5.0);
#6864=DIRECTION('',(0.0,0.0,1.0));
#6865=VECTOR('',#6864, 134.002388038423);
#6866=SURFACE_OF_LINEAR_EXTRUSION('',#6863,#6865);
#6867=EDGE_LOOP('',(#6811,#6812,#6813,#6814));
#6868=FACE_OUTER_BOUND('',#6867,.F.);
#6869=ADVANCED_FACE('',(#6868),#6866,.F.);
#6870=DIRECTION('',(0.0,1.0,0.0));
#6871=VECTOR('',#6870, 20.0);
#6872=CARTESIAN_POINT('',(246.9,10.0,0.0));
#6873=LINE('',#6872,#6871);
#6874=DIRECTION('',(0.0,0.0,1.0));
#6875=VECTOR('',#6874, 134.002388038423);
#6876=SURFACE_OF_LINEAR_EXTRUSION('',#6873,#6875);
#6877=EDGE_LOOP('',(#6815,#6816,#6817,#6818));
#6878=FACE_OUTER_BOUND('',#6877,.F.);
#6879=ADVANCED_FACE('',(#6878),#6876,.F.);
#6880=CARTESIAN_POINT('',(251.9,35.0,0.0));
#6881=DIRECTION('',(0.0,0.0,1.0));
#6882=DIRECTION('',(-1.0,0.0,0.0));
#6883=AXIS2_PLACEMENT_3D('',#6880,#6881,#6882);
#6884=PLANE ( 'NONE',#6883);
#6885=EDGE_LOOP('',(#6819,#6820,#6821,#6822,#6823));
#6886=FACE_OUTER_BOUND('',#6885,.T.);
#6887=ADVANCED_FACE('',(#6886),#6884,.T.);
#6888=CARTESIAN_POINT('',(251.9,35.0,134.002388038423));
#6889=DIRECTION('',(0.0,0.0,1.0));
#6890=DIRECTION('',(-1.0,0.0,0.0));
#6891=AXIS2_PLACEMENT_3D('',#6888,#6889,#6890);
#6892=PLANE ( 'NONE',#6891);
#6893=EDGE_LOOP('',(#6824,#6825,#6826,#6827,#6828));
#6894=FACE_OUTER_BOUND('',#6893,.F.);
#6895=ADVANCED_FACE('',(#6894),#6892,.F.);
#6896=CLOSED_SHELL('',(#6838,#6848,#6858,#6869,#6879,#6887,#6895));
#6897=MANIFOLD_SOLID_BREP('solid_6896',#6896);
#6898=(NAMED_UNIT(*)SI_UNIT($,.STERADIAN.)SOLID_ANGLE_UNIT());
#6899=(NAMED_UNIT(*)PLANE_ANGLE_UNIT()SI_UNIT($,.RADIAN.));
#6900=(LENGTH_UNIT()NAMED_UNIT(*)SI_UNIT(.MILLI.,.METRE.));
#6901=UNCERTAINTY_MEASURE_WITH_UNIT(LENGTH_MEASURE(1.0E-5),#6900,'DISTANCE_ACCURACY_VALUE','');
#6902=(GEOMETRIC_REPRESENTATION_CONTEXT(3)GLOBAL_UNCERTAINTY_ASSIGNED_CONTEXT((#6901))GLOBAL_UNIT_ASSIGNED_CONTEXT((#6900,#6898,#6899))REPRESENTATION_CONTEXT('None','None'));
#6903=SHAPE_REPRESENTATION('',(#6897),#6902);
#6904=COLOUR_RGB($,0.0,0.0,0.0);
#6905=FILL_AREA_STYLE_COLOUR('',#6904);
#6906=FILL_AREA_STYLE('',(#6905));
#6907=SURFACE_STYLE_FILL_AREA(#6906);
#6908=SURFACE_SIDE_STYLE('',(#6907));
#6909=SURFACE_STYLE_USAGE(.BOTH.,#6908);
#6910=PRESENTATION_STYLE_ASSIGNMENT((#6909));
#6911=STYLED_ITEM('',(#6910),#6897);
#6912=CARTESIAN_POINT('',(-226.1,35.0,0.0));
#6913=VERTEX_POINT('',#6912);
#6914=CARTESIAN_POINT('',(-226.1,0.0,0.0));
#6915=VERTEX_POINT('',#6914);
#6916=CARTESIAN_POINT('',(-256.1,5.0,0.0));
#6917=VERTEX_POINT('',#6916);
#6918=CARTESIAN_POINT('',(-236.1,5.0,0.0));
#6919=VERTEX_POINT('',#6918);
#6920=CARTESIAN_POINT('',(-231.1,10.0,0.0));
#6921=VERTEX_POINT('',#6920);
#6922=CARTESIAN_POINT('',(-231.1,30.0,0.0));
#6923=VERTEX_POINT('',#6922);
#6924=CARTESIAN_POINT('',(-226.1,35.0,304.8));
#6925=VERTEX_POINT('',#6924);
#6926=CARTESIAN_POINT('',(-226.1,0.0,304.8));
#6927=VERTEX_POINT('',#6926);
#6928=CARTESIAN_POINT('',(-256.1,5.0,304.8));
#6929=VERTEX_POINT('',#6928);
#6930=CARTESIAN_POINT('',(-236.1,5.0,304.8));
#6931=VERTEX_POINT('',#6930);
#6932=CARTESIAN_POINT('',(-231.1,10.0,304.8));
#6933=VERTEX_POINT('',#6932);
#6934=CARTESIAN_POINT('',(-231.1,30.0,304.8));
#6935=VERTEX_POINT('',#6934);
#6936=DIRECTION('',(0.0,-1.0,0.0));
#6937=VECTOR('',#6936, 35.0);
#6938=CARTESIAN_POINT('',(-226.1,35.0,0.0));
#6939=LINE('',#6938,#6937);
#6940=EDGE_CURVE('',#6913,#6915,#6939,.T.);
#6941=DIRECTION('',(-1.0,0.0,0.0));
#6942=VECTOR('',#6941, 35.0);
#6943=CARTESIAN_POINT('',(-226.1,0.0,0.0));
#6944=LINE('',#6943,#6942);
#6945=EDGE_CURVE('',#6915,#6917,#6944,.T.);
#6946=DIRECTION('',(1.0,0.0,0.0));
#6947=VECTOR('',#6946, 20.0);
#6948=CARTESIAN_POINT('',(-256.1,5.0,0.0));
#6949=LINE('',#6948,#6947);
#6950=EDGE_CURVE('',#6917,#6919,#6949,.T.);
#6951=CARTESIAN_POINT('',(-236.1,10.0,0.0));
#6952=DIRECTION('',(0.0,0.0,1.0));
#6953=DIRECTION('',(-1.0,0.0,0.0));
#6954=AXIS2_PLACEMENT_3D('',#6951,#6952,#6953);
#6955=CIRCLE('',#6954,5.0);
#6956=EDGE_CURVE('',#6919,#6921,#6955,.T.);
#6957=DIRECTION('',(0.0,1.0,0.0));
#6958=VECTOR('',#6957, 20.0);
#6959=CARTESIAN_POINT('',(-231.1,10.0,0.0));
#6960=LINE('',#6959,#6958);
#6961=EDGE_CURVE('',#6921,#6923,#6960,.T.);
#6962=DIRECTION('',(0.0,-1.0,0.0));
#6963=VECTOR('',#6962, 35.0);
#6964=CARTESIAN_POINT('',(-226.1,35.0,304.8));
#6965=LINE('',#6964,#6963);
#6966=EDGE_CURVE('',#6925,#6927,#6965,.T.);
#6967=DIRECTION('',(-1.0,0.0,0.0));
#6968=VECTOR('',#6967, 35.0);
#6969=CARTESIAN_POINT('',(-226.1,0.0,304.8));
#6970=LINE('',#6969,#6968);
#6971=EDGE_CURVE('',#6927,#6929,#6970,.T.);
#6972=DIRECTION('',(1.0,0.0,0.0));
#6973=VECTOR('',#6972, 20.0);
#6974=CARTESIAN_POINT('',(-256.1,5.0,304.8));
#6975=LINE('',#6974,#6973);
#6976=EDGE_CURVE('',#6929,#6931,#6975,.T.);
#6977=CARTESIAN_POINT('',(-236.1,10.0,304.8));
#6978=DIRECTION('',(0.0,0.0,1.0));
#6979=DIRECTION('',(-1.0,0.0,0.0));
#6980=AXIS2_PLACEMENT_3D('',#6977,#6978,#6979);
#6981=CIRCLE('',#6980,5.0);
#6982=EDGE_CURVE('',#6931,#6933,#6981,.T.);
#6983=DIRECTION('',(0.0,1.0,0.0));
#6984=VECTOR('',#6983, 20.0);
#6985=CARTESIAN_POINT('',(-231.1,10.0,304.8));
#6986=LINE('',#6985,#6984);
#6987=EDGE_CURVE('',#6933,#6935,#6986,.T.);
#6988=DIRECTION('',(0.0,0.0,1.0));
#6989=VECTOR('',#6988, 304.8);
#6990=CARTESIAN_POINT('',(-226.1,35.0,0.0));
#6991=LINE('',#6990,#6989);
#6992=EDGE_CURVE('',#6913,#6925,#6991,.T.);
#6993=DIRECTION('',(0.0,0.0,1.0));
#6994=VECTOR('',#6993, 304.8);
#6995=CARTESIAN_POINT('',(-226.1,0.0,0.0));
#6996=LINE('',#6995,#6994);
#6997=EDGE_CURVE('',#6915,#6927,#6996,.T.);
#6998=DIRECTION('',(0.0,0.0,1.0));
#6999=VECTOR('',#6998, 304.8);
#7000=CARTESIAN_POINT('',(-256.1,5.0,0.0));
#7001=LINE('',#7000,#6999);
#7002=EDGE_CURVE('',#6917,#6929,#7001,.T.);
#7003=DIRECTION('',(0.0,0.0,1.0));
#7004=VECTOR('',#7003, 304.8);
#7005=CARTESIAN_POINT('',(-236.1,5.0,0.0));
#7006=LINE('',#7005,#7004);
#7007=EDGE_CURVE('',#6919,#6931,#7006,.T.);
#7008=DIRECTION('',(0.0,0.0,1.0));
#7009=VECTOR('',#7008, 304.8);
#7010=CARTESIAN_POINT('',(-231.1,10.0,0.0));
#7011=LINE('',#7010,#7009);
#7012=EDGE_CURVE('',#6921,#6933,#7011,.T.);
#7013=DIRECTION('',(0.0,0.0,1.0));
#7014=VECTOR('',#7013, 304.8);
#7015=CARTESIAN_POINT('',(-231.1,30.0,0.0));
#7016=LINE('',#7015,#7014);
#7017=EDGE_CURVE('',#6923,#6935,#7016,.T.);
#7018=ORIENTED_EDGE('',*,*,#6940,.T.);
#7019=ORIENTED_EDGE('',*,*,#6997,.T.);
#7020=ORIENTED_EDGE('',*,*,#6966,.F.);
#7021=ORIENTED_EDGE('',*,*,#6992,.F.);
#7022=ORIENTED_EDGE('',*,*,#6945,.T.);
#7023=ORIENTED_EDGE('',*,*,#7002,.T.);
#7024=ORIENTED_EDGE('',*,*,#6971,.F.);
#7025=ORIENTED_EDGE('',*,*,#6997,.F.);
#7026=ORIENTED_EDGE('',*,*,#6950,.T.);
#7027=ORIENTED_EDGE('',*,*,#7007,.T.);
#7028=ORIENTED_EDGE('',*,*,#6976,.F.);
#7029=ORIENTED_EDGE('',*,*,#7002,.F.);
#7030=ORIENTED_EDGE('',*,*,#6956,.T.);
#7031=ORIENTED_EDGE('',*,*,#7012,.T.);
#7032=ORIENTED_EDGE('',*,*,#6982,.F.);
#7033=ORIENTED_EDGE('',*,*,#7007,.F.);
#7034=ORIENTED_EDGE('',*,*,#6961,.T.);
#7035=ORIENTED_EDGE('',*,*,#7017,.T.);
#7036=ORIENTED_EDGE('',*,*,#6987,.F.);
#7037=ORIENTED_EDGE('',*,*,#7012,.F.);
#7038=ORIENTED_EDGE('',*,*,#6940,.T.);
#7039=ORIENTED_EDGE('',*,*,#6945,.T.);
#7040=ORIENTED_EDGE('',*,*,#6950,.T.);
#7041=ORIENTED_EDGE('',*,*,#6956,.T.);
#7042=ORIENTED_EDGE('',*,*,#6961,.T.);
#7043=ORIENTED_EDGE('',*,*,#6966,.T.);
#7044=ORIENTED_EDGE('',*,*,#6971,.T.);
#7045=ORIENTED_EDGE('',*,*,#6976,.T.);
#7046=ORIENTED_EDGE('',*,*,#6982,.T.);
#7047=ORIENTED_EDGE('',*,*,#6987,.T.);
#7048=DIRECTION('',(0.0,-1.0,0.0));
#7049=VECTOR('',#7048, 35.0);
#7050=CARTESIAN_POINT('',(-226.1,35.0,0.0));
#7051=LINE('',#7050,#7049);
#7052=DIRECTION('',(0.0,0.0,1.0));
#7053=VECTOR('',#7052, 304.8);
#7054=SURFACE_OF_LINEAR_EXTRUSION('',#7051,#7053);
#7055=EDGE_LOOP('',(#7018,#7019,#7020,#7021));
#7056=FACE_OUTER_BOUND('',#7055,.F.);
#7057=ADVANCED_FACE('',(#7056),#7054,.F.);
#7058=DIRECTION('',(-1.0,0.0,0.0));
#7059=VECTOR('',#7058, 35.0);
#7060=CARTESIAN_POINT('',(-226.1,0.0,0.0));
#7061=LINE('',#7060,#7059);
#7062=DIRECTION('',(0.0,0.0,1.0));
#7063=VECTOR('',#7062, 304.8);
#7064=SURFACE_OF_LINEAR_EXTRUSION('',#7061,#7063);
#7065=EDGE_LOOP('',(#7022,#7023,#7024,#7025));
#7066=FACE_OUTER_BOUND('',#7065,.F.);
#7067=ADVANCED_FACE('',(#7066),#7064,.F.);
#7068=DIRECTION('',(1.0,0.0,0.0));
#7069=VECTOR('',#7068, 20.0);
#7070=CARTESIAN_POINT('',(-256.1,5.0,0.0));
#7071=LINE('',#7070,#7069);
#7072=DIRECTION('',(0.0,0.0,1.0));
#7073=VECTOR('',#7072, 304.8);
#7074=SURFACE_OF_LINEAR_EXTRUSION('',#7071,#7073);
#7075=EDGE_LOOP('',(#7026,#7027,#7028,#7029));
#7076=FACE_OUTER_BOUND('',#7075,.F.);
#7077=ADVANCED_FACE('',(#7076),#7074,.F.);
#7078=CARTESIAN_POINT('',(-236.1,10.0,0.0));
#7079=DIRECTION('',(0.0,0.0,1.0));
#7080=DIRECTION('',(-1.0,0.0,0.0));
#7081=AXIS2_PLACEMENT_3D('',#7078,#7079,#7080);
#7082=CIRCLE('',#7081,5.0);
#7083=DIRECTION('',(0.0,0.0,1.0));
#7084=VECTOR('',#7083, 304.8);
#7085=SURFACE_OF_LINEAR_EXTRUSION('',#7082,#7084);
#7086=EDGE_LOOP('',(#7030,#7031,#7032,#7033));
#7087=FACE_OUTER_BOUND('',#7086,.F.);
#7088=ADVANCED_FACE('',(#7087),#7085,.F.);
#7089=DIRECTION('',(0.0,1.0,0.0));
#7090=VECTOR('',#7089, 20.0);
#7091=CARTESIAN_POINT('',(-231.1,10.0,0.0));
#7092=LINE('',#7091,#7090);
#7093=DIRECTION('',(0.0,0.0,1.0));
#7094=VECTOR('',#7093, 304.8);
#7095=SURFACE_OF_LINEAR_EXTRUSION('',#7092,#7094);
#7096=EDGE_LOOP('',(#7034,#7035,#7036,#7037));
#7097=FACE_OUTER_BOUND('',#7096,.F.);
#7098=ADVANCED_FACE('',(#7097),#7095,.F.);
#7099=CARTESIAN_POINT('',(-226.1,35.0,0.0));
#7100=DIRECTION('',(0.0,0.0,1.0));
#7101=DIRECTION('',(-1.0,0.0,0.0));
#7102=AXIS2_PLACEMENT_3D('',#7099,#7100,#7101);
#7103=PLANE ( 'NONE',#7102);
#7104=EDGE_LOOP('',(#7038,#7039,#7040,#7041,#7042));
#7105=FACE_OUTER_BOUND('',#7104,.T.);
#7106=ADVANCED_FACE('',(#7105),#7103,.T.);
#7107=CARTESIAN_POINT('',(-226.1,35.0,304.8));
#7108=DIRECTION('',(0.0,0.0,1.0));
#7109=DIRECTION('',(-1.0,0.0,0.0));
#7110=AXIS2_PLACEMENT_3D('',#7107,#7108,#7109);
#7111=PLANE ( 'NONE',#7110);
#7112=EDGE_LOOP('',(#7043,#7044,#7045,#7046,#7047));
#7113=FACE_OUTER_BOUND('',#7112,.F.);
#7114=ADVANCED_FACE('',(#7113),#7111,.F.);
#7115=CLOSED_SHELL('',(#7057,#7067,#7077,#7088,#7098,#7106,#7114));
#7116=MANIFOLD_SOLID_BREP('solid_7115',#7115);
#7117=(NAMED_UNIT(*)SI_UNIT($,.STERADIAN.)SOLID_ANGLE_UNIT());
#7118=(NAMED_UNIT(*)PLANE_ANGLE_UNIT()SI_UNIT($,.RADIAN.));
#7119=(LENGTH_UNIT()NAMED_UNIT(*)SI_UNIT(.MILLI.,.METRE.));
#7120=UNCERTAINTY_MEASURE_WITH_UNIT(LENGTH_MEASURE(1.0E-5),#7119,'DISTANCE_ACCURACY_VALUE','');
#7121=(GEOMETRIC_REPRESENTATION_CONTEXT(3)GLOBAL_UNCERTAINTY_ASSIGNED_CONTEXT((#7120))GLOBAL_UNIT_ASSIGNED_CONTEXT((#7119,#7117,#7118))REPRESENTATION_CONTEXT('None','None'));
#7122=SHAPE_REPRESENTATION('',(#7116),#7121);
#7123=COLOUR_RGB($,0.0,0.0,0.0);
#7124=FILL_AREA_STYLE_COLOUR('',#7123);
#7125=FILL_AREA_STYLE('',(#7124));
#7126=SURFACE_STYLE_FILL_AREA(#7125);
#7127=SURFACE_SIDE_STYLE('',(#7126));
#7128=SURFACE_STYLE_USAGE(.BOTH.,#7127);
#7129=PRESENTATION_STYLE_ASSIGNMENT((#7128));
#7130=STYLED_ITEM('',(#7129),#7116);
#7131=CARTESIAN_POINT('',(-226.1,-285.0,0.0));
#7132=VERTEX_POINT('',#7131);
#7133=CARTESIAN_POINT('',(-226.1,-250.0,0.0));
#7134=VERTEX_POINT('',#7133);
#7135=CARTESIAN_POINT('',(-256.1,-255.0,0.0));
#7136=VERTEX_POINT('',#7135);
#7137=CARTESIAN_POINT('',(-236.1,-255.0,0.0));
#7138=VERTEX_POINT('',#7137);
#7139=CARTESIAN_POINT('',(-231.1,-260.0,0.0));
#7140=VERTEX_POINT('',#7139);
#7141=CARTESIAN_POINT('',(-231.1,-280.0,0.0));
#7142=VERTEX_POINT('',#7141);
#7143=CARTESIAN_POINT('',(-226.1,-285.0,304.8));
#7144=VERTEX_POINT('',#7143);
#7145=CARTESIAN_POINT('',(-226.1,-250.0,304.8));
#7146=VERTEX_POINT('',#7145);
#7147=CARTESIAN_POINT('',(-256.1,-255.0,304.8));
#7148=VERTEX_POINT('',#7147);
#7149=CARTESIAN_POINT('',(-236.1,-255.0,304.8));
#7150=VERTEX_POINT('',#7149);
#7151=CARTESIAN_POINT('',(-231.1,-260.0,304.8));
#7152=VERTEX_POINT('',#7151);
#7153=CARTESIAN_POINT('',(-231.1,-280.0,304.8));
#7154=VERTEX_POINT('',#7153);
#7155=DIRECTION('',(0.0,1.0,0.0));
#7156=VECTOR('',#7155, 35.0);
#7157=CARTESIAN_POINT('',(-226.1,-285.0,0.0));
#7158=LINE('',#7157,#7156);
#7159=EDGE_CURVE('',#7132,#7134,#7158,.T.);
#7160=DIRECTION('',(-1.0,0.0,0.0));
#7161=VECTOR('',#7160, 35.0);
#7162=CARTESIAN_POINT('',(-226.1,-250.0,0.0));
#7163=LINE('',#7162,#7161);
#7164=EDGE_CURVE('',#7134,#7136,#7163,.T.);
#7165=DIRECTION('',(1.0,0.0,0.0));
#7166=VECTOR('',#7165, 20.0);
#7167=CARTESIAN_POINT('',(-256.1,-255.0,0.0));
#7168=LINE('',#7167,#7166);
#7169=EDGE_CURVE('',#7136,#7138,#7168,.T.);
#7170=CARTESIAN_POINT('',(-236.1,-260.0,0.0));
#7171=DIRECTION('',(0.0,0.0,-1.0));
#7172=DIRECTION('',(-1.0,0.0,0.0));
#7173=AXIS2_PLACEMENT_3D('',#7170,#7171,#7172);
#7174=CIRCLE('',#7173,5.0);
#7175=EDGE_CURVE('',#7138,#7140,#7174,.T.);
#7176=DIRECTION('',(0.0,-1.0,0.0));
#7177=VECTOR('',#7176, 20.0);
#7178=CARTESIAN_POINT('',(-231.1,-260.0,0.0));
#7179=LINE('',#7178,#7177);
#7180=EDGE_CURVE('',#7140,#7142,#7179,.T.);
#7181=DIRECTION('',(0.0,1.0,0.0));
#7182=VECTOR('',#7181, 35.0);
#7183=CARTESIAN_POINT('',(-226.1,-285.0,304.8));
#7184=LINE('',#7183,#7182);
#7185=EDGE_CURVE('',#7144,#7146,#7184,.T.);
#7186=DIRECTION('',(-1.0,0.0,0.0));
#7187=VECTOR('',#7186, 35.0);
#7188=CARTESIAN_POINT('',(-226.1,-250.0,304.8));
#7189=LINE('',#7188,#7187);
#7190=EDGE_CURVE('',#7146,#7148,#7189,.T.);
#7191=DIRECTION('',(1.0,0.0,0.0));
#7192=VECTOR('',#7191, 20.0);
#7193=CARTESIAN_POINT('',(-256.1,-255.0,304.8));
#7194=LINE('',#7193,#7192);
#7195=EDGE_CURVE('',#7148,#7150,#7194,.T.);
#7196=CARTESIAN_POINT('',(-236.1,-260.0,304.8));
#7197=DIRECTION('',(0.0,0.0,-1.0));
#7198=DIRECTION('',(-1.0,0.0,0.0));
#7199=AXIS2_PLACEMENT_3D('',#7196,#7197,#7198);
#7200=CIRCLE('',#7199,5.0);
#7201=EDGE_CURVE('',#7150,#7152,#7200,.T.);
#7202=DIRECTION('',(0.0,-1.0,0.0));
#7203=VECTOR('',#7202, 20.0);
#7204=CARTESIAN_POINT('',(-231.1,-260.0,304.8));
#7205=LINE('',#7204,#7203);
#7206=EDGE_CURVE('',#7152,#7154,#7205,.T.);
#7207=DIRECTION('',(0.0,0.0,1.0));
#7208=VECTOR('',#7207, 304.8);
#7209=CARTESIAN_POINT('',(-226.1,-285.0,0.0));
#7210=LINE('',#7209,#7208);
#7211=EDGE_CURVE('',#7132,#7144,#7210,.T.);
#7212=DIRECTION('',(0.0,0.0,1.0));
#7213=VECTOR('',#7212, 304.8);
#7214=CARTESIAN_POINT('',(-226.1,-250.0,0.0));
#7215=LINE('',#7214,#7213);
#7216=EDGE_CURVE('',#7134,#7146,#7215,.T.);
#7217=DIRECTION('',(0.0,0.0,1.0));
#7218=VECTOR('',#7217, 304.8);
#7219=CARTESIAN_POINT('',(-256.1,-255.0,0.0));
#7220=LINE('',#7219,#7218);
#7221=EDGE_CURVE('',#7136,#7148,#7220,.T.);
#7222=DIRECTION('',(0.0,0.0,1.0));
#7223=VECTOR('',#7222, 304.8);
#7224=CARTESIAN_POINT('',(-236.1,-255.0,0.0));
#7225=LINE('',#7224,#7223);
#7226=EDGE_CURVE('',#7138,#7150,#7225,.T.);
#7227=DIRECTION('',(0.0,0.0,1.0));
#7228=VECTOR('',#7227, 304.8);
#7229=CARTESIAN_POINT('',(-231.1,-260.0,0.0));
#7230=LINE('',#7229,#7228);
#7231=EDGE_CURVE('',#7140,#7152,#7230,.T.);
#7232=DIRECTION('',(0.0,0.0,1.0));
#7233=VECTOR('',#7232, 304.8);
#7234=CARTESIAN_POINT('',(-231.1,-280.0,0.0));
#7235=LINE('',#7234,#7233);
#7236=EDGE_CURVE('',#7142,#7154,#7235,.T.);
#7237=ORIENTED_EDGE('',*,*,#7159,.T.);
#7238=ORIENTED_EDGE('',*,*,#7216,.T.);
#7239=ORIENTED_EDGE('',*,*,#7185,.F.);
#7240=ORIENTED_EDGE('',*,*,#7211,.F.);
#7241=ORIENTED_EDGE('',*,*,#7164,.T.);
#7242=ORIENTED_EDGE('',*,*,#7221,.T.);
#7243=ORIENTED_EDGE('',*,*,#7190,.F.);
#7244=ORIENTED_EDGE('',*,*,#7216,.F.);
#7245=ORIENTED_EDGE('',*,*,#7169,.T.);
#7246=ORIENTED_EDGE('',*,*,#7226,.T.);
#7247=ORIENTED_EDGE('',*,*,#7195,.F.);
#7248=ORIENTED_EDGE('',*,*,#7221,.F.);
#7249=ORIENTED_EDGE('',*,*,#7175,.T.);
#7250=ORIENTED_EDGE('',*,*,#7231,.T.);
#7251=ORIENTED_EDGE('',*,*,#7201,.F.);
#7252=ORIENTED_EDGE('',*,*,#7226,.F.);
#7253=ORIENTED_EDGE('',*,*,#7180,.T.);
#7254=ORIENTED_EDGE('',*,*,#7236,.T.);
#7255=ORIENTED_EDGE('',*,*,#7206,.F.);
#7256=ORIENTED_EDGE('',*,*,#7231,.F.);
#7257=ORIENTED_EDGE('',*,*,#7159,.T.);
#7258=ORIENTED_EDGE('',*,*,#7164,.T.);
#7259=ORIENTED_EDGE('',*,*,#7169,.T.);
#7260=ORIENTED_EDGE('',*,*,#7175,.T.);
#7261=ORIENTED_EDGE('',*,*,#7180,.T.);
#7262=ORIENTED_EDGE('',*,*,#7185,.T.);
#7263=ORIENTED_EDGE('',*,*,#7190,.T.);
#7264=ORIENTED_EDGE('',*,*,#7195,.T.);
#7265=ORIENTED_EDGE('',*,*,#7201,.T.);
#7266=ORIENTED_EDGE('',*,*,#7206,.T.);
#7267=DIRECTION('',(0.0,1.0,0.0));
#7268=VECTOR('',#7267, 35.0);
#7269=CARTESIAN_POINT('',(-226.1,-285.0,0.0));
#7270=LINE('',#7269,#7268);
#7271=DIRECTION('',(0.0,0.0,-1.0));
#7272=VECTOR('',#7271, 304.8);
#7273=SURFACE_OF_LINEAR_EXTRUSION('',#7270,#7272);
#7274=EDGE_LOOP('',(#7237,#7238,#7239,#7240));
#7275=FACE_OUTER_BOUND('',#7274,.T.);
#7276=ADVANCED_FACE('',(#7275),#7273,.F.);
#7277=DIRECTION('',(-1.0,0.0,0.0));
#7278=VECTOR('',#7277, 35.0);
#7279=CARTESIAN_POINT('',(-226.1,-250.0,0.0));
#7280=LINE('',#7279,#7278);
#7281=DIRECTION('',(0.0,0.0,-1.0));
#7282=VECTOR('',#7281, 304.8);
#7283=SURFACE_OF_LINEAR_EXTRUSION('',#7280,#7282);
#7284=EDGE_LOOP('',(#7241,#7242,#7243,#7244));
#7285=FACE_OUTER_BOUND('',#7284,.T.);
#7286=ADVANCED_FACE('',(#7285),#7283,.F.);
#7287=DIRECTION('',(1.0,0.0,0.0));
#7288=VECTOR('',#7287, 20.0);
#7289=CARTESIAN_POINT('',(-256.1,-255.0,0.0));
#7290=LINE('',#7289,#7288);
#7291=DIRECTION('',(0.0,0.0,-1.0));
#7292=VECTOR('',#7291, 304.8);
#7293=SURFACE_OF_LINEAR_EXTRUSION('',#7290,#7292);
#7294=EDGE_LOOP('',(#7245,#7246,#7247,#7248));
#7295=FACE_OUTER_BOUND('',#7294,.T.);
#7296=ADVANCED_FACE('',(#7295),#7293,.F.);
#7297=CARTESIAN_POINT('',(-236.1,-260.0,0.0));
#7298=DIRECTION('',(0.0,0.0,-1.0));
#7299=DIRECTION('',(-1.0,0.0,0.0));
#7300=AXIS2_PLACEMENT_3D('',#7297,#7298,#7299);
#7301=CIRCLE('',#7300,5.0);
#7302=DIRECTION('',(0.0,0.0,-1.0));
#7303=VECTOR('',#7302, 304.8);
#7304=SURFACE_OF_LINEAR_EXTRUSION('',#7301,#7303);
#7305=EDGE_LOOP('',(#7249,#7250,#7251,#7252));
#7306=FACE_OUTER_BOUND('',#7305,.T.);
#7307=ADVANCED_FACE('',(#7306),#7304,.F.);
#7308=DIRECTION('',(0.0,-1.0,0.0));
#7309=VECTOR('',#7308, 20.0);
#7310=CARTESIAN_POINT('',(-231.1,-260.0,0.0));
#7311=LINE('',#7310,#7309);
#7312=DIRECTION('',(0.0,0.0,-1.0));
#7313=VECTOR('',#7312, 304.8);
#7314=SURFACE_OF_LINEAR_EXTRUSION('',#7311,#7313);
#7315=EDGE_LOOP('',(#7253,#7254,#7255,#7256));
#7316=FACE_OUTER_BOUND('',#7315,.T.);
#7317=ADVANCED_FACE('',(#7316),#7314,.F.);
#7318=CARTESIAN_POINT('',(-226.1,-285.0,0.0));
#7319=DIRECTION('',(0.0,0.0,1.0));
#7320=DIRECTION('',(-1.0,0.0,0.0));
#7321=AXIS2_PLACEMENT_3D('',#7318,#7319,#7320);
#7322=PLANE ( 'NONE',#7321);
#7323=EDGE_LOOP('',(#7257,#7258,#7259,#7260,#7261));
#7324=FACE_OUTER_BOUND('',#7323,.F.);
#7325=ADVANCED_FACE('',(#7324),#7322,.T.);
#7326=CARTESIAN_POINT('',(-226.1,-285.0,304.8));
#7327=DIRECTION('',(0.0,0.0,1.0));
#7328=DIRECTION('',(-1.0,0.0,0.0));
#7329=AXIS2_PLACEMENT_3D('',#7326,#7327,#7328);
#7330=PLANE ( 'NONE',#7329);
#7331=EDGE_LOOP('',(#7262,#7263,#7264,#7265,#7266));
#7332=FACE_OUTER_BOUND('',#7331,.T.);
#7333=ADVANCED_FACE('',(#7332),#7330,.F.);
#7334=CLOSED_SHELL('',(#7276,#7286,#7296,#7307,#7317,#7325,#7333));
#7335=MANIFOLD_SOLID_BREP('solid_7334',#7334);
#7336=(NAMED_UNIT(*)SI_UNIT($,.STERADIAN.)SOLID_ANGLE_UNIT());
#7337=(NAMED_UNIT(*)PLANE_ANGLE_UNIT()SI_UNIT($,.RADIAN.));
#7338=(LENGTH_UNIT()NAMED_UNIT(*)SI_UNIT(.MILLI.,.METRE.));
#7339=UNCERTAINTY_MEASURE_WITH_UNIT(LENGTH_MEASURE(1.0E-5),#7338,'DISTANCE_ACCURACY_VALUE','');
#7340=(GEOMETRIC_REPRESENTATION_CONTEXT(3)GLOBAL_UNCERTAINTY_ASSIGNED_CONTEXT((#7339))GLOBAL_UNIT_ASSIGNED_CONTEXT((#7338,#7336,#7337))REPRESENTATION_CONTEXT('None','None'));
#7341=SHAPE_REPRESENTATION('',(#7335),#7340);
#7342=COLOUR_RGB($,0.0,0.0,0.0);
#7343=FILL_AREA_STYLE_COLOUR('',#7342);
#7344=FILL_AREA_STYLE('',(#7343));
#7345=SURFACE_STYLE_FILL_AREA(#7344);
#7346=SURFACE_SIDE_STYLE('',(#7345));
#7347=SURFACE_STYLE_USAGE(.BOTH.,#7346);
#7348=PRESENTATION_STYLE_ASSIGNMENT((#7347));
#7349=STYLED_ITEM('',(#7348),#7335);
#7350=CARTESIAN_POINT('',(-226.1,35.0,0.0));
#7351=VERTEX_POINT('',#7350);
#7352=CARTESIAN_POINT('',(-226.1,0.0,0.0));
#7353=VERTEX_POINT('',#7352);
#7354=CARTESIAN_POINT('',(-256.1,5.0,0.0));
#7355=VERTEX_POINT('',#7354);
#7356=CARTESIAN_POINT('',(-236.1,5.0,0.0));
#7357=VERTEX_POINT('',#7356);
#7358=CARTESIAN_POINT('',(-231.1,10.0,0.0));
#7359=VERTEX_POINT('',#7358);
#7360=CARTESIAN_POINT('',(-231.1,30.0,0.0));
#7361=VERTEX_POINT('',#7360);
#7362=CARTESIAN_POINT('',(-226.1,35.0,304.8));
#7363=VERTEX_POINT('',#7362);
#7364=CARTESIAN_POINT('',(-226.1,0.0,304.8));
#7365=VERTEX_POINT('',#7364);
#7366=CARTESIAN_POINT('',(-256.1,5.0,304.8));
#7367=VERTEX_POINT('',#7366);
#7368=CARTESIAN_POINT('',(-236.1,5.0,304.8));
#7369=VERTEX_POINT('',#7368);
#7370=CARTESIAN_POINT('',(-231.1,10.0,304.8));
#7371=VERTEX_POINT('',#7370);
#7372=CARTESIAN_POINT('',(-231.1,30.0,304.8));
#7373=VERTEX_POINT('',#7372);
#7374=DIRECTION('',(0.0,-1.0,0.0));
#7375=VECTOR('',#7374, 35.0);
#7376=CARTESIAN_POINT('',(-226.1,35.0,0.0));
#7377=LINE('',#7376,#7375);
#7378=EDGE_CURVE('',#7351,#7353,#7377,.T.);
#7379=DIRECTION('',(-1.0,0.0,0.0));
#7380=VECTOR('',#7379, 35.0);
#7381=CARTESIAN_POINT('',(-226.1,0.0,0.0));
#7382=LINE('',#7381,#7380);
#7383=EDGE_CURVE('',#7353,#7355,#7382,.T.);
#7384=DIRECTION('',(1.0,0.0,0.0));
#7385=VECTOR('',#7384, 20.0);
#7386=CARTESIAN_POINT('',(-256.1,5.0,0.0));
#7387=LINE('',#7386,#7385);
#7388=EDGE_CURVE('',#7355,#7357,#7387,.T.);
#7389=CARTESIAN_POINT('',(-236.1,10.0,0.0));
#7390=DIRECTION('',(0.0,0.0,1.0));
#7391=DIRECTION('',(-1.0,0.0,0.0));
#7392=AXIS2_PLACEMENT_3D('',#7389,#7390,#7391);
#7393=CIRCLE('',#7392,5.0);
#7394=EDGE_CURVE('',#7357,#7359,#7393,.T.);
#7395=DIRECTION('',(0.0,1.0,0.0));
#7396=VECTOR('',#7395, 20.0);
#7397=CARTESIAN_POINT('',(-231.1,10.0,0.0));
#7398=LINE('',#7397,#7396);
#7399=EDGE_CURVE('',#7359,#7361,#7398,.T.);
#7400=DIRECTION('',(0.0,-1.0,0.0));
#7401=VECTOR('',#7400, 35.0);
#7402=CARTESIAN_POINT('',(-226.1,35.0,304.8));
#7403=LINE('',#7402,#7401);
#7404=EDGE_CURVE('',#7363,#7365,#7403,.T.);
#7405=DIRECTION('',(-1.0,0.0,0.0));
#7406=VECTOR('',#7405, 35.0);
#7407=CARTESIAN_POINT('',(-226.1,0.0,304.8));
#7408=LINE('',#7407,#7406);
#7409=EDGE_CURVE('',#7365,#7367,#7408,.T.);
#7410=DIRECTION('',(1.0,0.0,0.0));
#7411=VECTOR('',#7410, 20.0);
#7412=CARTESIAN_POINT('',(-256.1,5.0,304.8));
#7413=LINE('',#7412,#7411);
#7414=EDGE_CURVE('',#7367,#7369,#7413,.T.);
#7415=CARTESIAN_POINT('',(-236.1,10.0,304.8));
#7416=DIRECTION('',(0.0,0.0,1.0));
#7417=DIRECTION('',(-1.0,0.0,0.0));
#7418=AXIS2_PLACEMENT_3D('',#7415,#7416,#7417);
#7419=CIRCLE('',#7418,5.0);
#7420=EDGE_CURVE('',#7369,#7371,#7419,.T.);
#7421=DIRECTION('',(0.0,1.0,0.0));
#7422=VECTOR('',#7421, 20.0);
#7423=CARTESIAN_POINT('',(-231.1,10.0,304.8));
#7424=LINE('',#7423,#7422);
#7425=EDGE_CURVE('',#7371,#7373,#7424,.T.);
#7426=DIRECTION('',(0.0,0.0,1.0));
#7427=VECTOR('',#7426, 304.8);
#7428=CARTESIAN_POINT('',(-226.1,35.0,0.0));
#7429=LINE('',#7428,#7427);
#7430=EDGE_CURVE('',#7351,#7363,#7429,.T.);
#7431=DIRECTION('',(0.0,0.0,1.0));
#7432=VECTOR('',#7431, 304.8);
#7433=CARTESIAN_POINT('',(-226.1,0.0,0.0));
#7434=LINE('',#7433,#7432);
#7435=EDGE_CURVE('',#7353,#7365,#7434,.T.);
#7436=DIRECTION('',(0.0,0.0,1.0));
#7437=VECTOR('',#7436, 304.8);
#7438=CARTESIAN_POINT('',(-256.1,5.0,0.0));
#7439=LINE('',#7438,#7437);
#7440=EDGE_CURVE('',#7355,#7367,#7439,.T.);
#7441=DIRECTION('',(0.0,0.0,1.0));
#7442=VECTOR('',#7441, 304.8);
#7443=CARTESIAN_POINT('',(-236.1,5.0,0.0));
#7444=LINE('',#7443,#7442);
#7445=EDGE_CURVE('',#7357,#7369,#7444,.T.);
#7446=DIRECTION('',(0.0,0.0,1.0));
#7447=VECTOR('',#7446, 304.8);
#7448=CARTESIAN_POINT('',(-231.1,10.0,0.0));
#7449=LINE('',#7448,#7447);
#7450=EDGE_CURVE('',#7359,#7371,#7449,.T.);
#7451=DIRECTION('',(0.0,0.0,1.0));
#7452=VECTOR('',#7451, 304.8);
#7453=CARTESIAN_POINT('',(-231.1,30.0,0.0));
#7454=LINE('',#7453,#7452);
#7455=EDGE_CURVE('',#7361,#7373,#7454,.T.);
#7456=ORIENTED_EDGE('',*,*,#7378,.T.);
#7457=ORIENTED_EDGE('',*,*,#7435,.T.);
#7458=ORIENTED_EDGE('',*,*,#7404,.F.);
#7459=ORIENTED_EDGE('',*,*,#7430,.F.);
#7460=ORIENTED_EDGE('',*,*,#7383,.T.);
#7461=ORIENTED_EDGE('',*,*,#7440,.T.);
#7462=ORIENTED_EDGE('',*,*,#7409,.F.);
#7463=ORIENTED_EDGE('',*,*,#7435,.F.);
#7464=ORIENTED_EDGE('',*,*,#7388,.T.);
#7465=ORIENTED_EDGE('',*,*,#7445,.T.);
#7466=ORIENTED_EDGE('',*,*,#7414,.F.);
#7467=ORIENTED_EDGE('',*,*,#7440,.F.);
#7468=ORIENTED_EDGE('',*,*,#7394,.T.);
#7469=ORIENTED_EDGE('',*,*,#7450,.T.);
#7470=ORIENTED_EDGE('',*,*,#7420,.F.);
#7471=ORIENTED_EDGE('',*,*,#7445,.F.);
#7472=ORIENTED_EDGE('',*,*,#7399,.T.);
#7473=ORIENTED_EDGE('',*,*,#7455,.T.);
#7474=ORIENTED_EDGE('',*,*,#7425,.F.);
#7475=ORIENTED_EDGE('',*,*,#7450,.F.);
#7476=ORIENTED_EDGE('',*,*,#7378,.T.);
#7477=ORIENTED_EDGE('',*,*,#7383,.T.);
#7478=ORIENTED_EDGE('',*,*,#7388,.T.);
#7479=ORIENTED_EDGE('',*,*,#7394,.T.);
#7480=ORIENTED_EDGE('',*,*,#7399,.T.);
#7481=ORIENTED_EDGE('',*,*,#7404,.T.);
#7482=ORIENTED_EDGE('',*,*,#7409,.T.);
#7483=ORIENTED_EDGE('',*,*,#7414,.T.);
#7484=ORIENTED_EDGE('',*,*,#7420,.T.);
#7485=ORIENTED_EDGE('',*,*,#7425,.T.);
#7486=DIRECTION('',(0.0,-1.0,0.0));
#7487=VECTOR('',#7486, 35.0);
#7488=CARTESIAN_POINT('',(-226.1,35.0,0.0));
#7489=LINE('',#7488,#7487);
#7490=DIRECTION('',(0.0,0.0,1.0));
#7491=VECTOR('',#7490, 304.8);
#7492=SURFACE_OF_LINEAR_EXTRUSION('',#7489,#7491);
#7493=EDGE_LOOP('',(#7456,#7457,#7458,#7459));
#7494=FACE_OUTER_BOUND('',#7493,.F.);
#7495=ADVANCED_FACE('',(#7494),#7492,.F.);
#7496=DIRECTION('',(-1.0,0.0,0.0));
#7497=VECTOR('',#7496, 35.0);
#7498=CARTESIAN_POINT('',(-226.1,0.0,0.0));
#7499=LINE('',#7498,#7497);
#7500=DIRECTION('',(0.0,0.0,1.0));
#7501=VECTOR('',#7500, 304.8);
#7502=SURFACE_OF_LINEAR_EXTRUSION('',#7499,#7501);
#7503=EDGE_LOOP('',(#7460,#7461,#7462,#7463));
#7504=FACE_OUTER_BOUND('',#7503,.F.);
#7505=ADVANCED_FACE('',(#7504),#7502,.F.);
#7506=DIRECTION('',(1.0,0.0,0.0));
#7507=VECTOR('',#7506, 20.0);
#7508=CARTESIAN_POINT('',(-256.1,5.0,0.0));
#7509=LINE('',#7508,#7507);
#7510=DIRECTION('',(0.0,0.0,1.0));
#7511=VECTOR('',#7510, 304.8);
#7512=SURFACE_OF_LINEAR_EXTRUSION('',#7509,#7511);
#7513=EDGE_LOOP('',(#7464,#7465,#7466,#7467));
#7514=FACE_OUTER_BOUND('',#7513,.F.);
#7515=ADVANCED_FACE('',(#7514),#7512,.F.);
#7516=CARTESIAN_POINT('',(-236.1,10.0,0.0));
#7517=DIRECTION('',(0.0,0.0,1.0));
#7518=DIRECTION('',(-1.0,0.0,0.0));
#7519=AXIS2_PLACEMENT_3D('',#7516,#7517,#7518);
#7520=CIRCLE('',#7519,5.0);
#7521=DIRECTION('',(0.0,0.0,1.0));
#7522=VECTOR('',#7521, 304.8);
#7523=SURFACE_OF_LINEAR_EXTRUSION('',#7520,#7522);
#7524=EDGE_LOOP('',(#7468,#7469,#7470,#7471));
#7525=FACE_OUTER_BOUND('',#7524,.F.);
#7526=ADVANCED_FACE('',(#7525),#7523,.F.);
#7527=DIRECTION('',(0.0,1.0,0.0));
#7528=VECTOR('',#7527, 20.0);
#7529=CARTESIAN_POINT('',(-231.1,10.0,0.0));
#7530=LINE('',#7529,#7528);
#7531=DIRECTION('',(0.0,0.0,1.0));
#7532=VECTOR('',#7531, 304.8);
#7533=SURFACE_OF_LINEAR_EXTRUSION('',#7530,#7532);
#7534=EDGE_LOOP('',(#7472,#7473,#7474,#7475));
#7535=FACE_OUTER_BOUND('',#7534,.F.);
#7536=ADVANCED_FACE('',(#7535),#7533,.F.);
#7537=CARTESIAN_POINT('',(-226.1,35.0,0.0));
#7538=DIRECTION('',(0.0,0.0,1.0));
#7539=DIRECTION('',(-1.0,0.0,0.0));
#7540=AXIS2_PLACEMENT_3D('',#7537,#7538,#7539);
#7541=PLANE ( 'NONE',#7540);
#7542=EDGE_LOOP('',(#7476,#7477,#7478,#7479,#7480));
#7543=FACE_OUTER_BOUND('',#7542,.T.);
#7544=ADVANCED_FACE('',(#7543),#7541,.T.);
#7545=CARTESIAN_POINT('',(-226.1,35.0,304.8));
#7546=DIRECTION('',(0.0,0.0,1.0));
#7547=DIRECTION('',(-1.0,0.0,0.0));
#7548=AXIS2_PLACEMENT_3D('',#7545,#7546,#7547);
#7549=PLANE ( 'NONE',#7548);
#7550=EDGE_LOOP('',(#7481,#7482,#7483,#7484,#7485));
#7551=FACE_OUTER_BOUND('',#7550,.F.);
#7552=ADVANCED_FACE('',(#7551),#7549,.F.);
#7553=CLOSED_SHELL('',(#7495,#7505,#7515,#7526,#7536,#7544,#7552));
#7554=MANIFOLD_SOLID_BREP('solid_7553',#7553);
#7555=(NAMED_UNIT(*)SI_UNIT($,.STERADIAN.)SOLID_ANGLE_UNIT());
#7556=(NAMED_UNIT(*)PLANE_ANGLE_UNIT()SI_UNIT($,.RADIAN.));
#7557=(LENGTH_UNIT()NAMED_UNIT(*)SI_UNIT(.MILLI.,.METRE.));
#7558=UNCERTAINTY_MEASURE_WITH_UNIT(LENGTH_MEASURE(1.0E-5),#7557,'DISTANCE_ACCURACY_VALUE','');
#7559=(GEOMETRIC_REPRESENTATION_CONTEXT(3)GLOBAL_UNCERTAINTY_ASSIGNED_CONTEXT((#7558))GLOBAL_UNIT_ASSIGNED_CONTEXT((#7557,#7555,#7556))REPRESENTATION_CONTEXT('None','None'));
#7560=SHAPE_REPRESENTATION('',(#7554),#7559);
#7561=COLOUR_RGB($,0.0,0.0,0.0);
#7562=FILL_AREA_STYLE_COLOUR('',#7561);
#7563=FILL_AREA_STYLE('',(#7562));
#7564=SURFACE_STYLE_FILL_AREA(#7563);
#7565=SURFACE_SIDE_STYLE('',(#7564));
#7566=SURFACE_STYLE_USAGE(.BOTH.,#7565);
#7567=PRESENTATION_STYLE_ASSIGNMENT((#7566));
#7568=STYLED_ITEM('',(#7567),#7554);
#7569=CARTESIAN_POINT('',(-226.1,-285.0,0.0));
#7570=VERTEX_POINT('',#7569);
#7571=CARTESIAN_POINT('',(-226.1,-250.0,0.0));
#7572=VERTEX_POINT('',#7571);
#7573=CARTESIAN_POINT('',(-256.1,-255.0,0.0));
#7574=VERTEX_POINT('',#7573);
#7575=CARTESIAN_POINT('',(-236.1,-255.0,0.0));
#7576=VERTEX_POINT('',#7575);
#7577=CARTESIAN_POINT('',(-231.1,-260.0,0.0));
#7578=VERTEX_POINT('',#7577);
#7579=CARTESIAN_POINT('',(-231.1,-280.0,0.0));
#7580=VERTEX_POINT('',#7579);
#7581=CARTESIAN_POINT('',(-226.1,-285.0,304.8));
#7582=VERTEX_POINT('',#7581);
#7583=CARTESIAN_POINT('',(-226.1,-250.0,304.8));
#7584=VERTEX_POINT('',#7583);
#7585=CARTESIAN_POINT('',(-256.1,-255.0,304.8));
#7586=VERTEX_POINT('',#7585);
#7587=CARTESIAN_POINT('',(-236.1,-255.0,304.8));
#7588=VERTEX_POINT('',#7587);
#7589=CARTESIAN_POINT('',(-231.1,-260.0,304.8));
#7590=VERTEX_POINT('',#7589);
#7591=CARTESIAN_POINT('',(-231.1,-280.0,304.8));
#7592=VERTEX_POINT('',#7591);
#7593=DIRECTION('',(0.0,1.0,0.0));
#7594=VECTOR('',#7593, 35.0);
#7595=CARTESIAN_POINT('',(-226.1,-285.0,0.0));
#7596=LINE('',#7595,#7594);
#7597=EDGE_CURVE('',#7570,#7572,#7596,.T.);
#7598=DIRECTION('',(-1.0,0.0,0.0));
#7599=VECTOR('',#7598, 35.0);
#7600=CARTESIAN_POINT('',(-226.1,-250.0,0.0));
#7601=LINE('',#7600,#7599);
#7602=EDGE_CURVE('',#7572,#7574,#7601,.T.);
#7603=DIRECTION('',(1.0,0.0,0.0));
#7604=VECTOR('',#7603, 20.0);
#7605=CARTESIAN_POINT('',(-256.1,-255.0,0.0));
#7606=LINE('',#7605,#7604);
#7607=EDGE_CURVE('',#7574,#7576,#7606,.T.);
#7608=CARTESIAN_POINT('',(-236.1,-260.0,0.0));
#7609=DIRECTION('',(0.0,0.0,-1.0));
#7610=DIRECTION('',(-1.0,0.0,0.0));
#7611=AXIS2_PLACEMENT_3D('',#7608,#7609,#7610);
#7612=CIRCLE('',#7611,5.0);
#7613=EDGE_CURVE('',#7576,#7578,#7612,.T.);
#7614=DIRECTION('',(0.0,-1.0,0.0));
#7615=VECTOR('',#7614, 20.0);
#7616=CARTESIAN_POINT('',(-231.1,-260.0,0.0));
#7617=LINE('',#7616,#7615);
#7618=EDGE_CURVE('',#7578,#7580,#7617,.T.);
#7619=DIRECTION('',(0.0,1.0,0.0));
#7620=VECTOR('',#7619, 35.0);
#7621=CARTESIAN_POINT('',(-226.1,-285.0,304.8));
#7622=LINE('',#7621,#7620);
#7623=EDGE_CURVE('',#7582,#7584,#7622,.T.);
#7624=DIRECTION('',(-1.0,0.0,0.0));
#7625=VECTOR('',#7624, 35.0);
#7626=CARTESIAN_POINT('',(-226.1,-250.0,304.8));
#7627=LINE('',#7626,#7625);
#7628=EDGE_CURVE('',#7584,#7586,#7627,.T.);
#7629=DIRECTION('',(1.0,0.0,0.0));
#7630=VECTOR('',#7629, 20.0);
#7631=CARTESIAN_POINT('',(-256.1,-255.0,304.8));
#7632=LINE('',#7631,#7630);
#7633=EDGE_CURVE('',#7586,#7588,#7632,.T.);
#7634=CARTESIAN_POINT('',(-236.1,-260.0,304.8));
#7635=DIRECTION('',(0.0,0.0,-1.0));
#7636=DIRECTION('',(-1.0,0.0,0.0));
#7637=AXIS2_PLACEMENT_3D('',#7634,#7635,#7636);
#7638=CIRCLE('',#7637,5.0);
#7639=EDGE_CURVE('',#7588,#7590,#7638,.T.);
#7640=DIRECTION('',(0.0,-1.0,0.0));
#7641=VECTOR('',#7640, 20.0);
#7642=CARTESIAN_POINT('',(-231.1,-260.0,304.8));
#7643=LINE('',#7642,#7641);
#7644=EDGE_CURVE('',#7590,#7592,#7643,.T.);
#7645=DIRECTION('',(0.0,0.0,1.0));
#7646=VECTOR('',#7645, 304.8);
#7647=CARTESIAN_POINT('',(-226.1,-285.0,0.0));
#7648=LINE('',#7647,#7646);
#7649=EDGE_CURVE('',#7570,#7582,#7648,.T.);
#7650=DIRECTION('',(0.0,0.0,1.0));
#7651=VECTOR('',#7650, 304.8);
#7652=CARTESIAN_POINT('',(-226.1,-250.0,0.0));
#7653=LINE('',#7652,#7651);
#7654=EDGE_CURVE('',#7572,#7584,#7653,.T.);
#7655=DIRECTION('',(0.0,0.0,1.0));
#7656=VECTOR('',#7655, 304.8);
#7657=CARTESIAN_POINT('',(-256.1,-255.0,0.0));
#7658=LINE('',#7657,#7656);
#7659=EDGE_CURVE('',#7574,#7586,#7658,.T.);
#7660=DIRECTION('',(0.0,0.0,1.0));
#7661=VECTOR('',#7660, 304.8);
#7662=CARTESIAN_POINT('',(-236.1,-255.0,0.0));
#7663=LINE('',#7662,#7661);
#7664=EDGE_CURVE('',#7576,#7588,#7663,.T.);
#7665=DIRECTION('',(0.0,0.0,1.0));
#7666=VECTOR('',#7665, 304.8);
#7667=CARTESIAN_POINT('',(-231.1,-260.0,0.0));
#7668=LINE('',#7667,#7666);
#7669=EDGE_CURVE('',#7578,#7590,#7668,.T.);
#7670=DIRECTION('',(0.0,0.0,1.0));
#7671=VECTOR('',#7670, 304.8);
#7672=CARTESIAN_POINT('',(-231.1,-280.0,0.0));
#7673=LINE('',#7672,#7671);
#7674=EDGE_CURVE('',#7580,#7592,#7673,.T.);
#7675=ORIENTED_EDGE('',*,*,#7597,.T.);
#7676=ORIENTED_EDGE('',*,*,#7654,.T.);
#7677=ORIENTED_EDGE('',*,*,#7623,.F.);
#7678=ORIENTED_EDGE('',*,*,#7649,.F.);
#7679=ORIENTED_EDGE('',*,*,#7602,.T.);
#7680=ORIENTED_EDGE('',*,*,#7659,.T.);
#7681=ORIENTED_EDGE('',*,*,#7628,.F.);
#7682=ORIENTED_EDGE('',*,*,#7654,.F.);
#7683=ORIENTED_EDGE('',*,*,#7607,.T.);
#7684=ORIENTED_EDGE('',*,*,#7664,.T.);
#7685=ORIENTED_EDGE('',*,*,#7633,.F.);
#7686=ORIENTED_EDGE('',*,*,#7659,.F.);
#7687=ORIENTED_EDGE('',*,*,#7613,.T.);
#7688=ORIENTED_EDGE('',*,*,#7669,.T.);
#7689=ORIENTED_EDGE('',*,*,#7639,.F.);
#7690=ORIENTED_EDGE('',*,*,#7664,.F.);
#7691=ORIENTED_EDGE('',*,*,#7618,.T.);
#7692=ORIENTED_EDGE('',*,*,#7674,.T.);
#7693=ORIENTED_EDGE('',*,*,#7644,.F.);
#7694=ORIENTED_EDGE('',*,*,#7669,.F.);
#7695=ORIENTED_EDGE('',*,*,#7597,.T.);
#7696=ORIENTED_EDGE('',*,*,#7602,.T.);
#7697=ORIENTED_EDGE('',*,*,#7607,.T.);
#7698=ORIENTED_EDGE('',*,*,#7613,.T.);
#7699=ORIENTED_EDGE('',*,*,#7618,.T.);
#7700=ORIENTED_EDGE('',*,*,#7623,.T.);
#7701=ORIENTED_EDGE('',*,*,#7628,.T.);
#7702=ORIENTED_EDGE('',*,*,#7633,.T.);
#7703=ORIENTED_EDGE('',*,*,#7639,.T.);
#7704=ORIENTED_EDGE('',*,*,#7644,.T.);
#7705=DIRECTION('',(0.0,1.0,0.0));
#7706=VECTOR('',#7705, 35.0);
#7707=CARTESIAN_POINT('',(-226.1,-285.0,0.0));
#7708=LINE('',#7707,#7706);
#7709=DIRECTION('',(0.0,0.0,-1.0));
#7710=VECTOR('',#7709, 304.8);
#7711=SURFACE_OF_LINEAR_EXTRUSION('',#7708,#7710);
#7712=EDGE_LOOP('',(#7675,#7676,#7677,#7678));
#7713=FACE_OUTER_BOUND('',#7712,.T.);
#7714=ADVANCED_FACE('',(#7713),#7711,.F.);
#7715=DIRECTION('',(-1.0,0.0,0.0));
#7716=VECTOR('',#7715, 35.0);
#7717=CARTESIAN_POINT('',(-226.1,-250.0,0.0));
#7718=LINE('',#7717,#7716);
#7719=DIRECTION('',(0.0,0.0,-1.0));
#7720=VECTOR('',#7719, 304.8);
#7721=SURFACE_OF_LINEAR_EXTRUSION('',#7718,#7720);
#7722=EDGE_LOOP('',(#7679,#7680,#7681,#7682));
#7723=FACE_OUTER_BOUND('',#7722,.T.);
#7724=ADVANCED_FACE('',(#7723),#7721,.F.);
#7725=DIRECTION('',(1.0,0.0,0.0));
#7726=VECTOR('',#7725, 20.0);
#7727=CARTESIAN_POINT('',(-256.1,-255.0,0.0));
#7728=LINE('',#7727,#7726);
#7729=DIRECTION('',(0.0,0.0,-1.0));
#7730=VECTOR('',#7729, 304.8);
#7731=SURFACE_OF_LINEAR_EXTRUSION('',#7728,#7730);
#7732=EDGE_LOOP('',(#7683,#7684,#7685,#7686));
#7733=FACE_OUTER_BOUND('',#7732,.T.);
#7734=ADVANCED_FACE('',(#7733),#7731,.F.);
#7735=CARTESIAN_POINT('',(-236.1,-260.0,0.0));
#7736=DIRECTION('',(0.0,0.0,-1.0));
#7737=DIRECTION('',(-1.0,0.0,0.0));
#7738=AXIS2_PLACEMENT_3D('',#7735,#7736,#7737);
#7739=CIRCLE('',#7738,5.0);
#7740=DIRECTION('',(0.0,0.0,-1.0));
#7741=VECTOR('',#7740, 304.8);
#7742=SURFACE_OF_LINEAR_EXTRUSION('',#7739,#7741);
#7743=EDGE_LOOP('',(#7687,#7688,#7689,#7690));
#7744=FACE_OUTER_BOUND('',#7743,.T.);
#7745=ADVANCED_FACE('',(#7744),#7742,.F.);
#7746=DIRECTION('',(0.0,-1.0,0.0));
#7747=VECTOR('',#7746, 20.0);
#7748=CARTESIAN_POINT('',(-231.1,-260.0,0.0));
#7749=LINE('',#7748,#7747);
#7750=DIRECTION('',(0.0,0.0,-1.0));
#7751=VECTOR('',#7750, 304.8);
#7752=SURFACE_OF_LINEAR_EXTRUSION('',#7749,#7751);
#7753=EDGE_LOOP('',(#7691,#7692,#7693,#7694));
#7754=FACE_OUTER_BOUND('',#7753,.T.);
#7755=ADVANCED_FACE('',(#7754),#7752,.F.);
#7756=CARTESIAN_POINT('',(-226.1,-285.0,0.0));
#7757=DIRECTION('',(0.0,0.0,1.0));
#7758=DIRECTION('',(-1.0,0.0,0.0));
#7759=AXIS2_PLACEMENT_3D('',#7756,#7757,#7758);
#7760=PLANE ( 'NONE',#7759);
#7761=EDGE_LOOP('',(#7695,#7696,#7697,#7698,#7699));
#7762=FACE_OUTER_BOUND('',#7761,.F.);
#7763=ADVANCED_FACE('',(#7762),#7760,.T.);
#7764=CARTESIAN_POINT('',(-226.1,-285.0,304.8));
#7765=DIRECTION('',(0.0,0.0,1.0));
#7766=DIRECTION('',(-1.0,0.0,0.0));
#7767=AXIS2_PLACEMENT_3D('',#7764,#7765,#7766);
#7768=PLANE ( 'NONE',#7767);
#7769=EDGE_LOOP('',(#7700,#7701,#7702,#7703,#7704));
#7770=FACE_OUTER_BOUND('',#7769,.T.);
#7771=ADVANCED_FACE('',(#7770),#7768,.F.);
#7772=CLOSED_SHELL('',(#7714,#7724,#7734,#7745,#7755,#7763,#7771));
#7773=MANIFOLD_SOLID_BREP('solid_7772',#7772);
#7774=(NAMED_UNIT(*)SI_UNIT($,.STERADIAN.)SOLID_ANGLE_UNIT());
#7775=(NAMED_UNIT(*)PLANE_ANGLE_UNIT()SI_UNIT($,.RADIAN.));
#7776=(LENGTH_UNIT()NAMED_UNIT(*)SI_UNIT(.MILLI.,.METRE.));
#7777=UNCERTAINTY_MEASURE_WITH_UNIT(LENGTH_MEASURE(1.0E-5),#7776,'DISTANCE_ACCURACY_VALUE','');
#7778=(GEOMETRIC_REPRESENTATION_CONTEXT(3)GLOBAL_UNCERTAINTY_ASSIGNED_CONTEXT((#7777))GLOBAL_UNIT_ASSIGNED_CONTEXT((#7776,#7774,#7775))REPRESENTATION_CONTEXT('None','None'));
#7779=SHAPE_REPRESENTATION('',(#7773),#7778);
#7780=COLOUR_RGB($,0.0,0.0,0.0);
#7781=FILL_AREA_STYLE_COLOUR('',#7780);
#7782=FILL_AREA_STYLE('',(#7781));
#7783=SURFACE_STYLE_FILL_AREA(#7782);
#7784=SURFACE_SIDE_STYLE('',(#7783));
#7785=SURFACE_STYLE_USAGE(.BOTH.,#7784);
#7786=PRESENTATION_STYLE_ASSIGNMENT((#7785));
#7787=STYLED_ITEM('',(#7786),#7773);
#7788=CARTESIAN_POINT('',(-226.1,35.0,0.0));
#7789=VERTEX_POINT('',#7788);
#7790=CARTESIAN_POINT('',(-226.1,0.0,0.0));
#7791=VERTEX_POINT('',#7790);
#7792=CARTESIAN_POINT('',(-256.1,5.0,0.0));
#7793=VERTEX_POINT('',#7792);
#7794=CARTESIAN_POINT('',(-236.1,5.0,0.0));
#7795=VERTEX_POINT('',#7794);
#7796=CARTESIAN_POINT('',(-231.1,10.0,0.0));
#7797=VERTEX_POINT('',#7796);
#7798=CARTESIAN_POINT('',(-231.1,30.0,0.0));
#7799=VERTEX_POINT('',#7798);
#7800=CARTESIAN_POINT('',(-226.1,35.0,304.8));
#7801=VERTEX_POINT('',#7800);
#7802=CARTESIAN_POINT('',(-226.1,0.0,304.8));
#7803=VERTEX_POINT('',#7802);
#7804=CARTESIAN_POINT('',(-256.1,5.0,304.8));
#7805=VERTEX_POINT('',#7804);
#7806=CARTESIAN_POINT('',(-236.1,5.0,304.8));
#7807=VERTEX_POINT('',#7806);
#7808=CARTESIAN_POINT('',(-231.1,10.0,304.8));
#7809=VERTEX_POINT('',#7808);
#7810=CARTESIAN_POINT('',(-231.1,30.0,304.8));
#7811=VERTEX_POINT('',#7810);
#7812=DIRECTION('',(0.0,-1.0,0.0));
#7813=VECTOR('',#7812, 35.0);
#7814=CARTESIAN_POINT('',(-226.1,35.0,0.0));
#7815=LINE('',#7814,#7813);
#7816=EDGE_CURVE('',#7789,#7791,#7815,.T.);
#7817=DIRECTION('',(-1.0,0.0,0.0));
#7818=VECTOR('',#7817, 35.0);
#7819=CARTESIAN_POINT('',(-226.1,0.0,0.0));
#7820=LINE('',#7819,#7818);
#7821=EDGE_CURVE('',#7791,#7793,#7820,.T.);
#7822=DIRECTION('',(1.0,0.0,0.0));
#7823=VECTOR('',#7822, 20.0);
#7824=CARTESIAN_POINT('',(-256.1,5.0,0.0));
#7825=LINE('',#7824,#7823);
#7826=EDGE_CURVE('',#7793,#7795,#7825,.T.);
#7827=CARTESIAN_POINT('',(-236.1,10.0,0.0));
#7828=DIRECTION('',(0.0,0.0,1.0));
#7829=DIRECTION('',(-1.0,0.0,0.0));
#7830=AXIS2_PLACEMENT_3D('',#7827,#7828,#7829);
#7831=CIRCLE('',#7830,5.0);
#7832=EDGE_CURVE('',#7795,#7797,#7831,.T.);
#7833=DIRECTION('',(0.0,1.0,0.0));
#7834=VECTOR('',#7833, 20.0);
#7835=CARTESIAN_POINT('',(-231.1,10.0,0.0));
#7836=LINE('',#7835,#7834);
#7837=EDGE_CURVE('',#7797,#7799,#7836,.T.);
#7838=DIRECTION('',(0.0,-1.0,0.0));
#7839=VECTOR('',#7838, 35.0);
#7840=CARTESIAN_POINT('',(-226.1,35.0,304.8));
#7841=LINE('',#7840,#7839);
#7842=EDGE_CURVE('',#7801,#7803,#7841,.T.);
#7843=DIRECTION('',(-1.0,0.0,0.0));
#7844=VECTOR('',#7843, 35.0);
#7845=CARTESIAN_POINT('',(-226.1,0.0,304.8));
#7846=LINE('',#7845,#7844);
#7847=EDGE_CURVE('',#7803,#7805,#7846,.T.);
#7848=DIRECTION('',(1.0,0.0,0.0));
#7849=VECTOR('',#7848, 20.0);
#7850=CARTESIAN_POINT('',(-256.1,5.0,304.8));
#7851=LINE('',#7850,#7849);
#7852=EDGE_CURVE('',#7805,#7807,#7851,.T.);
#7853=CARTESIAN_POINT('',(-236.1,10.0,304.8));
#7854=DIRECTION('',(0.0,0.0,1.0));
#7855=DIRECTION('',(-1.0,0.0,0.0));
#7856=AXIS2_PLACEMENT_3D('',#7853,#7854,#7855);
#7857=CIRCLE('',#7856,5.0);
#7858=EDGE_CURVE('',#7807,#7809,#7857,.T.);
#7859=DIRECTION('',(0.0,1.0,0.0));
#7860=VECTOR('',#7859, 20.0);
#7861=CARTESIAN_POINT('',(-231.1,10.0,304.8));
#7862=LINE('',#7861,#7860);
#7863=EDGE_CURVE('',#7809,#7811,#7862,.T.);
#7864=DIRECTION('',(0.0,0.0,1.0));
#7865=VECTOR('',#7864, 304.8);
#7866=CARTESIAN_POINT('',(-226.1,35.0,0.0));
#7867=LINE('',#7866,#7865);
#7868=EDGE_CURVE('',#7789,#7801,#7867,.T.);
#7869=DIRECTION('',(0.0,0.0,1.0));
#7870=VECTOR('',#7869, 304.8);
#7871=CARTESIAN_POINT('',(-226.1,0.0,0.0));
#7872=LINE('',#7871,#7870);
#7873=EDGE_CURVE('',#7791,#7803,#7872,.T.);
#7874=DIRECTION('',(0.0,0.0,1.0));
#7875=VECTOR('',#7874, 304.8);
#7876=CARTESIAN_POINT('',(-256.1,5.0,0.0));
#7877=LINE('',#7876,#7875);
#7878=EDGE_CURVE('',#7793,#7805,#7877,.T.);
#7879=DIRECTION('',(0.0,0.0,1.0));
#7880=VECTOR('',#7879, 304.8);
#7881=CARTESIAN_POINT('',(-236.1,5.0,0.0));
#7882=LINE('',#7881,#7880);
#7883=EDGE_CURVE('',#7795,#7807,#7882,.T.);
#7884=DIRECTION('',(0.0,0.0,1.0));
#7885=VECTOR('',#7884, 304.8);
#7886=CARTESIAN_POINT('',(-231.1,10.0,0.0));
#7887=LINE('',#7886,#7885);
#7888=EDGE_CURVE('',#7797,#7809,#7887,.T.);
#7889=DIRECTION('',(0.0,0.0,1.0));
#7890=VECTOR('',#7889, 304.8);
#7891=CARTESIAN_POINT('',(-231.1,30.0,0.0));
#7892=LINE('',#7891,#7890);
#7893=EDGE_CURVE('',#7799,#7811,#7892,.T.);
#7894=ORIENTED_EDGE('',*,*,#7816,.T.);
#7895=ORIENTED_EDGE('',*,*,#7873,.T.);
#7896=ORIENTED_EDGE('',*,*,#7842,.F.);
#7897=ORIENTED_EDGE('',*,*,#7868,.F.);
#7898=ORIENTED_EDGE('',*,*,#7821,.T.);
#7899=ORIENTED_EDGE('',*,*,#7878,.T.);
#7900=ORIENTED_EDGE('',*,*,#7847,.F.);
#7901=ORIENTED_EDGE('',*,*,#7873,.F.);
#7902=ORIENTED_EDGE('',*,*,#7826,.T.);
#7903=ORIENTED_EDGE('',*,*,#7883,.T.);
#7904=ORIENTED_EDGE('',*,*,#7852,.F.);
#7905=ORIENTED_EDGE('',*,*,#7878,.F.);
#7906=ORIENTED_EDGE('',*,*,#7832,.T.);
#7907=ORIENTED_EDGE('',*,*,#7888,.T.);
#7908=ORIENTED_EDGE('',*,*,#7858,.F.);
#7909=ORIENTED_EDGE('',*,*,#7883,.F.);
#7910=ORIENTED_EDGE('',*,*,#7837,.T.);
#7911=ORIENTED_EDGE('',*,*,#7893,.T.);
#7912=ORIENTED_EDGE('',*,*,#7863,.F.);
#7913=ORIENTED_EDGE('',*,*,#7888,.F.);
#7914=ORIENTED_EDGE('',*,*,#7816,.T.);
#7915=ORIENTED_EDGE('',*,*,#7821,.T.);
#7916=ORIENTED_EDGE('',*,*,#7826,.T.);
#7917=ORIENTED_EDGE('',*,*,#7832,.T.);
#7918=ORIENTED_EDGE('',*,*,#7837,.T.);
#7919=ORIENTED_EDGE('',*,*,#7842,.T.);
#7920=ORIENTED_EDGE('',*,*,#7847,.T.);
#7921=ORIENTED_EDGE('',*,*,#7852,.T.);
#7922=ORIENTED_EDGE('',*,*,#7858,.T.);
#7923=ORIENTED_EDGE('',*,*,#7863,.T.);
#7924=DIRECTION('',(0.0,-1.0,0.0));
#7925=VECTOR('',#7924, 35.0);
#7926=CARTESIAN_POINT('',(-226.1,35.0,0.0));
#7927=LINE('',#7926,#7925);
#7928=DIRECTION('',(0.0,0.0,1.0));
#7929=VECTOR('',#7928, 304.8);
#7930=SURFACE_OF_LINEAR_EXTRUSION('',#7927,#7929);
#7931=EDGE_LOOP('',(#7894,#7895,#7896,#7897));
#7932=FACE_OUTER_BOUND('',#7931,.F.);
#7933=ADVANCED_FACE('',(#7932),#7930,.F.);
#7934=DIRECTION('',(-1.0,0.0,0.0));
#7935=VECTOR('',#7934, 35.0);
#7936=CARTESIAN_POINT('',(-226.1,0.0,0.0));
#7937=LINE('',#7936,#7935);
#7938=DIRECTION('',(0.0,0.0,1.0));
#7939=VECTOR('',#7938, 304.8);
#7940=SURFACE_OF_LINEAR_EXTRUSION('',#7937,#7939);
#7941=EDGE_LOOP('',(#7898,#7899,#7900,#7901));
#7942=FACE_OUTER_BOUND('',#7941,.F.);
#7943=ADVANCED_FACE('',(#7942),#7940,.F.);
#7944=DIRECTION('',(1.0,0.0,0.0));
#7945=VECTOR('',#7944, 20.0);
#7946=CARTESIAN_POINT('',(-256.1,5.0,0.0));
#7947=LINE('',#7946,#7945);
#7948=DIRECTION('',(0.0,0.0,1.0));
#7949=VECTOR('',#7948, 304.8);
#7950=SURFACE_OF_LINEAR_EXTRUSION('',#7947,#7949);
#7951=EDGE_LOOP('',(#7902,#7903,#7904,#7905));
#7952=FACE_OUTER_BOUND('',#7951,.F.);
#7953=ADVANCED_FACE('',(#7952),#7950,.F.);
#7954=CARTESIAN_POINT('',(-236.1,10.0,0.0));
#7955=DIRECTION('',(0.0,0.0,1.0));
#7956=DIRECTION('',(-1.0,0.0,0.0));
#7957=AXIS2_PLACEMENT_3D('',#7954,#7955,#7956);
#7958=CIRCLE('',#7957,5.0);
#7959=DIRECTION('',(0.0,0.0,1.0));
#7960=VECTOR('',#7959, 304.8);
#7961=SURFACE_OF_LINEAR_EXTRUSION('',#7958,#7960);
#7962=EDGE_LOOP('',(#7906,#7907,#7908,#7909));
#7963=FACE_OUTER_BOUND('',#7962,.F.);
#7964=ADVANCED_FACE('',(#7963),#7961,.F.);
#7965=DIRECTION('',(0.0,1.0,0.0));
#7966=VECTOR('',#7965, 20.0);
#7967=CARTESIAN_POINT('',(-231.1,10.0,0.0));
#7968=LINE('',#7967,#7966);
#7969=DIRECTION('',(0.0,0.0,1.0));
#7970=VECTOR('',#7969, 304.8);
#7971=SURFACE_OF_LINEAR_EXTRUSION('',#7968,#7970);
#7972=EDGE_LOOP('',(#7910,#7911,#7912,#7913));
#7973=FACE_OUTER_BOUND('',#7972,.F.);
#7974=ADVANCED_FACE('',(#7973),#7971,.F.);
#7975=CARTESIAN_POINT('',(-226.1,35.0,0.0));
#7976=DIRECTION('',(0.0,0.0,1.0));
#7977=DIRECTION('',(-1.0,0.0,0.0));
#7978=AXIS2_PLACEMENT_3D('',#7975,#7976,#7977);
#7979=PLANE ( 'NONE',#7978);
#7980=EDGE_LOOP('',(#7914,#7915,#7916,#7917,#7918));
#7981=FACE_OUTER_BOUND('',#7980,.T.);
#7982=ADVANCED_FACE('',(#7981),#7979,.T.);
#7983=CARTESIAN_POINT('',(-226.1,35.0,304.8));
#7984=DIRECTION('',(0.0,0.0,1.0));
#7985=DIRECTION('',(-1.0,0.0,0.0));
#7986=AXIS2_PLACEMENT_3D('',#7983,#7984,#7985);
#7987=PLANE ( 'NONE',#7986);
#7988=EDGE_LOOP('',(#7919,#7920,#7921,#7922,#7923));
#7989=FACE_OUTER_BOUND('',#7988,.F.);
#7990=ADVANCED_FACE('',(#7989),#7987,.F.);
#7991=CLOSED_SHELL('',(#7933,#7943,#7953,#7964,#7974,#7982,#7990));
#7992=MANIFOLD_SOLID_BREP('solid_7991',#7991);
#7993=(NAMED_UNIT(*)SI_UNIT($,.STERADIAN.)SOLID_ANGLE_UNIT());
#7994=(NAMED_UNIT(*)PLANE_ANGLE_UNIT()SI_UNIT($,.RADIAN.));
#7995=(LENGTH_UNIT()NAMED_UNIT(*)SI_UNIT(.MILLI.,.METRE.));
#7996=UNCERTAINTY_MEASURE_WITH_UNIT(LENGTH_MEASURE(1.0E-5),#7995,'DISTANCE_ACCURACY_VALUE','');
#7997=(GEOMETRIC_REPRESENTATION_CONTEXT(3)GLOBAL_UNCERTAINTY_ASSIGNED_CONTEXT((#7996))GLOBAL_UNIT_ASSIGNED_CONTEXT((#7995,#7993,#7994))REPRESENTATION_CONTEXT('None','None'));
#7998=SHAPE_REPRESENTATION('',(#7992),#7997);
#7999=COLOUR_RGB($,0.0,0.0,0.0);
#8000=FILL_AREA_STYLE_COLOUR('',#7999);
#8001=FILL_AREA_STYLE('',(#8000));
#8002=SURFACE_STYLE_FILL_AREA(#8001);
#8003=SURFACE_SIDE_STYLE('',(#8002));
#8004=SURFACE_STYLE_USAGE(.BOTH.,#8003);
#8005=PRESENTATION_STYLE_ASSIGNMENT((#8004));
#8006=STYLED_ITEM('',(#8005),#7992);
#8007=CARTESIAN_POINT('',(250.099999999999,-40.0,-444.4));
#8008=VERTEX_POINT('',#8007);
#8009=CARTESIAN_POINT('',(250.099999999999,-40.0,-448.0));
#8010=VERTEX_POINT('',#8009);
#8011=CARTESIAN_POINT('',(286.5,-3.6,-444.4));
#8012=VERTEX_POINT('',#8011);
#8013=CARTESIAN_POINT('',(286.5,-3.6,-376.6));
#8014=VERTEX_POINT('',#8013);
#8015=CARTESIAN_POINT('',(250.099999999999,-40.0,-376.6));
#8016=VERTEX_POINT('',#8015);
#8017=CARTESIAN_POINT('',(250.1,-40.0,-373.0));
#8018=VERTEX_POINT('',#8017);
#8019=CARTESIAN_POINT('',(290.1,0.0,-373.0));
#8020=VERTEX_POINT('',#8019);
#8021=CARTESIAN_POINT('',(290.1,0.0,-448.0));
#8022=VERTEX_POINT('',#8021);
#8023=CARTESIAN_POINT('',(-310.9,-40.0,-448.0));
#8024=VERTEX_POINT('',#8023);
#8025=CARTESIAN_POINT('',(-310.900000000006,-40.0,-444.4));
#8026=VERTEX_POINT('',#8025);
#8027=CARTESIAN_POINT('',(-347.3,-3.6,-444.4));
#8028=VERTEX_POINT('',#8027);
#8029=CARTESIAN_POINT('',(-347.3,-3.6,-376.6));
#8030=VERTEX_POINT('',#8029);
#8031=CARTESIAN_POINT('',(-310.9,-40.0,-376.6));
#8032=VERTEX_POINT('',#8031);
#8033=CARTESIAN_POINT('',(-310.900000000006,-40.0,-373.0));
#8034=VERTEX_POINT('',#8033);
#8035=CARTESIAN_POINT('',(-350.900000000001,0.0,-373.0));
#8036=VERTEX_POINT('',#8035);
#8037=CARTESIAN_POINT('',(-350.900000000001,0.0,-448.0));
#8038=VERTEX_POINT('',#8037);
#8039=CARTESIAN_POINT('',(286.5,-246.4,-376.6));
#8040=VERTEX_POINT('',#8039);
#8041=CARTESIAN_POINT('',(286.5,-246.4,-444.4));
#8042=VERTEX_POINT('',#8041);
#8043=CARTESIAN_POINT('',(250.1,-210.0,-376.6));
#8044=VERTEX_POINT('',#8043);
#8045=CARTESIAN_POINT('',(250.1,-210.0,-373.0));
#8046=VERTEX_POINT('',#8045);
#8047=CARTESIAN_POINT('',(290.1,-250.0,-373.0));
#8048=VERTEX_POINT('',#8047);
#8049=CARTESIAN_POINT('',(290.1,-250.0,-448.0));
#8050=VERTEX_POINT('',#8049);
#8051=CARTESIAN_POINT('',(250.1,-210.0,-448.0));
#8052=VERTEX_POINT('',#8051);
#8053=CARTESIAN_POINT('',(250.1,-210.0,-444.4));
#8054=VERTEX_POINT('',#8053);
#8055=CARTESIAN_POINT('',(-310.9,-210.0,-444.4));
#8056=VERTEX_POINT('',#8055);
#8057=CARTESIAN_POINT('',(-310.900000000007,-210.0,-448.0));
#8058=VERTEX_POINT('',#8057);
#8059=CARTESIAN_POINT('',(-347.3,-246.4,-444.4));
#8060=VERTEX_POINT('',#8059);
#8061=CARTESIAN_POINT('',(-347.3,-246.4,-376.6));
#8062=VERTEX_POINT('',#8061);
#8063=CARTESIAN_POINT('',(-310.9,-210.0,-376.6));
#8064=VERTEX_POINT('',#8063);
#8065=CARTESIAN_POINT('',(-310.9,-210.0,-373.0));
#8066=VERTEX_POINT('',#8065);
#8067=CARTESIAN_POINT('',(-350.9,-250.0,-373.0));
#8068=VERTEX_POINT('',#8067);
#8069=CARTESIAN_POINT('',(-350.9,-250.0,-448.0));
#8070=VERTEX_POINT('',#8069);
#8071=DIRECTION('',(0.0,0.0,-1.0));
#8072=VECTOR('',#8071, 3.6);
#8073=CARTESIAN_POINT('',(250.099999999999,-40.0,-444.4));
#8074=LINE('',#8073,#8072);
#8075=EDGE_CURVE('',#8008,#8010,#8074,.T.);
#8076=DIRECTION('',(-0.707106781187,-0.707106781187,0.0));
#8077=VECTOR('',#8076, 51.477373670381);
#8078=CARTESIAN_POINT('',(286.5,-3.6,-444.4));
#8079=LINE('',#8078,#8077);
#8080=EDGE_CURVE('',#8012,#8008,#8079,.T.);
#8081=DIRECTION('',(0.0,0.0,-1.0));
#8082=VECTOR('',#8081, 67.8);
#8083=CARTESIAN_POINT('',(286.5,-3.6,-376.6));
#8084=LINE('',#8083,#8082);
#8085=EDGE_CURVE('',#8014,#8012,#8084,.T.);
#8086=DIRECTION('',(0.707106781187,0.707106781187,0.0));
#8087=VECTOR('',#8086, 51.477373670381);
#8088=CARTESIAN_POINT('',(250.1,-40.0,-376.6));
#8089=LINE('',#8088,#8087);
#8090=EDGE_CURVE('',#8016,#8014,#8089,.T.);
#8091=DIRECTION('',(0.0,0.0,-1.0));
#8092=VECTOR('',#8091, 3.6);
#8093=CARTESIAN_POINT('',(250.099999999999,-40.0,-373.0));
#8094=LINE('',#8093,#8092);
#8095=EDGE_CURVE('',#8018,#8016,#8094,.T.);
#8096=DIRECTION('',(-0.707106781187,-0.707106781187,0.0));
#8097=VECTOR('',#8096, 56.568542494924);
#8098=CARTESIAN_POINT('',(290.1,0.0,-373.0));
#8099=LINE('',#8098,#8097);
#8100=EDGE_CURVE('',#8020,#8018,#8099,.T.);
#8101=DIRECTION('',(0.0,0.0,1.0));
#8102=VECTOR('',#8101, 75.0);
#8103=CARTESIAN_POINT('',(290.1,0.0,-448.0));
#8104=LINE('',#8103,#8102);
#8105=EDGE_CURVE('',#8022,#8020,#8104,.T.);
#8106=DIRECTION('',(0.707106781187,0.707106781187,0.0));
#8107=VECTOR('',#8106, 56.568542494923);
#8108=CARTESIAN_POINT('',(250.1,-40.0,-448.0));
#8109=LINE('',#8108,#8107);
#8110=EDGE_CURVE('',#8010,#8022,#8109,.T.);
#8111=DIRECTION('',(1.0,0.0,0.0));
#8112=VECTOR('',#8111, 561.0);
#8113=CARTESIAN_POINT('',(-310.9,-40.0,-448.0));
#8114=LINE('',#8113,#8112);
#8115=EDGE_CURVE('',#8024,#8010,#8114,.T.);
#8116=DIRECTION('',(0.0,0.0,1.0));
#8117=VECTOR('',#8116, 3.6);
#8118=CARTESIAN_POINT('',(-310.900000000006,-40.0,-448.0));
#8119=LINE('',#8118,#8117);
#8120=EDGE_CURVE('',#8024,#8026,#8119,.T.);
#8121=DIRECTION('',(1.0,0.0,0.0));
#8122=VECTOR('',#8121, 561.000000000005);
#8123=CARTESIAN_POINT('',(-310.900000000006,-40.0,-444.4));
#8124=LINE('',#8123,#8122);
#8125=EDGE_CURVE('',#8026,#8008,#8124,.T.);
#8126=DIRECTION('',(-0.707106781187,0.707106781187,0.0));
#8127=VECTOR('',#8126, 51.477373670381);
#8128=CARTESIAN_POINT('',(-310.9,-40.0,-444.4));
#8129=LINE('',#8128,#8127);
#8130=EDGE_CURVE('',#8026,#8028,#8129,.T.);
#8131=DIRECTION('',(1.0,0.0,0.0));
#8132=VECTOR('',#8131, 633.800000000001);
#8133=CARTESIAN_POINT('',(-347.3,-3.6,-444.4));
#8134=LINE('',#8133,#8132);
#8135=EDGE_CURVE('',#8028,#8012,#8134,.T.);
#8136=DIRECTION('',(0.0,0.0,1.0));
#8137=VECTOR('',#8136, 67.8);
#8138=CARTESIAN_POINT('',(-347.3,-3.6,-444.4));
#8139=LINE('',#8138,#8137);
#8140=EDGE_CURVE('',#8028,#8030,#8139,.T.);
#8141=DIRECTION('',(1.0,0.0,0.0));
#8142=VECTOR('',#8141, 633.8);
#8143=CARTESIAN_POINT('',(-347.3,-3.6,-376.6));
#8144=LINE('',#8143,#8142);
#8145=EDGE_CURVE('',#8030,#8014,#8144,.T.);
#8146=DIRECTION('',(0.707106781187,-0.707106781187,0.0));
#8147=VECTOR('',#8146, 51.477373670381);
#8148=CARTESIAN_POINT('',(-347.3,-3.6,-376.6));
#8149=LINE('',#8148,#8147);
#8150=EDGE_CURVE('',#8030,#8032,#8149,.T.);
#8151=DIRECTION('',(1.0,0.0,0.0));
#8152=VECTOR('',#8151, 560.999999999999);
#8153=CARTESIAN_POINT('',(-310.9,-40.0,-376.6));
#8154=LINE('',#8153,#8152);
#8155=EDGE_CURVE('',#8032,#8016,#8154,.T.);
#8156=DIRECTION('',(0.0,0.0,1.0));
#8157=VECTOR('',#8156, 3.6);
#8158=CARTESIAN_POINT('',(-310.900000000006,-40.0,-376.6));
#8159=LINE('',#8158,#8157);
#8160=EDGE_CURVE('',#8032,#8034,#8159,.T.);
#8161=DIRECTION('',(1.0,0.0,0.0));
#8162=VECTOR('',#8161, 561.000000000006);
#8163=CARTESIAN_POINT('',(-310.900000000006,-40.0,-373.0));
#8164=LINE('',#8163,#8162);
#8165=EDGE_CURVE('',#8034,#8018,#8164,.T.);
#8166=DIRECTION('',(-0.707106781187,0.707106781187,0.0));
#8167=VECTOR('',#8166, 56.568542494924);
#8168=CARTESIAN_POINT('',(-310.9,-40.0,-373.0));
#8169=LINE('',#8168,#8167);
#8170=EDGE_CURVE('',#8034,#8036,#8169,.T.);
#8171=DIRECTION('',(1.0,0.0,0.0));
#8172=VECTOR('',#8171, 641.000000000001);
#8173=CARTESIAN_POINT('',(-350.900000000001,0.0,-373.0));
#8174=LINE('',#8173,#8172);
#8175=EDGE_CURVE('',#8036,#8020,#8174,.T.);
#8176=DIRECTION('',(0.0,0.0,-1.0));
#8177=VECTOR('',#8176, 75.0);
#8178=CARTESIAN_POINT('',(-350.9,0.0,-373.0));
#8179=LINE('',#8178,#8177);
#8180=EDGE_CURVE('',#8036,#8038,#8179,.T.);
#8181=DIRECTION('',(1.0,0.0,0.0));
#8182=VECTOR('',#8181, 641.000000000001);
#8183=CARTESIAN_POINT('',(-350.900000000001,0.0,-448.0));
#8184=LINE('',#8183,#8182);
#8185=EDGE_CURVE('',#8038,#8022,#8184,.T.);
#8186=DIRECTION('',(0.707106781187,-0.707106781187,0.0));
#8187=VECTOR('',#8186, 56.568542494924);
#8188=CARTESIAN_POINT('',(-350.900000000001,0.0,-448.0));
#8189=LINE('',#8188,#8187);
#8190=EDGE_CURVE('',#8038,#8024,#8189,.T.);
#8191=DIRECTION('',(0.0,0.0,-1.0));
#8192=VECTOR('',#8191, 67.8);
#8193=CARTESIAN_POINT('',(286.5,-246.4,-376.6));
#8194=LINE('',#8193,#8192);
#8195=EDGE_CURVE('',#8040,#8042,#8194,.T.);
#8196=DIRECTION('',(0.707106781187,-0.707106781187,0.0));
#8197=VECTOR('',#8196, 51.47737367038);
#8198=CARTESIAN_POINT('',(250.1,-210.0,-376.6));
#8199=LINE('',#8198,#8197);
#8200=EDGE_CURVE('',#8044,#8040,#8199,.T.);
#8201=DIRECTION('',(0.0,0.0,-1.0));
#8202=VECTOR('',#8201, 3.6);
#8203=CARTESIAN_POINT('',(250.1,-210.0,-373.0));
#8204=LINE('',#8203,#8202);
#8205=EDGE_CURVE('',#8046,#8044,#8204,.T.);
#8206=DIRECTION('',(-0.707106781187,0.707106781187,0.0));
#8207=VECTOR('',#8206, 56.568542494924);
#8208=CARTESIAN_POINT('',(290.1,-250.0,-373.0));
#8209=LINE('',#8208,#8207);
#8210=EDGE_CURVE('',#8048,#8046,#8209,.T.);
#8211=DIRECTION('',(0.0,0.0,1.0));
#8212=VECTOR('',#8211, 75.0);
#8213=CARTESIAN_POINT('',(290.1,-250.0,-448.0));
#8214=LINE('',#8213,#8212);
#8215=EDGE_CURVE('',#8050,#8048,#8214,.T.);
#8216=DIRECTION('',(0.707106781187,-0.707106781187,0.0));
#8217=VECTOR('',#8216, 56.568542494924);
#8218=CARTESIAN_POINT('',(250.1,-210.0,-448.0));
#8219=LINE('',#8218,#8217);
#8220=EDGE_CURVE('',#8052,#8050,#8219,.T.);
#8221=DIRECTION('',(0.0,0.0,-1.0));
#8222=VECTOR('',#8221, 3.6);
#8223=CARTESIAN_POINT('',(250.1,-210.0,-444.4));
#8224=LINE('',#8223,#8222);
#8225=EDGE_CURVE('',#8054,#8052,#8224,.T.);
#8226=DIRECTION('',(-0.707106781187,0.707106781187,0.0));
#8227=VECTOR('',#8226, 51.477373670381);
#8228=CARTESIAN_POINT('',(286.5,-246.4,-444.4));
#8229=LINE('',#8228,#8227);
#8230=EDGE_CURVE('',#8042,#8054,#8229,.T.);
#8231=DIRECTION('',(0.0,-1.0,0.0));
#8232=VECTOR('',#8231, 242.8);
#8233=CARTESIAN_POINT('',(286.5,-3.6,-444.4));
#8234=LINE('',#8233,#8232);
#8235=EDGE_CURVE('',#8012,#8042,#8234,.T.);
#8236=DIRECTION('',(0.0,-1.0,0.0));
#8237=VECTOR('',#8236, 242.8);
#8238=CARTESIAN_POINT('',(286.5,-3.6,-376.6));
#8239=LINE('',#8238,#8237);
#8240=EDGE_CURVE('',#8014,#8040,#8239,.T.);
#8241=DIRECTION('',(0.0,-1.0,0.0));
#8242=VECTOR('',#8241, 170.0);
#8243=CARTESIAN_POINT('',(250.1,-40.000000000001,-376.6));
#8244=LINE('',#8243,#8242);
#8245=EDGE_CURVE('',#8016,#8044,#8244,.T.);
#8246=DIRECTION('',(0.0,-1.0,0.0));
#8247=VECTOR('',#8246, 170.000000000006);
#8248=CARTESIAN_POINT('',(250.1,-39.999999999994,-373.0));
#8249=LINE('',#8248,#8247);
#8250=EDGE_CURVE('',#8018,#8046,#8249,.T.);
#8251=DIRECTION('',(0.0,-1.0,0.0));
#8252=VECTOR('',#8251, 250.0);
#8253=CARTESIAN_POINT('',(290.1,0.0,-373.0));
#8254=LINE('',#8253,#8252);
#8255=EDGE_CURVE('',#8020,#8048,#8254,.T.);
#8256=DIRECTION('',(0.0,-1.0,0.0));
#8257=VECTOR('',#8256, 249.999999999999);
#8258=CARTESIAN_POINT('',(290.1,-0.000000000001,-448.0));
#8259=LINE('',#8258,#8257);
#8260=EDGE_CURVE('',#8022,#8050,#8259,.T.);
#8261=DIRECTION('',(0.0,-1.0,0.0));
#8262=VECTOR('',#8261, 169.999999999999);
#8263=CARTESIAN_POINT('',(250.1,-40.000000000001,-448.0));
#8264=LINE('',#8263,#8262);
#8265=EDGE_CURVE('',#8010,#8052,#8264,.T.);
#8266=DIRECTION('',(0.0,-1.0,0.0));
#8267=VECTOR('',#8266, 170.000000000006);
#8268=CARTESIAN_POINT('',(250.1,-39.999999999994,-444.4));
#8269=LINE('',#8268,#8267);
#8270=EDGE_CURVE('',#8008,#8054,#8269,.T.);
#8271=DIRECTION('',(0.0,0.0,-1.0));
#8272=VECTOR('',#8271, 3.6);
#8273=CARTESIAN_POINT('',(-310.900000000007,-210.0,-444.4));
#8274=LINE('',#8273,#8272);
#8275=EDGE_CURVE('',#8056,#8058,#8274,.T.);
#8276=DIRECTION('',(0.707106781187,0.707106781187,0.0));
#8277=VECTOR('',#8276, 51.477373670381);
#8278=CARTESIAN_POINT('',(-347.3,-246.4,-444.4));
#8279=LINE('',#8278,#8277);
#8280=EDGE_CURVE('',#8060,#8056,#8279,.T.);
#8281=DIRECTION('',(0.0,0.0,-1.0));
#8282=VECTOR('',#8281, 67.8);
#8283=CARTESIAN_POINT('',(-347.3,-246.4,-376.6));
#8284=LINE('',#8283,#8282);
#8285=EDGE_CURVE('',#8062,#8060,#8284,.T.);
#8286=DIRECTION('',(-0.707106781187,-0.707106781187,0.0));
#8287=VECTOR('',#8286, 51.47737367038);
#8288=CARTESIAN_POINT('',(-310.9,-210.0,-376.6));
#8289=LINE('',#8288,#8287);
#8290=EDGE_CURVE('',#8064,#8062,#8289,.T.);
#8291=DIRECTION('',(0.0,0.0,-1.0));
#8292=VECTOR('',#8291, 3.6);
#8293=CARTESIAN_POINT('',(-310.900000000007,-210.0,-373.0));
#8294=LINE('',#8293,#8292);
#8295=EDGE_CURVE('',#8066,#8064,#8294,.T.);
#8296=DIRECTION('',(0.707106781187,0.707106781187,0.0));
#8297=VECTOR('',#8296, 56.568542494924);
#8298=CARTESIAN_POINT('',(-350.9,-250.0,-373.0));
#8299=LINE('',#8298,#8297);
#8300=EDGE_CURVE('',#8068,#8066,#8299,.T.);
#8301=DIRECTION('',(0.0,0.0,1.0));
#8302=VECTOR('',#8301, 75.0);
#8303=CARTESIAN_POINT('',(-350.9,-250.0,-448.0));
#8304=LINE('',#8303,#8302);
#8305=EDGE_CURVE('',#8070,#8068,#8304,.T.);
#8306=DIRECTION('',(-0.707106781187,-0.707106781187,0.0));
#8307=VECTOR('',#8306, 56.568542494924);
#8308=CARTESIAN_POINT('',(-310.9,-210.0,-448.0));
#8309=LINE('',#8308,#8307);
#8310=EDGE_CURVE('',#8058,#8070,#8309,.T.);
#8311=DIRECTION('',(-1.0,0.0,0.0));
#8312=VECTOR('',#8311, 561.000000000007);
#8313=CARTESIAN_POINT('',(250.1,-210.0,-448.0));
#8314=LINE('',#8313,#8312);
#8315=EDGE_CURVE('',#8052,#8058,#8314,.T.);
#8316=DIRECTION('',(-1.0,0.0,0.0));
#8317=VECTOR('',#8316, 561.000000000007);
#8318=CARTESIAN_POINT('',(250.100000000007,-210.0,-444.4));
#8319=LINE('',#8318,#8317);
#8320=EDGE_CURVE('',#8054,#8056,#8319,.T.);
#8321=DIRECTION('',(-1.0,0.0,0.0));
#8322=VECTOR('',#8321, 633.800000000001);
#8323=CARTESIAN_POINT('',(286.500000000001,-246.4,-444.4));
#8324=LINE('',#8323,#8322);
#8325=EDGE_CURVE('',#8042,#8060,#8324,.T.);
#8326=DIRECTION('',(-1.0,0.0,0.0));
#8327=VECTOR('',#8326, 633.800000000001);
#8328=CARTESIAN_POINT('',(286.500000000001,-246.4,-376.6));
#8329=LINE('',#8328,#8327);
#8330=EDGE_CURVE('',#8040,#8062,#8329,.T.);
#8331=DIRECTION('',(-1.0,0.0,0.0));
#8332=VECTOR('',#8331, 561.0);
#8333=CARTESIAN_POINT('',(250.1,-210.0,-376.6));
#8334=LINE('',#8333,#8332);
#8335=EDGE_CURVE('',#8044,#8064,#8334,.T.);
#8336=DIRECTION('',(-1.0,0.0,0.0));
#8337=VECTOR('',#8336, 561.000000000007);
#8338=CARTESIAN_POINT('',(250.100000000007,-210.0,-373.0));
#8339=LINE('',#8338,#8337);
#8340=EDGE_CURVE('',#8046,#8066,#8339,.T.);
#8341=DIRECTION('',(-1.0,0.0,0.0));
#8342=VECTOR('',#8341, 641.000000000001);
#8343=CARTESIAN_POINT('',(290.1,-250.0,-373.0));
#8344=LINE('',#8343,#8342);
#8345=EDGE_CURVE('',#8048,#8068,#8344,.T.);
#8346=DIRECTION('',(-1.0,0.0,0.0));
#8347=VECTOR('',#8346, 641.000000000001);
#8348=CARTESIAN_POINT('',(290.1,-250.0,-448.0));
#8349=LINE('',#8348,#8347);
#8350=EDGE_CURVE('',#8050,#8070,#8349,.T.);
#8351=DIRECTION('',(0.0,1.0,0.0));
#8352=VECTOR('',#8351, 170.000000000007);
#8353=CARTESIAN_POINT('',(-310.9,-210.000000000001,-376.6));
#8354=LINE('',#8353,#8352);
#8355=EDGE_CURVE('',#8064,#8032,#8354,.T.);
#8356=DIRECTION('',(0.0,1.0,0.0));
#8357=VECTOR('',#8356, 169.999999999999);
#8358=CARTESIAN_POINT('',(-310.9,-209.999999999993,-373.0));
#8359=LINE('',#8358,#8357);
#8360=EDGE_CURVE('',#8066,#8034,#8359,.T.);
#8361=DIRECTION('',(0.0,1.0,0.0));
#8362=VECTOR('',#8361, 250.0);
#8363=CARTESIAN_POINT('',(-350.9,-250.0,-373.0));
#8364=LINE('',#8363,#8362);
#8365=EDGE_CURVE('',#8068,#8036,#8364,.T.);
#8366=DIRECTION('',(0.0,1.0,0.0));
#8367=VECTOR('',#8366, 250.0);
#8368=CARTESIAN_POINT('',(-350.9,-250.0,-448.0));
#8369=LINE('',#8368,#8367);
#8370=EDGE_CURVE('',#8070,#8038,#8369,.T.);
#8371=DIRECTION('',(0.0,1.0,0.0));
#8372=VECTOR('',#8371, 170.000000000007);
#8373=CARTESIAN_POINT('',(-310.9,-210.000000000001,-448.0));
#8374=LINE('',#8373,#8372);
#8375=EDGE_CURVE('',#8058,#8024,#8374,.T.);
#8376=DIRECTION('',(0.0,1.0,0.0));
#8377=VECTOR('',#8376, 169.999999999993);
#8378=CARTESIAN_POINT('',(-310.9,-209.999999999993,-444.4));
#8379=LINE('',#8378,#8377);
#8380=EDGE_CURVE('',#8056,#8026,#8379,.T.);
#8381=DIRECTION('',(0.0,1.0,0.0));
#8382=VECTOR('',#8381, 242.800000000001);
#8383=CARTESIAN_POINT('',(-347.3,-246.4,-444.4));
#8384=LINE('',#8383,#8382);
#8385=EDGE_CURVE('',#8060,#8028,#8384,.T.);
#8386=DIRECTION('',(0.0,1.0,0.0));
#8387=VECTOR('',#8386, 242.799999999999);
#8388=CARTESIAN_POINT('',(-347.3,-246.399999999999,-376.6));
#8389=LINE('',#8388,#8387);
#8390=EDGE_CURVE('',#8062,#8030,#8389,.T.);
#8391=ORIENTED_EDGE('',*,*,#8075,.T.);
#8392=ORIENTED_EDGE('',*,*,#8115,.F.);
#8393=ORIENTED_EDGE('',*,*,#8120,.T.);
#8394=ORIENTED_EDGE('',*,*,#8125,.T.);
#8395=ORIENTED_EDGE('',*,*,#8080,.T.);
#8396=ORIENTED_EDGE('',*,*,#8125,.F.);
#8397=ORIENTED_EDGE('',*,*,#8130,.T.);
#8398=ORIENTED_EDGE('',*,*,#8135,.T.);
#8399=ORIENTED_EDGE('',*,*,#8085,.T.);
#8400=ORIENTED_EDGE('',*,*,#8135,.F.);
#8401=ORIENTED_EDGE('',*,*,#8140,.T.);
#8402=ORIENTED_EDGE('',*,*,#8145,.T.);
#8403=ORIENTED_EDGE('',*,*,#8090,.T.);
#8404=ORIENTED_EDGE('',*,*,#8145,.F.);
#8405=ORIENTED_EDGE('',*,*,#8150,.T.);
#8406=ORIENTED_EDGE('',*,*,#8155,.T.);
#8407=ORIENTED_EDGE('',*,*,#8095,.T.);
#8408=ORIENTED_EDGE('',*,*,#8155,.F.);
#8409=ORIENTED_EDGE('',*,*,#8160,.T.);
#8410=ORIENTED_EDGE('',*,*,#8165,.T.);
#8411=ORIENTED_EDGE('',*,*,#8100,.T.);
#8412=ORIENTED_EDGE('',*,*,#8165,.F.);
#8413=ORIENTED_EDGE('',*,*,#8170,.T.);
#8414=ORIENTED_EDGE('',*,*,#8175,.T.);
#8415=ORIENTED_EDGE('',*,*,#8105,.T.);
#8416=ORIENTED_EDGE('',*,*,#8175,.F.);
#8417=ORIENTED_EDGE('',*,*,#8180,.T.);
#8418=ORIENTED_EDGE('',*,*,#8185,.T.);
#8419=ORIENTED_EDGE('',*,*,#8110,.T.);
#8420=ORIENTED_EDGE('',*,*,#8185,.F.);
#8421=ORIENTED_EDGE('',*,*,#8190,.T.);
#8422=ORIENTED_EDGE('',*,*,#8115,.T.);
#8423=ORIENTED_EDGE('',*,*,#8195,.T.);
#8424=ORIENTED_EDGE('',*,*,#8235,.F.);
#8425=ORIENTED_EDGE('',*,*,#8085,.F.);
#8426=ORIENTED_EDGE('',*,*,#8240,.T.);
#8427=ORIENTED_EDGE('',*,*,#8200,.T.);
#8428=ORIENTED_EDGE('',*,*,#8240,.F.);
#8429=ORIENTED_EDGE('',*,*,#8090,.F.);
#8430=ORIENTED_EDGE('',*,*,#8245,.T.);
#8431=ORIENTED_EDGE('',*,*,#8205,.T.);
#8432=ORIENTED_EDGE('',*,*,#8245,.F.);
#8433=ORIENTED_EDGE('',*,*,#8095,.F.);
#8434=ORIENTED_EDGE('',*,*,#8250,.T.);
#8435=ORIENTED_EDGE('',*,*,#8210,.T.);
#8436=ORIENTED_EDGE('',*,*,#8250,.F.);
#8437=ORIENTED_EDGE('',*,*,#8100,.F.);
#8438=ORIENTED_EDGE('',*,*,#8255,.T.);
#8439=ORIENTED_EDGE('',*,*,#8215,.T.);
#8440=ORIENTED_EDGE('',*,*,#8255,.F.);
#8441=ORIENTED_EDGE('',*,*,#8105,.F.);
#8442=ORIENTED_EDGE('',*,*,#8260,.T.);
#8443=ORIENTED_EDGE('',*,*,#8220,.T.);
#8444=ORIENTED_EDGE('',*,*,#8260,.F.);
#8445=ORIENTED_EDGE('',*,*,#8110,.F.);
#8446=ORIENTED_EDGE('',*,*,#8265,.T.);
#8447=ORIENTED_EDGE('',*,*,#8225,.T.);
#8448=ORIENTED_EDGE('',*,*,#8265,.F.);
#8449=ORIENTED_EDGE('',*,*,#8075,.F.);
#8450=ORIENTED_EDGE('',*,*,#8270,.T.);
#8451=ORIENTED_EDGE('',*,*,#8230,.T.);
#8452=ORIENTED_EDGE('',*,*,#8270,.F.);
#8453=ORIENTED_EDGE('',*,*,#8080,.F.);
#8454=ORIENTED_EDGE('',*,*,#8235,.T.);
#8455=ORIENTED_EDGE('',*,*,#8275,.T.);
#8456=ORIENTED_EDGE('',*,*,#8315,.F.);
#8457=ORIENTED_EDGE('',*,*,#8225,.F.);
#8458=ORIENTED_EDGE('',*,*,#8320,.T.);
#8459=ORIENTED_EDGE('',*,*,#8280,.T.);
#8460=ORIENTED_EDGE('',*,*,#8320,.F.);
#8461=ORIENTED_EDGE('',*,*,#8230,.F.);
#8462=ORIENTED_EDGE('',*,*,#8325,.T.);
#8463=ORIENTED_EDGE('',*,*,#8285,.T.);
#8464=ORIENTED_EDGE('',*,*,#8325,.F.);
#8465=ORIENTED_EDGE('',*,*,#8195,.F.);
#8466=ORIENTED_EDGE('',*,*,#8330,.T.);
#8467=ORIENTED_EDGE('',*,*,#8290,.T.);
#8468=ORIENTED_EDGE('',*,*,#8330,.F.);
#8469=ORIENTED_EDGE('',*,*,#8200,.F.);
#8470=ORIENTED_EDGE('',*,*,#8335,.T.);
#8471=ORIENTED_EDGE('',*,*,#8295,.T.);
#8472=ORIENTED_EDGE('',*,*,#8335,.F.);
#8473=ORIENTED_EDGE('',*,*,#8205,.F.);
#8474=ORIENTED_EDGE('',*,*,#8340,.T.);
#8475=ORIENTED_EDGE('',*,*,#8300,.T.);
#8476=ORIENTED_EDGE('',*,*,#8340,.F.);
#8477=ORIENTED_EDGE('',*,*,#8210,.F.);
#8478=ORIENTED_EDGE('',*,*,#8345,.T.);
#8479=ORIENTED_EDGE('',*,*,#8305,.T.);
#8480=ORIENTED_EDGE('',*,*,#8345,.F.);
#8481=ORIENTED_EDGE('',*,*,#8215,.F.);
#8482=ORIENTED_EDGE('',*,*,#8350,.T.);
#8483=ORIENTED_EDGE('',*,*,#8310,.T.);
#8484=ORIENTED_EDGE('',*,*,#8350,.F.);
#8485=ORIENTED_EDGE('',*,*,#8220,.F.);
#8486=ORIENTED_EDGE('',*,*,#8315,.T.);
#8487=ORIENTED_EDGE('',*,*,#8160,.F.);
#8488=ORIENTED_EDGE('',*,*,#8355,.F.);
#8489=ORIENTED_EDGE('',*,*,#8295,.F.);
#8490=ORIENTED_EDGE('',*,*,#8360,.T.);
#8491=ORIENTED_EDGE('',*,*,#8170,.F.);
#8492=ORIENTED_EDGE('',*,*,#8360,.F.);
#8493=ORIENTED_EDGE('',*,*,#8300,.F.);
#8494=ORIENTED_EDGE('',*,*,#8365,.T.);
#8495=ORIENTED_EDGE('',*,*,#8180,.F.);
#8496=ORIENTED_EDGE('',*,*,#8365,.F.);
#8497=ORIENTED_EDGE('',*,*,#8305,.F.);
#8498=ORIENTED_EDGE('',*,*,#8370,.T.);
#8499=ORIENTED_EDGE('',*,*,#8190,.F.);
#8500=ORIENTED_EDGE('',*,*,#8370,.F.);
#8501=ORIENTED_EDGE('',*,*,#8310,.F.);
#8502=ORIENTED_EDGE('',*,*,#8375,.T.);
#8503=ORIENTED_EDGE('',*,*,#8120,.F.);
#8504=ORIENTED_EDGE('',*,*,#8375,.F.);
#8505=ORIENTED_EDGE('',*,*,#8275,.F.);
#8506=ORIENTED_EDGE('',*,*,#8380,.T.);
#8507=ORIENTED_EDGE('',*,*,#8130,.F.);
#8508=ORIENTED_EDGE('',*,*,#8380,.F.);
#8509=ORIENTED_EDGE('',*,*,#8280,.F.);
#8510=ORIENTED_EDGE('',*,*,#8385,.T.);
#8511=ORIENTED_EDGE('',*,*,#8140,.F.);
#8512=ORIENTED_EDGE('',*,*,#8385,.F.);
#8513=ORIENTED_EDGE('',*,*,#8285,.F.);
#8514=ORIENTED_EDGE('',*,*,#8390,.T.);
#8515=ORIENTED_EDGE('',*,*,#8150,.F.);
#8516=ORIENTED_EDGE('',*,*,#8390,.F.);
#8517=ORIENTED_EDGE('',*,*,#8290,.F.);
#8518=ORIENTED_EDGE('',*,*,#8355,.T.);
#8519=DIRECTION('',(0.0,0.0,1.0));
#8520=VECTOR('',#8519, 3.6);
#8521=CARTESIAN_POINT('',(-1562.1,-40.0,-448.0));
#8522=LINE('',#8521,#8520);
#8523=DIRECTION('',(-1.0,0.0,0.0));
#8524=VECTOR('',#8523, 3063.4);
#8525=SURFACE_OF_LINEAR_EXTRUSION('',#8522,#8524);
#8526=EDGE_LOOP('',(#8391,#8392,#8393,#8394));
#8527=FACE_OUTER_BOUND('',#8526,.F.);
#8528=ADVANCED_FACE('',(#8527),#8525,.T.);
#8529=DIRECTION('',(0.0,1.0,0.0));
#8530=VECTOR('',#8529, 36.4);
#8531=CARTESIAN_POINT('',(-1562.1,-40.0,-444.4));
#8532=LINE('',#8531,#8530);
#8533=DIRECTION('',(-1.0,0.0,0.0));
#8534=VECTOR('',#8533, 3063.4);
#8535=SURFACE_OF_LINEAR_EXTRUSION('',#8532,#8534);
#8536=EDGE_LOOP('',(#8395,#8396,#8397,#8398));
#8537=FACE_OUTER_BOUND('',#8536,.F.);
#8538=ADVANCED_FACE('',(#8537),#8535,.T.);
#8539=DIRECTION('',(0.0,0.0,1.0));
#8540=VECTOR('',#8539, 67.8);
#8541=CARTESIAN_POINT('',(-1562.1,-3.6,-444.4));
#8542=LINE('',#8541,#8540);
#8543=DIRECTION('',(-1.0,0.0,0.0));
#8544=VECTOR('',#8543, 3063.4);
#8545=SURFACE_OF_LINEAR_EXTRUSION('',#8542,#8544);
#8546=EDGE_LOOP('',(#8399,#8400,#8401,#8402));
#8547=FACE_OUTER_BOUND('',#8546,.F.);
#8548=ADVANCED_FACE('',(#8547),#8545,.T.);
#8549=DIRECTION('',(0.0,-1.0,0.0));
#8550=VECTOR('',#8549, 36.4);
#8551=CARTESIAN_POINT('',(-1562.1,-3.6,-376.6));
#8552=LINE('',#8551,#8550);
#8553=DIRECTION('',(-1.0,0.0,0.0));
#8554=VECTOR('',#8553, 3063.4);
#8555=SURFACE_OF_LINEAR_EXTRUSION('',#8552,#8554);
#8556=EDGE_LOOP('',(#8403,#8404,#8405,#8406));
#8557=FACE_OUTER_BOUND('',#8556,.F.);
#8558=ADVANCED_FACE('',(#8557),#8555,.T.);
#8559=DIRECTION('',(0.0,0.0,1.0));
#8560=VECTOR('',#8559, 3.6);
#8561=CARTESIAN_POINT('',(-1562.1,-40.0,-376.6));
#8562=LINE('',#8561,#8560);
#8563=DIRECTION('',(-1.0,0.0,0.0));
#8564=VECTOR('',#8563, 3063.4);
#8565=SURFACE_OF_LINEAR_EXTRUSION('',#8562,#8564);
#8566=EDGE_LOOP('',(#8407,#8408,#8409,#8410));
#8567=FACE_OUTER_BOUND('',#8566,.F.);
#8568=ADVANCED_FACE('',(#8567),#8565,.T.);
#8569=DIRECTION('',(0.0,1.0,0.0));
#8570=VECTOR('',#8569, 40.0);
#8571=CARTESIAN_POINT('',(-1562.1,-40.0,-373.0));
#8572=LINE('',#8571,#8570);
#8573=DIRECTION('',(-1.0,0.0,0.0));
#8574=VECTOR('',#8573, 3063.4);
#8575=SURFACE_OF_LINEAR_EXTRUSION('',#8572,#8574);
#8576=EDGE_LOOP('',(#8411,#8412,#8413,#8414));
#8577=FACE_OUTER_BOUND('',#8576,.F.);
#8578=ADVANCED_FACE('',(#8577),#8575,.T.);
#8579=DIRECTION('',(0.0,0.0,-1.0));
#8580=VECTOR('',#8579, 75.0);
#8581=CARTESIAN_POINT('',(-1562.1,0.0,-373.0));
#8582=LINE('',#8581,#8580);
#8583=DIRECTION('',(-1.0,0.0,0.0));
#8584=VECTOR('',#8583, 3063.4);
#8585=SURFACE_OF_LINEAR_EXTRUSION('',#8582,#8584);
#8586=EDGE_LOOP('',(#8415,#8416,#8417,#8418));
#8587=FACE_OUTER_BOUND('',#8586,.F.);
#8588=ADVANCED_FACE('',(#8587),#8585,.T.);
#8589=DIRECTION('',(0.0,-1.0,0.0));
#8590=VECTOR('',#8589, 40.0);
#8591=CARTESIAN_POINT('',(-1562.1,0.0,-448.0));
#8592=LINE('',#8591,#8590);
#8593=DIRECTION('',(-1.0,0.0,0.0));
#8594=VECTOR('',#8593, 3063.4);
#8595=SURFACE_OF_LINEAR_EXTRUSION('',#8592,#8594);
#8596=EDGE_LOOP('',(#8419,#8420,#8421,#8422));
#8597=FACE_OUTER_BOUND('',#8596,.F.);
#8598=ADVANCED_FACE('',(#8597),#8595,.T.);
#8599=DIRECTION('',(0.0,0.0,1.0));
#8600=VECTOR('',#8599, 67.8);
#8601=CARTESIAN_POINT('',(286.5,1211.2,-444.4));
#8602=LINE('',#8601,#8600);
#8603=DIRECTION('',(0.0,1.0,0.0));
#8604=VECTOR('',#8603, 2672.4);
#8605=SURFACE_OF_LINEAR_EXTRUSION('',#8602,#8604);
#8606=EDGE_LOOP('',(#8423,#8424,#8425,#8426));
#8607=FACE_OUTER_BOUND('',#8606,.F.);
#8608=ADVANCED_FACE('',(#8607),#8605,.T.);
#8609=DIRECTION('',(-1.0,0.0,0.0));
#8610=VECTOR('',#8609, 36.4);
#8611=CARTESIAN_POINT('',(286.5,1211.2,-376.6));
#8612=LINE('',#8611,#8610);
#8613=DIRECTION('',(0.0,1.0,0.0));
#8614=VECTOR('',#8613, 2672.4);
#8615=SURFACE_OF_LINEAR_EXTRUSION('',#8612,#8614);
#8616=EDGE_LOOP('',(#8427,#8428,#8429,#8430));
#8617=FACE_OUTER_BOUND('',#8616,.F.);
#8618=ADVANCED_FACE('',(#8617),#8615,.T.);
#8619=DIRECTION('',(0.0,0.0,1.0));
#8620=VECTOR('',#8619, 3.6);
#8621=CARTESIAN_POINT('',(250.1,1211.2,-376.6));
#8622=LINE('',#8621,#8620);
#8623=DIRECTION('',(0.0,1.0,0.0));
#8624=VECTOR('',#8623, 2672.4);
#8625=SURFACE_OF_LINEAR_EXTRUSION('',#8622,#8624);
#8626=EDGE_LOOP('',(#8431,#8432,#8433,#8434));
#8627=FACE_OUTER_BOUND('',#8626,.F.);
#8628=ADVANCED_FACE('',(#8627),#8625,.T.);
#8629=DIRECTION('',(1.0,0.0,0.0));
#8630=VECTOR('',#8629, 40.0);
#8631=CARTESIAN_POINT('',(250.1,1211.2,-373.0));
#8632=LINE('',#8631,#8630);
#8633=DIRECTION('',(0.0,1.0,0.0));
#8634=VECTOR('',#8633, 2672.4);
#8635=SURFACE_OF_LINEAR_EXTRUSION('',#8632,#8634);
#8636=EDGE_LOOP('',(#8435,#8436,#8437,#8438));
#8637=FACE_OUTER_BOUND('',#8636,.F.);
#8638=ADVANCED_FACE('',(#8637),#8635,.T.);
#8639=DIRECTION('',(0.0,0.0,-1.0));
#8640=VECTOR('',#8639, 75.0);
#8641=CARTESIAN_POINT('',(290.1,1211.2,-373.0));
#8642=LINE('',#8641,#8640);
#8643=DIRECTION('',(0.0,1.0,0.0));
#8644=VECTOR('',#8643, 2672.4);
#8645=SURFACE_OF_LINEAR_EXTRUSION('',#8642,#8644);
#8646=EDGE_LOOP('',(#8439,#8440,#8441,#8442));
#8647=FACE_OUTER_BOUND('',#8646,.F.);
#8648=ADVANCED_FACE('',(#8647),#8645,.T.);
#8649=DIRECTION('',(-1.0,0.0,0.0));
#8650=VECTOR('',#8649, 40.0);
#8651=CARTESIAN_POINT('',(290.1,1211.2,-448.0));
#8652=LINE('',#8651,#8650);
#8653=DIRECTION('',(0.0,1.0,0.0));
#8654=VECTOR('',#8653, 2672.4);
#8655=SURFACE_OF_LINEAR_EXTRUSION('',#8652,#8654);
#8656=EDGE_LOOP('',(#8443,#8444,#8445,#8446));
#8657=FACE_OUTER_BOUND('',#8656,.F.);
#8658=ADVANCED_FACE('',(#8657),#8655,.T.);
#8659=DIRECTION('',(0.0,0.0,1.0));
#8660=VECTOR('',#8659, 3.6);
#8661=CARTESIAN_POINT('',(250.1,1211.2,-448.0));
#8662=LINE('',#8661,#8660);
#8663=DIRECTION('',(0.0,1.0,0.0));
#8664=VECTOR('',#8663, 2672.4);
#8665=SURFACE_OF_LINEAR_EXTRUSION('',#8662,#8664);
#8666=EDGE_LOOP('',(#8447,#8448,#8449,#8450));
#8667=FACE_OUTER_BOUND('',#8666,.F.);
#8668=ADVANCED_FACE('',(#8667),#8665,.T.);
#8669=DIRECTION('',(1.0,0.0,0.0));
#8670=VECTOR('',#8669, 36.4);
#8671=CARTESIAN_POINT('',(250.1,1211.2,-444.4));
#8672=LINE('',#8671,#8670);
#8673=DIRECTION('',(0.0,1.0,0.0));
#8674=VECTOR('',#8673, 2672.4);
#8675=SURFACE_OF_LINEAR_EXTRUSION('',#8672,#8674);
#8676=EDGE_LOOP('',(#8451,#8452,#8453,#8454));
#8677=FACE_OUTER_BOUND('',#8676,.F.);
#8678=ADVANCED_FACE('',(#8677),#8675,.T.);
#8679=DIRECTION('',(0.0,0.0,1.0));
#8680=VECTOR('',#8679, 3.6);
#8681=CARTESIAN_POINT('',(1501.3,-210.0,-448.0));
#8682=LINE('',#8681,#8680);
#8683=DIRECTION('',(1.0,0.0,0.0));
#8684=VECTOR('',#8683, 3063.4);
#8685=SURFACE_OF_LINEAR_EXTRUSION('',#8682,#8684);
#8686=EDGE_LOOP('',(#8455,#8456,#8457,#8458));
#8687=FACE_OUTER_BOUND('',#8686,.F.);
#8688=ADVANCED_FACE('',(#8687),#8685,.T.);
#8689=DIRECTION('',(0.0,-1.0,0.0));
#8690=VECTOR('',#8689, 36.4);
#8691=CARTESIAN_POINT('',(1501.3,-210.0,-444.4));
#8692=LINE('',#8691,#8690);
#8693=DIRECTION('',(1.0,0.0,0.0));
#8694=VECTOR('',#8693, 3063.4);
#8695=SURFACE_OF_LINEAR_EXTRUSION('',#8692,#8694);
#8696=EDGE_LOOP('',(#8459,#8460,#8461,#8462));
#8697=FACE_OUTER_BOUND('',#8696,.F.);
#8698=ADVANCED_FACE('',(#8697),#8695,.T.);
#8699=DIRECTION('',(0.0,0.0,1.0));
#8700=VECTOR('',#8699, 67.8);
#8701=CARTESIAN_POINT('',(1501.3,-246.4,-444.4));
#8702=LINE('',#8701,#8700);
#8703=DIRECTION('',(1.0,0.0,0.0));
#8704=VECTOR('',#8703, 3063.4);
#8705=SURFACE_OF_LINEAR_EXTRUSION('',#8702,#8704);
#8706=EDGE_LOOP('',(#8463,#8464,#8465,#8466));
#8707=FACE_OUTER_BOUND('',#8706,.F.);
#8708=ADVANCED_FACE('',(#8707),#8705,.T.);
#8709=DIRECTION('',(0.0,1.0,0.0));
#8710=VECTOR('',#8709, 36.4);
#8711=CARTESIAN_POINT('',(1501.3,-246.4,-376.6));
#8712=LINE('',#8711,#8710);
#8713=DIRECTION('',(1.0,0.0,0.0));
#8714=VECTOR('',#8713, 3063.4);
#8715=SURFACE_OF_LINEAR_EXTRUSION('',#8712,#8714);
#8716=EDGE_LOOP('',(#8467,#8468,#8469,#8470));
#8717=FACE_OUTER_BOUND('',#8716,.F.);
#8718=ADVANCED_FACE('',(#8717),#8715,.T.);
#8719=DIRECTION('',(0.0,0.0,1.0));
#8720=VECTOR('',#8719, 3.6);
#8721=CARTESIAN_POINT('',(1501.3,-210.0,-376.6));
#8722=LINE('',#8721,#8720);
#8723=DIRECTION('',(1.0,0.0,0.0));
#8724=VECTOR('',#8723, 3063.4);
#8725=SURFACE_OF_LINEAR_EXTRUSION('',#8722,#8724);
#8726=EDGE_LOOP('',(#8471,#8472,#8473,#8474));
#8727=FACE_OUTER_BOUND('',#8726,.F.);
#8728=ADVANCED_FACE('',(#8727),#8725,.T.);
#8729=DIRECTION('',(0.0,-1.0,0.0));
#8730=VECTOR('',#8729, 40.0);
#8731=CARTESIAN_POINT('',(1501.3,-210.0,-373.0));
#8732=LINE('',#8731,#8730);
#8733=DIRECTION('',(1.0,0.0,0.0));
#8734=VECTOR('',#8733, 3063.4);
#8735=SURFACE_OF_LINEAR_EXTRUSION('',#8732,#8734);
#8736=EDGE_LOOP('',(#8475,#8476,#8477,#8478));
#8737=FACE_OUTER_BOUND('',#8736,.F.);
#8738=ADVANCED_FACE('',(#8737),#8735,.T.);
#8739=DIRECTION('',(0.0,0.0,-1.0));
#8740=VECTOR('',#8739, 75.0);
#8741=CARTESIAN_POINT('',(1501.3,-250.0,-373.0));
#8742=LINE('',#8741,#8740);
#8743=DIRECTION('',(1.0,0.0,0.0));
#8744=VECTOR('',#8743, 3063.4);
#8745=SURFACE_OF_LINEAR_EXTRUSION('',#8742,#8744);
#8746=EDGE_LOOP('',(#8479,#8480,#8481,#8482));
#8747=FACE_OUTER_BOUND('',#8746,.F.);
#8748=ADVANCED_FACE('',(#8747),#8745,.T.);
#8749=DIRECTION('',(0.0,1.0,0.0));
#8750=VECTOR('',#8749, 40.0);
#8751=CARTESIAN_POINT('',(1501.3,-250.0,-448.0));
#8752=LINE('',#8751,#8750);
#8753=DIRECTION('',(1.0,0.0,0.0));
#8754=VECTOR('',#8753, 3063.4);
#8755=SURFACE_OF_LINEAR_EXTRUSION('',#8752,#8754);
#8756=EDGE_LOOP('',(#8483,#8484,#8485,#8486));
#8757=FACE_OUTER_BOUND('',#8756,.F.);
#8758=ADVANCED_FACE('',(#8757),#8755,.T.);
#8759=DIRECTION('',(0.0,0.0,1.0));
#8760=VECTOR('',#8759, 3.6);
#8761=CARTESIAN_POINT('',(-310.9,-1461.2,-376.6));
#8762=LINE('',#8761,#8760);
#8763=DIRECTION('',(0.0,-1.0,0.0));
#8764=VECTOR('',#8763, 2672.4);
#8765=SURFACE_OF_LINEAR_EXTRUSION('',#8762,#8764);
#8766=EDGE_LOOP('',(#8487,#8488,#8489,#8490));
#8767=FACE_OUTER_BOUND('',#8766,.F.);
#8768=ADVANCED_FACE('',(#8767),#8765,.T.);
#8769=DIRECTION('',(-1.0,0.0,0.0));
#8770=VECTOR('',#8769, 40.0);
#8771=CARTESIAN_POINT('',(-310.9,-1461.2,-373.0));
#8772=LINE('',#8771,#8770);
#8773=DIRECTION('',(0.0,-1.0,0.0));
#8774=VECTOR('',#8773, 2672.4);
#8775=SURFACE_OF_LINEAR_EXTRUSION('',#8772,#8774);
#8776=EDGE_LOOP('',(#8491,#8492,#8493,#8494));
#8777=FACE_OUTER_BOUND('',#8776,.F.);
#8778=ADVANCED_FACE('',(#8777),#8775,.T.);
#8779=DIRECTION('',(0.0,0.0,-1.0));
#8780=VECTOR('',#8779, 75.0);
#8781=CARTESIAN_POINT('',(-350.9,-1461.2,-373.0));
#8782=LINE('',#8781,#8780);
#8783=DIRECTION('',(0.0,-1.0,0.0));
#8784=VECTOR('',#8783, 2672.4);
#8785=SURFACE_OF_LINEAR_EXTRUSION('',#8782,#8784);
#8786=EDGE_LOOP('',(#8495,#8496,#8497,#8498));
#8787=FACE_OUTER_BOUND('',#8786,.F.);
#8788=ADVANCED_FACE('',(#8787),#8785,.T.);
#8789=DIRECTION('',(1.0,0.0,0.0));
#8790=VECTOR('',#8789, 40.0);
#8791=CARTESIAN_POINT('',(-350.9,-1461.2,-448.0));
#8792=LINE('',#8791,#8790);
#8793=DIRECTION('',(0.0,-1.0,0.0));
#8794=VECTOR('',#8793, 2672.4);
#8795=SURFACE_OF_LINEAR_EXTRUSION('',#8792,#8794);
#8796=EDGE_LOOP('',(#8499,#8500,#8501,#8502));
#8797=FACE_OUTER_BOUND('',#8796,.F.);
#8798=ADVANCED_FACE('',(#8797),#8795,.T.);
#8799=DIRECTION('',(0.0,0.0,1.0));
#8800=VECTOR('',#8799, 3.6);
#8801=CARTESIAN_POINT('',(-310.9,-1461.2,-448.0));
#8802=LINE('',#8801,#8800);
#8803=DIRECTION('',(0.0,-1.0,0.0));
#8804=VECTOR('',#8803, 2672.4);
#8805=SURFACE_OF_LINEAR_EXTRUSION('',#8802,#8804);
#8806=EDGE_LOOP('',(#8503,#8504,#8505,#8506));
#8807=FACE_OUTER_BOUND('',#8806,.F.);
#8808=ADVANCED_FACE('',(#8807),#8805,.T.);
#8809=DIRECTION('',(-1.0,0.0,0.0));
#8810=VECTOR('',#8809, 36.4);
#8811=CARTESIAN_POINT('',(-310.9,-1461.2,-444.4));
#8812=LINE('',#8811,#8810);
#8813=DIRECTION('',(0.0,-1.0,0.0));
#8814=VECTOR('',#8813, 2672.4);
#8815=SURFACE_OF_LINEAR_EXTRUSION('',#8812,#8814);
#8816=EDGE_LOOP('',(#8507,#8508,#8509,#8510));
#8817=FACE_OUTER_BOUND('',#8816,.F.);
#8818=ADVANCED_FACE('',(#8817),#8815,.T.);
#8819=DIRECTION('',(0.0,0.0,1.0));
#8820=VECTOR('',#8819, 67.8);
#8821=CARTESIAN_POINT('',(-347.3,-1461.2,-444.4));
#8822=LINE('',#8821,#8820);
#8823=DIRECTION('',(0.0,-1.0,0.0));
#8824=VECTOR('',#8823, 2672.4);
#8825=SURFACE_OF_LINEAR_EXTRUSION('',#8822,#8824);
#8826=EDGE_LOOP('',(#8511,#8512,#8513,#8514));
#8827=FACE_OUTER_BOUND('',#8826,.F.);
#8828=ADVANCED_FACE('',(#8827),#8825,.T.);
#8829=DIRECTION('',(1.0,0.0,0.0));
#8830=VECTOR('',#8829, 36.4);
#8831=CARTESIAN_POINT('',(-347.3,-1461.2,-376.6));
#8832=LINE('',#8831,#8830);
#8833=DIRECTION('',(0.0,-1.0,0.0));
#8834=VECTOR('',#8833, 2672.4);
#8835=SURFACE_OF_LINEAR_EXTRUSION('',#8832,#8834);
#8836=EDGE_LOOP('',(#8515,#8516,#8517,#8518));
#8837=FACE_OUTER_BOUND('',#8836,.F.);
#8838=ADVANCED_FACE('',(#8837),#8835,.T.);
#8839=CLOSED_SHELL('',(#8528,#8538,#8548,#8558,#8568,#8578,#8588,#8598,#8608,#8618,#8628,#8638,#8648,#8658,#8668,#8678,#8688,#8698,#8708,#8718,#8728,#8738,#8748,#8758,#8768,#8778,#8788,#8798,#8808,#8818,#8828,#8838));
#8840=MANIFOLD_SOLID_BREP('solid_8839',#8839);
#8841=(NAMED_UNIT(*)SI_UNIT($,.STERADIAN.)SOLID_ANGLE_UNIT());
#8842=(NAMED_UNIT(*)PLANE_ANGLE_UNIT()SI_UNIT($,.RADIAN.));
#8843=(LENGTH_UNIT()NAMED_UNIT(*)SI_UNIT(.MILLI.,.METRE.));
#8844=UNCERTAINTY_MEASURE_WITH_UNIT(LENGTH_MEASURE(1.0E-5),#8843,'DISTANCE_ACCURACY_VALUE','');
#8845=(GEOMETRIC_REPRESENTATION_CONTEXT(3)GLOBAL_UNCERTAINTY_ASSIGNED_CONTEXT((#8844))GLOBAL_UNIT_ASSIGNED_CONTEXT((#8843,#8841,#8842))REPRESENTATION_CONTEXT('None','None'));
#8846=SHAPE_REPRESENTATION('',(#8840),#8845);
#8847=COLOUR_RGB($,0.0,0.0,0.0);
#8848=FILL_AREA_STYLE_COLOUR('',#8847);
#8849=FILL_AREA_STYLE('',(#8848));
#8850=SURFACE_STYLE_FILL_AREA(#8849);
#8851=SURFACE_SIDE_STYLE('',(#8850));
#8852=SURFACE_STYLE_USAGE(.BOTH.,#8851);
#8853=PRESENTATION_STYLE_ASSIGNMENT((#8852));
#8854=STYLED_ITEM('',(#8853),#8840);
#8855=CARTESIAN_POINT('',(16.0,-125.0,-357.28));
#8856=VERTEX_POINT('',#8855);
#8857=CARTESIAN_POINT('',(16.0,-125.0,-307.28));
#8858=VERTEX_POINT('',#8857);
#8859=CARTESIAN_POINT('',(15.0,-125.0,-357.28));
#8860=VERTEX_POINT('',#8859);
#8861=CARTESIAN_POINT('',(15.0,-125.0,-307.28));
#8862=VERTEX_POINT('',#8861);
#8863=CARTESIAN_POINT('',(0.0,-125.0,-357.28));
#8864=DIRECTION('',(0.0,0.0,1.0));
#8865=DIRECTION('',(1.0,0.0,0.0));
#8866=AXIS2_PLACEMENT_3D('',#8863,#8864,#8865);
#8867=CIRCLE('',#8866,16.0);
#8868=EDGE_CURVE('',#8856,#8856,#8867,.T.);
#8869=DIRECTION('',(0.0,0.0,1.0));
#8870=VECTOR('',#8869, 50.0);
#8871=CARTESIAN_POINT('',(16.0,-125.0,-357.28));
#8872=LINE('',#8871,#8870);
#8873=EDGE_CURVE('',#8856,#8858,#8872,.T.);
#8874=CARTESIAN_POINT('',(0.0,-125.0,-307.28));
#8875=DIRECTION('',(0.0,0.0,1.0));
#8876=DIRECTION('',(1.0,0.0,0.0));
#8877=AXIS2_PLACEMENT_3D('',#8874,#8875,#8876);
#8878=CIRCLE('',#8877,16.0);
#8879=EDGE_CURVE('',#8858,#8858,#8878,.T.);
#8880=CARTESIAN_POINT('',(0.0,-125.0,-357.28));
#8881=DIRECTION('',(0.0,0.0,1.0));
#8882=DIRECTION('',(1.0,0.0,0.0));
#8883=AXIS2_PLACEMENT_3D('',#8880,#8881,#8882);
#8884=CIRCLE('',#8883,15.0);
#8885=EDGE_CURVE('',#8860,#8860,#8884,.T.);
#8886=CARTESIAN_POINT('',(0.0,-125.0,-307.28));
#8887=DIRECTION('',(0.0,0.0,-1.0));
#8888=DIRECTION('',(1.0,0.0,0.0));
#8889=AXIS2_PLACEMENT_3D('',#8886,#8887,#8888);
#8890=CIRCLE('',#8889,15.0);
#8891=EDGE_CURVE('',#8862,#8862,#8890,.T.);
#8892=DIRECTION('',(0.0,0.0,1.0));
#8893=VECTOR('',#8892, 50.0);
#8894=CARTESIAN_POINT('',(15.0,-125.0,-357.28));
#8895=LINE('',#8894,#8893);
#8896=EDGE_CURVE('',#8860,#8862,#8895,.T.);
#8897=ORIENTED_EDGE('',*,*,#8868,.T.);
#8898=ORIENTED_EDGE('',*,*,#8873,.T.);
#8899=ORIENTED_EDGE('',*,*,#8879,.F.);
#8900=ORIENTED_EDGE('',*,*,#8873,.F.);
#8901=ORIENTED_EDGE('',*,*,#8868,.F.);
#8902=ORIENTED_EDGE('',*,*,#8885,.T.);
#8903=ORIENTED_EDGE('',*,*,#8879,.T.);
#8904=ORIENTED_EDGE('',*,*,#8891,.T.);
#8905=ORIENTED_EDGE('',*,*,#8885,.T.);
#8906=ORIENTED_EDGE('',*,*,#8896,.T.);
#8907=ORIENTED_EDGE('',*,*,#8891,.T.);
#8908=ORIENTED_EDGE('',*,*,#8896,.F.);
#8909=CARTESIAN_POINT('',(0.0,-125.0,-357.28));
#8910=DIRECTION('',(0.0,0.0,1.0));
#8911=DIRECTION('',(1.0,0.0,0.0));
#8912=AXIS2_PLACEMENT_3D('',#8909,#8910,#8911);
#8913=CIRCLE('',#8912,16.0);
#8914=DIRECTION('',(0.0,0.0,1.0));
#8915=VECTOR('',#8914, 50.0);
#8916=SURFACE_OF_LINEAR_EXTRUSION('',#8913,#8915);
#8917=EDGE_LOOP('',(#8897,#8898,#8899,#8900));
#8918=FACE_OUTER_BOUND('',#8917,.T.);
#8919=ADVANCED_FACE('',(#8918),#8916,.T.);
#8920=CARTESIAN_POINT('',(16.0,-125.0,-357.28));
#8921=DIRECTION('',(0.0,0.0,1.0));
#8922=DIRECTION('',(1.0,0.0,0.0));
#8923=AXIS2_PLACEMENT_3D('',#8920,#8921,#8922);
#8924=PLANE ( 'NONE',#8923);
#8925=EDGE_LOOP('',(#8901));
#8926=FACE_OUTER_BOUND('',#8925,.T.);
#8927=EDGE_LOOP('',(#8902));
#8928=FACE_BOUND('',#8927,.T.);
#8929=ADVANCED_FACE('',(#8926,#8928),#8924,.F.);
#8930=CARTESIAN_POINT('',(16.0,-125.0,-307.28));
#8931=DIRECTION('',(0.0,0.0,1.0));
#8932=DIRECTION('',(1.0,0.0,0.0));
#8933=AXIS2_PLACEMENT_3D('',#8930,#8931,#8932);
#8934=PLANE ( 'NONE',#8933);
#8935=EDGE_LOOP('',(#8903));
#8936=FACE_OUTER_BOUND('',#8935,.T.);
#8937=EDGE_LOOP('',(#8904));
#8938=FACE_BOUND('',#8937,.T.);
#8939=ADVANCED_FACE('',(#8936,#8938),#8934,.T.);
#8940=CARTESIAN_POINT('',(0.0,-125.0,-407.28));
#8941=DIRECTION('',(0.0,0.0,1.0));
#8942=DIRECTION('',(1.0,0.0,0.0));
#8943=AXIS2_PLACEMENT_3D('',#8940,#8941,#8942);
#8944=CIRCLE('',#8943,15.0);
#8945=DIRECTION('',(0.0,0.0,1.0));
#8946=VECTOR('',#8945, 100.0);
#8947=SURFACE_OF_LINEAR_EXTRUSION('',#8944,#8946);
#8948=EDGE_LOOP('',(#8905,#8906,#8907,#8908));
#8949=FACE_OUTER_BOUND('',#8948,.F.);
#8950=ADVANCED_FACE('',(#8949),#8947,.F.);
#8951=CLOSED_SHELL('',(#8919,#8929,#8939,#8950));
#8952=MANIFOLD_SOLID_BREP('solid_8951',#8951);
#8953=(NAMED_UNIT(*)SI_UNIT($,.STERADIAN.)SOLID_ANGLE_UNIT());
#8954=(NAMED_UNIT(*)PLANE_ANGLE_UNIT()SI_UNIT($,.RADIAN.));
#8955=(LENGTH_UNIT()NAMED_UNIT(*)SI_UNIT(.MILLI.,.METRE.));
#8956=UNCERTAINTY_MEASURE_WITH_UNIT(LENGTH_MEASURE(1.0E-5),#8955,'DISTANCE_ACCURACY_VALUE','');
#8957=(GEOMETRIC_REPRESENTATION_CONTEXT(3)GLOBAL_UNCERTAINTY_ASSIGNED_CONTEXT((#8956))GLOBAL_UNIT_ASSIGNED_CONTEXT((#8955,#8953,#8954))REPRESENTATION_CONTEXT('None','None'));
#8958=SHAPE_REPRESENTATION('',(#8952),#8957);
#8959=COLOUR_RGB($,0.0,0.0,0.0);
#8960=FILL_AREA_STYLE_COLOUR('',#8959);
#8961=FILL_AREA_STYLE('',(#8960));
#8962=SURFACE_STYLE_FILL_AREA(#8961);
#8963=SURFACE_SIDE_STYLE('',(#8962));
#8964=SURFACE_STYLE_USAGE(.BOTH.,#8963);
#8965=PRESENTATION_STYLE_ASSIGNMENT((#8964));
#8966=STYLED_ITEM('',(#8965),#8952);
#8967=PRESENTATION_LAYER_ASSIGNMENT('Default','',(#462,#704,#1032,#1360,#2012,#2124,#2572,#2832,#3092,#3352,#3612,#3831,#4050,#4269,#4488,#4707,#4926,#5145,#5364,#5583,#5802,#6021,#6240,#6459,#6678,#6897,#7116,#7335,#7554,#7773,#7992,#8840,#8952));
ENDSEC;
END-ISO-10303-21;
