ISO-10303-21;
HEADER;
/* Generated by software containing ST-Developer
 * from STEP Tools, Inc. (www.steptools.com) 
 */
/* OPTION: strings as raw bytes, not using required /X/ escapes */

FILE_DESCRIPTION(
/* description */ ('Unknown'),
/* implementation_level */ '2;1');

FILE_NAME(
/* name */ 'Fabricated_Hing-1',
/* time_stamp */ '2026-02-02T16:58:23+05:00',
/* author */ ('Unknown'),
/* organization */ ('Unknown'),
/* preprocessor_version */ 'ST-DEVELOPER v16.7',
/* originating_system */ 'DEX',
/* authorisation */ $);

FILE_SCHEMA (('AUTOMOTIVE_DESIGN {1 0 10303 214 3 1 1}'));
ENDSEC;

DATA;
#10=PROPERTY_DEFINITION_REPRESENTATION(#14,#12);
#11=PROPERTY_DEFINITION_REPRESENTATION(#15,#13);
#12=REPRESENTATION('',(#16),#5499);
#13=REPRESENTATION('',(#17),#5499);
#14=PROPERTY_DEFINITION('pmi validation property','',#5532);
#15=PROPERTY_DEFINITION('pmi validation property','',#5532);
#16=VALUE_REPRESENTATION_ITEM('number of annotations',COUNT_MEASURE(0.));
#17=VALUE_REPRESENTATION_ITEM('number of views',COUNT_MEASURE(0.));
#18=CONICAL_SURFACE('',#3347,13.5941012995434,1.39626340159546);
#19=CONICAL_SURFACE('',#3355,13.5941012995434,1.39626340159546);
#20=CONICAL_SURFACE('',#3407,17.2,0.785398163397449);
#21=CONICAL_SURFACE('',#3409,8.8,0.785398163397449);
#22=CONICAL_SURFACE('',#3427,17.2,0.78539816339745);
#23=CONICAL_SURFACE('',#3429,9.8,0.785398163397448);
#24=CONICAL_SURFACE('',#3448,5.25,0.785398163397448);
#25=CONICAL_SURFACE('',#3449,5.75,0.785398163397448);
#26=CONICAL_SURFACE('',#3450,10.5,0.785398163397449);
#27=CONICAL_SURFACE('',#3471,7.00000000000003,0.785398163397448);
#28=CONICAL_SURFACE('',#3472,8.00000000000003,0.785398163397448);
#29=CONICAL_SURFACE('',#3485,15.,0.785398163397449);
#30=CONICAL_SURFACE('',#3510,13.856406460551,0.785398163397449);
#31=CONICAL_SURFACE('',#3511,13.856406460551,0.785398163397449);
#32=CONICAL_SURFACE('',#3512,13.856406460551,0.785398163397449);
#33=CONICAL_SURFACE('',#3513,13.856406460551,0.785398163397449);
#34=CONICAL_SURFACE('',#3514,13.856406460551,0.785398163397449);
#35=CONICAL_SURFACE('',#3515,13.856406460551,0.785398163397449);
#36=CONICAL_SURFACE('',#3516,12.856406460551,0.785398163397449);
#37=CONICAL_SURFACE('',#3517,12.856406460551,0.785398163397449);
#38=CONICAL_SURFACE('',#3518,12.856406460551,0.785398163397449);
#39=CONICAL_SURFACE('',#3519,12.856406460551,0.785398163397449);
#40=CONICAL_SURFACE('',#3520,12.856406460551,0.785398163397449);
#41=CONICAL_SURFACE('',#3521,12.856406460551,0.785398163397449);
#42=CONICAL_SURFACE('',#3525,7.9175,0.78539816339745);
#43=CONICAL_SURFACE('',#3526,6.9175,0.785398163397448);
#44=CONICAL_SURFACE('',#3543,4.5,0.785398163397447);
#45=CONICAL_SURFACE('',#3557,7.6602540353977,0.785398164620775);
#46=CONICAL_SURFACE('',#3558,7.6602540353977,0.785398164620775);
#47=CONICAL_SURFACE('',#3559,7.6602540353977,0.785398164620775);
#48=CONICAL_SURFACE('',#3560,7.6602540353977,0.785398164620775);
#49=CONICAL_SURFACE('',#3561,7.6602540353977,0.785398164620775);
#50=CONICAL_SURFACE('',#3562,7.6602540353977,0.785398164620775);
#51=CONICAL_SURFACE('',#3563,8.66025403784436,0.785398164620777);
#52=CONICAL_SURFACE('',#3564,8.66025403784436,0.785398164620777);
#53=CONICAL_SURFACE('',#3565,8.66025403784436,0.785398164620777);
#54=CONICAL_SURFACE('',#3566,8.66025403784436,0.785398164620777);
#55=CONICAL_SURFACE('',#3567,8.66025403784436,0.785398164620777);
#56=CONICAL_SURFACE('',#3568,8.66025403784436,0.785398164620777);
#57=TOROIDAL_SURFACE('',#3314,12.,0.01);
#58=TOROIDAL_SURFACE('',#3315,12.,0.01);
#59=TOROIDAL_SURFACE('',#3316,12.,0.01);
#60=TOROIDAL_SURFACE('',#3317,12.,0.01);
#61=TOROIDAL_SURFACE('',#3318,12.,0.01);
#62=TOROIDAL_SURFACE('',#3319,12.,0.01);
#63=TOROIDAL_SURFACE('',#3320,12.,0.01);
#64=TOROIDAL_SURFACE('',#3321,12.,0.01);
#65=TOROIDAL_SURFACE('',#3322,12.,0.01);
#66=TOROIDAL_SURFACE('',#3323,12.,0.01);
#67=TOROIDAL_SURFACE('',#3324,12.,0.01);
#68=TOROIDAL_SURFACE('',#3331,8.8,0.3);
#69=TOROIDAL_SURFACE('',#3335,8.8,0.3);
#70=TOROIDAL_SURFACE('',#3340,12.,1.9845);
#71=TOROIDAL_SURFACE('',#3359,14.7,0.3);
#72=TOROIDAL_SURFACE('',#3363,14.7,0.3);
#73=TOROIDAL_SURFACE('',#3366,12.,1.9845);
#74=TOROIDAL_SURFACE('',#3367,13.85,0.22);
#75=TOROIDAL_SURFACE('',#3368,13.85,0.22);
#76=TOROIDAL_SURFACE('',#3383,13.,0.01);
#77=TOROIDAL_SURFACE('',#3384,13.,0.01);
#78=TOROIDAL_SURFACE('',#3385,13.,0.01);
#79=TOROIDAL_SURFACE('',#3386,13.,0.01);
#80=TOROIDAL_SURFACE('',#3387,13.,0.01);
#81=TOROIDAL_SURFACE('',#3388,13.,0.01);
#82=TOROIDAL_SURFACE('',#3389,13.,0.01);
#83=TOROIDAL_SURFACE('',#3390,13.,0.01);
#84=TOROIDAL_SURFACE('',#3391,13.,0.01);
#85=TOROIDAL_SURFACE('',#3392,13.,0.01);
#86=TOROIDAL_SURFACE('',#3393,13.,0.01);
#87=TOROIDAL_SURFACE('',#3403,16.9,0.6);
#88=TOROIDAL_SURFACE('',#3408,13.,3.175);
#89=TOROIDAL_SURFACE('',#3413,9.1,0.6);
#90=TOROIDAL_SURFACE('',#3423,16.9,0.6);
#91=TOROIDAL_SURFACE('',#3428,13.,3.175);
#92=TOROIDAL_SURFACE('',#3433,10.1,0.6);
#93=B_SPLINE_CURVE_WITH_KNOTS('',3,(#4503,#4504,#4505,#4506,#4507,#4508,
#4509),.UNSPECIFIED.,.T.,.F.,(1,1,1,1,1,1,1,1,1,1,1),(-4.69693502210256E-5,
-3.13129001473504E-5,-1.56564500736752E-5,0.,1.56564500736752E-5,3.13129001473504E-5,
4.69693502210256E-5,6.26258002947007E-5,7.82822503683759E-5,9.39387004420511E-5,
0.000109595150515726),.UNSPECIFIED.);
#94=B_SPLINE_CURVE_WITH_KNOTS('',3,(#4511,#4512,#4513,#4514,#4515,#4516,
#4517),.UNSPECIFIED.,.T.,.F.,(1,1,1,1,1,1,1,1,1,1,1),(-4.69693506311537E-5,
-3.13129004207691E-5,-1.56564502103846E-5,0.,1.56564502103846E-5,3.13129004207691E-5,
4.69693506311537E-5,6.26258008415383E-5,7.82822510519228E-5,9.39387012623074E-5,
0.000109595151472692),.UNSPECIFIED.);
#95=B_SPLINE_CURVE_WITH_KNOTS('',3,(#4520,#4521,#4522,#4523,#4524,#4525,
#4526),.UNSPECIFIED.,.T.,.F.,(1,1,1,1,1,1,1,1,1,1,1),(-4.6969350221025E-5,
-3.131290014735E-5,-1.5656450073675E-5,0.,1.5656450073675E-5,3.131290014735E-5,
4.6969350221025E-5,6.26258002947E-5,7.82822503683751E-5,9.39387004420501E-5,
0.000109595150515725),.UNSPECIFIED.);
#96=B_SPLINE_CURVE_WITH_KNOTS('',3,(#4528,#4529,#4530,#4531,#4532,#4533,
#4534),.UNSPECIFIED.,.T.,.F.,(1,1,1,1,1,1,1,1,1,1,1),(-4.69693506311561E-5,
-3.13129004207707E-5,-1.56564502103854E-5,0.,1.56564502103854E-5,3.13129004207707E-5,
4.69693506311561E-5,6.26258008415414E-5,7.82822510519268E-5,9.39387012623121E-5,
0.000109595151472698),.UNSPECIFIED.);
#97=B_SPLINE_CURVE_WITH_KNOTS('',3,(#4537,#4538,#4539,#4540,#4541,#4542,
#4543),.UNSPECIFIED.,.T.,.F.,(1,1,1,1,1,1,1,1,1,1,1),(-4.69693502210218E-5,
-3.13129001473478E-5,-1.56564500736739E-5,0.,1.56564500736739E-5,3.13129001473478E-5,
4.69693502210218E-5,6.26258002946957E-5,7.82822503683696E-5,9.39387004420435E-5,
0.000109595150515717),.UNSPECIFIED.);
#98=B_SPLINE_CURVE_WITH_KNOTS('',3,(#4545,#4546,#4547,#4548,#4549,#4550,
#4551),.UNSPECIFIED.,.T.,.F.,(1,1,1,1,1,1,1,1,1,1,1),(-4.6969350631149E-5,
-3.1312900420766E-5,-1.5656450210383E-5,0.,1.5656450210383E-5,3.1312900420766E-5,
4.6969350631149E-5,6.2625800841532E-5,7.8282251051915E-5,9.3938701262298E-5,
0.000109595151472681),.UNSPECIFIED.);
#99=B_SPLINE_CURVE_WITH_KNOTS('',3,(#4554,#4555,#4556,#4557,#4558,#4559,
#4560),.UNSPECIFIED.,.T.,.F.,(1,1,1,1,1,1,1,1,1,1,1),(-4.69693502210232E-5,
-3.13129001473488E-5,-1.56564500736744E-5,0.,1.56564500736744E-5,3.13129001473488E-5,
4.69693502210232E-5,6.26258002946976E-5,7.8282250368372E-5,9.39387004420464E-5,
0.000109595150515721),.UNSPECIFIED.);
#100=B_SPLINE_CURVE_WITH_KNOTS('',3,(#4562,#4563,#4564,#4565,#4566,#4567,
#4568),.UNSPECIFIED.,.T.,.F.,(1,1,1,1,1,1,1,1,1,1,1),(-4.69693506311496E-5,
-3.13129004207664E-5,-1.56564502103832E-5,0.,1.56564502103832E-5,3.13129004207664E-5,
4.69693506311496E-5,6.26258008415328E-5,7.8282251051916E-5,9.39387012622992E-5,
0.000109595151472682),.UNSPECIFIED.);
#101=B_SPLINE_CURVE_WITH_KNOTS('',3,(#4571,#4572,#4573,#4574,#4575,#4576,
#4577),.UNSPECIFIED.,.T.,.F.,(1,1,1,1,1,1,1,1,1,1,1),(-4.6969350221026E-5,
-3.13129001473507E-5,-1.56564500736753E-5,0.,1.56564500736753E-5,3.13129001473507E-5,
4.6969350221026E-5,6.26258002947014E-5,7.82822503683767E-5,9.39387004420521E-5,
0.000109595150515727),.UNSPECIFIED.);
#102=B_SPLINE_CURVE_WITH_KNOTS('',3,(#4579,#4580,#4581,#4582,#4583,#4584,
#4585),.UNSPECIFIED.,.T.,.F.,(1,1,1,1,1,1,1,1,1,1,1),(-4.69693506311573E-5,
-3.13129004207716E-5,-1.56564502103858E-5,0.,1.56564502103858E-5,3.13129004207716E-5,
4.69693506311573E-5,6.26258008415431E-5,7.82822510519289E-5,9.39387012623147E-5,
0.0001095951514727),.UNSPECIFIED.);
#103=B_SPLINE_CURVE_WITH_KNOTS('',3,(#4588,#4589,#4590,#4591,#4592,#4593,
#4594),.UNSPECIFIED.,.T.,.F.,(1,1,1,1,1,1,1,1,1,1,1),(-4.69693502210312E-5,
-3.13129001473541E-5,-1.56564500736771E-5,0.,1.56564500736771E-5,3.13129001473541E-5,
4.69693502210312E-5,6.26258002947083E-5,7.82822503683854E-5,9.39387004420624E-5,
0.00010959515051574),.UNSPECIFIED.);
#104=B_SPLINE_CURVE_WITH_KNOTS('',3,(#4596,#4597,#4598,#4599,#4600,#4601,
#4602),.UNSPECIFIED.,.T.,.F.,(1,1,1,1,1,1,1,1,1,1,1),(-4.69693506311546E-5,
-3.13129004207698E-5,-1.56564502103849E-5,0.,1.56564502103849E-5,3.13129004207698E-5,
4.69693506311546E-5,6.26258008415395E-5,7.82822510519244E-5,9.39387012623093E-5,
0.000109595151472694),.UNSPECIFIED.);
#105=B_SPLINE_CURVE_WITH_KNOTS('',3,(#4605,#4606,#4607,#4608,#4609,#4610,
#4611),.UNSPECIFIED.,.T.,.F.,(1,1,1,1,1,1,1,1,1,1,1),(-4.69693502210251E-5,
-3.131290014735E-5,-1.5656450073675E-5,0.,1.5656450073675E-5,3.131290014735E-5,
4.69693502210251E-5,6.26258002947001E-5,7.82822503683751E-5,9.39387004420501E-5,
0.000109595150515725),.UNSPECIFIED.);
#106=B_SPLINE_CURVE_WITH_KNOTS('',3,(#4613,#4614,#4615,#4616,#4617,#4618,
#4619),.UNSPECIFIED.,.T.,.F.,(1,1,1,1,1,1,1,1,1,1,1),(-4.69693506311502E-5,
-3.13129004207668E-5,-1.56564502103834E-5,0.,1.56564502103834E-5,3.13129004207668E-5,
4.69693506311502E-5,6.26258008415337E-5,7.82822510519171E-5,9.39387012623005E-5,
0.000109595151472684),.UNSPECIFIED.);
#107=B_SPLINE_CURVE_WITH_KNOTS('',3,(#4622,#4623,#4624,#4625,#4626,#4627,
#4628),.UNSPECIFIED.,.T.,.F.,(1,1,1,1,1,1,1,1,1,1,1),(-4.69693502210247E-5,
-3.13129001473498E-5,-1.56564500736749E-5,0.,1.56564500736749E-5,3.13129001473498E-5,
4.69693502210247E-5,6.26258002946996E-5,7.82822503683745E-5,9.39387004420494E-5,
0.000109595150515724),.UNSPECIFIED.);
#108=B_SPLINE_CURVE_WITH_KNOTS('',3,(#4630,#4631,#4632,#4633,#4634,#4635,
#4636),.UNSPECIFIED.,.T.,.F.,(1,1,1,1,1,1,1,1,1,1,1),(-4.69693506311564E-5,
-3.13129004207709E-5,-1.56564502103855E-5,0.,1.56564502103855E-5,3.13129004207709E-5,
4.69693506311564E-5,6.26258008415418E-5,7.82822510519273E-5,9.39387012623127E-5,
0.000109595151472698),.UNSPECIFIED.);
#109=B_SPLINE_CURVE_WITH_KNOTS('',3,(#4639,#4640,#4641,#4642,#4643,#4644,
#4645),.UNSPECIFIED.,.T.,.F.,(1,1,1,1,1,1,1,1,1,1,1),(-4.69693502210232E-5,
-3.13129001473488E-5,-1.56564500736744E-5,0.,1.56564500736744E-5,3.13129001473488E-5,
4.69693502210232E-5,6.26258002946976E-5,7.8282250368372E-5,9.39387004420464E-5,
0.000109595150515721),.UNSPECIFIED.);
#110=B_SPLINE_CURVE_WITH_KNOTS('',3,(#4647,#4648,#4649,#4650,#4651,#4652,
#4653),.UNSPECIFIED.,.T.,.F.,(1,1,1,1,1,1,1,1,1,1,1),(-4.69693506311509E-5,
-3.13129004207673E-5,-1.56564502103836E-5,0.,1.56564502103836E-5,3.13129004207673E-5,
4.69693506311509E-5,6.26258008415345E-5,7.82822510519182E-5,9.39387012623018E-5,
0.000109595151472685),.UNSPECIFIED.);
#111=B_SPLINE_CURVE_WITH_KNOTS('',3,(#4656,#4657,#4658,#4659,#4660,#4661,
#4662),.UNSPECIFIED.,.T.,.F.,(1,1,1,1,1,1,1,1,1,1,1),(-4.69693502210228E-5,
-3.13129001473485E-5,-1.56564500736743E-5,0.,1.56564500736743E-5,3.13129001473485E-5,
4.69693502210228E-5,6.2625800294697E-5,7.82822503683713E-5,9.39387004420455E-5,
0.00010959515051572),.UNSPECIFIED.);
#112=B_SPLINE_CURVE_WITH_KNOTS('',3,(#4664,#4665,#4666,#4667,#4668,#4669,
#4670),.UNSPECIFIED.,.T.,.F.,(1,1,1,1,1,1,1,1,1,1,1),(-4.69693506311464E-5,
-3.13129004207643E-5,-1.56564502103821E-5,0.,1.56564502103821E-5,3.13129004207643E-5,
4.69693506311464E-5,6.26258008415285E-5,7.82822510519107E-5,9.39387012622928E-5,
0.000109595151472675),.UNSPECIFIED.);
#113=B_SPLINE_CURVE_WITH_KNOTS('',3,(#4673,#4674,#4675,#4676,#4677,#4678,
#4679),.UNSPECIFIED.,.T.,.F.,(1,1,1,1,1,1,1,1,1,1,1),(-4.69693502210301E-5,
-3.13129001473534E-5,-1.56564500736767E-5,0.,1.56564500736767E-5,3.13129001473534E-5,
4.69693502210301E-5,6.26258002947068E-5,7.82822503683835E-5,9.39387004420603E-5,
0.000109595150515737),.UNSPECIFIED.);
#114=B_SPLINE_CURVE_WITH_KNOTS('',3,(#4681,#4682,#4683,#4684,#4685,#4686,
#4687),.UNSPECIFIED.,.T.,.F.,(1,1,1,1,1,1,1,1,1,1,1),(-4.69693506311574E-5,
-3.13129004207716E-5,-1.56564502103858E-5,0.,1.56564502103858E-5,3.13129004207716E-5,
4.69693506311574E-5,6.26258008415431E-5,7.82822510519289E-5,9.39387012623147E-5,
0.0001095951514727),.UNSPECIFIED.);
#115=B_SPLINE_CURVE_WITH_KNOTS('',3,(#4770,#4771,#4772,#4773,#4774,#4775,
#4776),.UNSPECIFIED.,.T.,.F.,(1,1,1,1,1,1,1,1,1,1,1),(-4.70674358050113E-5,
-3.13782905366742E-5,-1.56891452683371E-5,0.,1.56891452683371E-5,3.13782905366742E-5,
4.70674358050113E-5,6.27565810733484E-5,7.84457263416855E-5,9.41348716100226E-5,
0.00010982401687836),.UNSPECIFIED.);
#116=B_SPLINE_CURVE_WITH_KNOTS('',3,(#4778,#4779,#4780,#4781,#4782,#4783,
#4784),.UNSPECIFIED.,.T.,.F.,(1,1,1,1,1,1,1,1,1,1,1),(-4.70674366215012E-5,
-3.13782910810008E-5,-1.56891455405004E-5,0.,1.56891455405004E-5,3.13782910810008E-5,
4.70674366215012E-5,6.27565821620016E-5,7.8445727702502E-5,9.41348732430024E-5,
0.000109824018783503),.UNSPECIFIED.);
#117=B_SPLINE_CURVE_WITH_KNOTS('',3,(#4787,#4788,#4789,#4790,#4791,#4792,
#4793),.UNSPECIFIED.,.T.,.F.,(1,1,1,1,1,1,1,1,1,1,1),(-4.70674358050267E-5,
-3.13782905366844E-5,-1.56891452683422E-5,0.,1.56891452683422E-5,3.13782905366844E-5,
4.70674358050267E-5,6.27565810733689E-5,7.84457263417111E-5,9.41348716100533E-5,
0.000109824016878396),.UNSPECIFIED.);
#118=B_SPLINE_CURVE_WITH_KNOTS('',3,(#4795,#4796,#4797,#4798,#4799,#4800,
#4801),.UNSPECIFIED.,.T.,.F.,(1,1,1,1,1,1,1,1,1,1,1),(-4.70674366215039E-5,
-3.13782910810026E-5,-1.56891455405013E-5,0.,1.56891455405013E-5,3.13782910810026E-5,
4.70674366215039E-5,6.27565821620052E-5,7.84457277025066E-5,9.41348732430079E-5,
0.000109824018783509),.UNSPECIFIED.);
#119=B_SPLINE_CURVE_WITH_KNOTS('',3,(#4804,#4805,#4806,#4807,#4808,#4809,
#4810),.UNSPECIFIED.,.T.,.F.,(1,1,1,1,1,1,1,1,1,1,1),(-4.70674358050227E-5,
-3.13782905366818E-5,-1.56891452683409E-5,0.,1.56891452683409E-5,3.13782905366818E-5,
4.70674358050227E-5,6.27565810733635E-5,7.84457263417044E-5,9.41348716100453E-5,
0.000109824016878386),.UNSPECIFIED.);
#120=B_SPLINE_CURVE_WITH_KNOTS('',3,(#4812,#4813,#4814,#4815,#4816,#4817,
#4818),.UNSPECIFIED.,.T.,.F.,(1,1,1,1,1,1,1,1,1,1,1),(-4.70674366215087E-5,
-3.13782910810058E-5,-1.56891455405029E-5,0.,1.56891455405029E-5,3.13782910810058E-5,
4.70674366215087E-5,6.27565821620116E-5,7.84457277025145E-5,9.41348732430174E-5,
0.00010982401878352),.UNSPECIFIED.);
#121=B_SPLINE_CURVE_WITH_KNOTS('',3,(#4821,#4822,#4823,#4824,#4825,#4826,
#4827),.UNSPECIFIED.,.T.,.F.,(1,1,1,1,1,1,1,1,1,1,1),(-4.706743580502E-5,
-3.137829053668E-5,-1.568914526834E-5,0.,1.568914526834E-5,3.137829053668E-5,
4.706743580502E-5,6.275658107336E-5,7.84457263417E-5,9.413487161004E-5,
0.00010982401687838),.UNSPECIFIED.);
#122=B_SPLINE_CURVE_WITH_KNOTS('',3,(#4829,#4830,#4831,#4832,#4833,#4834,
#4835),.UNSPECIFIED.,.T.,.F.,(1,1,1,1,1,1,1,1,1,1,1),(-4.70674366215109E-5,
-3.13782910810073E-5,-1.56891455405036E-5,0.,1.56891455405036E-5,3.13782910810073E-5,
4.70674366215109E-5,6.27565821620146E-5,7.84457277025182E-5,9.41348732430218E-5,
0.000109824018783525),.UNSPECIFIED.);
#123=B_SPLINE_CURVE_WITH_KNOTS('',3,(#4838,#4839,#4840,#4841,#4842,#4843,
#4844),.UNSPECIFIED.,.T.,.F.,(1,1,1,1,1,1,1,1,1,1,1),(-4.70674358050246E-5,
-3.13782905366831E-5,-1.56891452683415E-5,0.,1.56891452683415E-5,3.13782905366831E-5,
4.70674358050246E-5,6.27565810733661E-5,7.84457263417077E-5,9.41348716100492E-5,
0.000109824016878391),.UNSPECIFIED.);
#124=B_SPLINE_CURVE_WITH_KNOTS('',3,(#4846,#4847,#4848,#4849,#4850,#4851,
#4852),.UNSPECIFIED.,.T.,.F.,(1,1,1,1,1,1,1,1,1,1,1),(-4.70674366215074E-5,
-3.13782910810049E-5,-1.56891455405025E-5,0.,1.56891455405025E-5,3.13782910810049E-5,
4.70674366215074E-5,6.27565821620099E-5,7.84457277025124E-5,9.41348732430148E-5,
0.000109824018783517),.UNSPECIFIED.);
#125=B_SPLINE_CURVE_WITH_KNOTS('',3,(#4855,#4856,#4857,#4858,#4859,#4860,
#4861),.UNSPECIFIED.,.T.,.F.,(1,1,1,1,1,1,1,1,1,1,1),(-4.70674358050259E-5,
-3.13782905366839E-5,-1.5689145268342E-5,0.,1.5689145268342E-5,3.13782905366839E-5,
4.70674358050259E-5,6.27565810733678E-5,7.84457263417098E-5,9.41348716100518E-5,
0.000109824016878394),.UNSPECIFIED.);
#126=B_SPLINE_CURVE_WITH_KNOTS('',3,(#4863,#4864,#4865,#4866,#4867,#4868,
#4869),.UNSPECIFIED.,.T.,.F.,(1,1,1,1,1,1,1,1,1,1,1),(-4.70674366215036E-5,
-3.13782910810024E-5,-1.56891455405012E-5,0.,1.56891455405012E-5,3.13782910810024E-5,
4.70674366215036E-5,6.27565821620048E-5,7.8445727702506E-5,9.41348732430072E-5,
0.000109824018783508),.UNSPECIFIED.);
#127=B_SPLINE_CURVE_WITH_KNOTS('',3,(#4872,#4873,#4874,#4875,#4876,#4877,
#4878),.UNSPECIFIED.,.T.,.F.,(1,1,1,1,1,1,1,1,1,1,1),(-4.70674358050237E-5,
-3.13782905366825E-5,-1.56891452683412E-5,0.,1.56891452683412E-5,3.13782905366825E-5,
4.70674358050237E-5,6.2756581073365E-5,7.84457263417062E-5,9.41348716100474E-5,
0.000109824016878389),.UNSPECIFIED.);
#128=B_SPLINE_CURVE_WITH_KNOTS('',3,(#4880,#4881,#4882,#4883,#4884,#4885,
#4886),.UNSPECIFIED.,.T.,.F.,(1,1,1,1,1,1,1,1,1,1,1),(-4.70674366215073E-5,
-3.13782910810049E-5,-1.56891455405024E-5,0.,1.56891455405024E-5,3.13782910810049E-5,
4.70674366215073E-5,6.27565821620097E-5,7.84457277025122E-5,9.41348732430146E-5,
0.000109824018783517),.UNSPECIFIED.);
#129=B_SPLINE_CURVE_WITH_KNOTS('',3,(#4889,#4890,#4891,#4892,#4893,#4894,
#4895),.UNSPECIFIED.,.T.,.F.,(1,1,1,1,1,1,1,1,1,1,1),(-4.70674358050201E-5,
-3.13782905366801E-5,-1.568914526834E-5,0.,1.568914526834E-5,3.13782905366801E-5,
4.70674358050201E-5,6.27565810733602E-5,7.84457263417002E-5,9.41348716100402E-5,
0.00010982401687838),.UNSPECIFIED.);
#130=B_SPLINE_CURVE_WITH_KNOTS('',3,(#4897,#4898,#4899,#4900,#4901,#4902,
#4903),.UNSPECIFIED.,.T.,.F.,(1,1,1,1,1,1,1,1,1,1,1),(-4.70674366215072E-5,
-3.13782910810048E-5,-1.56891455405024E-5,0.,1.56891455405024E-5,3.13782910810048E-5,
4.70674366215072E-5,6.27565821620096E-5,7.84457277025119E-5,9.41348732430143E-5,
0.000109824018783517),.UNSPECIFIED.);
#131=B_SPLINE_CURVE_WITH_KNOTS('',3,(#4906,#4907,#4908,#4909,#4910,#4911,
#4912),.UNSPECIFIED.,.T.,.F.,(1,1,1,1,1,1,1,1,1,1,1),(-4.706743580502E-5,
-3.137829053668E-5,-1.568914526834E-5,0.,1.568914526834E-5,3.137829053668E-5,
4.706743580502E-5,6.275658107336E-5,7.84457263417E-5,9.413487161004E-5,
0.00010982401687838),.UNSPECIFIED.);
#132=B_SPLINE_CURVE_WITH_KNOTS('',3,(#4914,#4915,#4916,#4917,#4918,#4919,
#4920),.UNSPECIFIED.,.T.,.F.,(1,1,1,1,1,1,1,1,1,1,1),(-4.70674366215078E-5,
-3.13782910810052E-5,-1.56891455405026E-5,0.,1.56891455405026E-5,3.13782910810052E-5,
4.70674366215078E-5,6.27565821620104E-5,7.84457277025131E-5,9.41348732430157E-5,
0.000109824018783518),.UNSPECIFIED.);
#133=B_SPLINE_CURVE_WITH_KNOTS('',3,(#4923,#4924,#4925,#4926,#4927,#4928,
#4929),.UNSPECIFIED.,.T.,.F.,(1,1,1,1,1,1,1,1,1,1,1),(-4.70674358050178E-5,
-3.13782905366786E-5,-1.56891452683393E-5,0.,1.56891452683393E-5,3.13782905366786E-5,
4.70674358050178E-5,6.27565810733571E-5,7.84457263416964E-5,9.41348716100357E-5,
0.000109824016878375),.UNSPECIFIED.);
#134=B_SPLINE_CURVE_WITH_KNOTS('',3,(#4931,#4932,#4933,#4934,#4935,#4936,
#4937),.UNSPECIFIED.,.T.,.F.,(1,1,1,1,1,1,1,1,1,1,1),(-4.70674366215102E-5,
-3.13782910810068E-5,-1.56891455405034E-5,0.,1.56891455405034E-5,3.13782910810068E-5,
4.70674366215102E-5,6.27565821620136E-5,7.8445727702517E-5,9.41348732430204E-5,
0.000109824018783524),.UNSPECIFIED.);
#135=B_SPLINE_CURVE_WITH_KNOTS('',3,(#4940,#4941,#4942,#4943,#4944,#4945,
#4946),.UNSPECIFIED.,.T.,.F.,(1,1,1,1,1,1,1,1,1,1,1),(-4.70674358050265E-5,
-3.13782905366843E-5,-1.56891452683422E-5,0.,1.56891452683422E-5,3.13782905366843E-5,
4.70674358050265E-5,6.27565810733687E-5,7.84457263417109E-5,9.4134871610053E-5,
0.000109824016878395),.UNSPECIFIED.);
#136=B_SPLINE_CURVE_WITH_KNOTS('',3,(#4948,#4949,#4950,#4951,#4952,#4953,
#4954),.UNSPECIFIED.,.T.,.F.,(1,1,1,1,1,1,1,1,1,1,1),(-4.70674366215099E-5,
-3.13782910810066E-5,-1.56891455405033E-5,0.,1.56891455405033E-5,3.13782910810066E-5,
4.70674366215099E-5,6.27565821620131E-5,7.84457277025164E-5,9.41348732430197E-5,
0.000109824018783523),.UNSPECIFIED.);
#137=B_SPLINE_CURVE_WITH_KNOTS('',3,(#5102,#5103,#5104,#5105),
 .UNSPECIFIED.,.F.,.F.,(4,4),(0.0100192066762248,0.0125248978269661),
 .UNSPECIFIED.);
#138=B_SPLINE_CURVE_WITH_KNOTS('',3,(#5110,#5111,#5112,#5113),
 .UNSPECIFIED.,.F.,.F.,(4,4),(0.0219268203567967,0.0244498592021146),
 .UNSPECIFIED.);
#139=B_SPLINE_CURVE_WITH_KNOTS('',3,(#5117,#5118,#5119,#5120),
 .UNSPECIFIED.,.F.,.F.,(4,4),(0.0100192066762248,0.0125248978269661),
 .UNSPECIFIED.);
#140=B_SPLINE_CURVE_WITH_KNOTS('',3,(#5124,#5125,#5126,#5127),
 .UNSPECIFIED.,.F.,.F.,(4,4),(0.0219268203567967,0.0244498592021146),
 .UNSPECIFIED.);
#141=B_SPLINE_CURVE_WITH_KNOTS('',3,(#5131,#5132,#5133,#5134),
 .UNSPECIFIED.,.F.,.F.,(4,4),(0.0116698847809242,0.0141929652114491),
 .UNSPECIFIED.);
#142=B_SPLINE_CURVE_WITH_KNOTS('',3,(#5139,#5140,#5141,#5142),
 .UNSPECIFIED.,.F.,.F.,(4,4),(0.0236071071934985,0.0261248778145141),
 .UNSPECIFIED.);
#143=B_SPLINE_CURVE_WITH_KNOTS('',3,(#5146,#5147,#5148,#5149),
 .UNSPECIFIED.,.F.,.F.,(4,4),(0.0116698847809242,0.0141929652114491),
 .UNSPECIFIED.);
#144=B_SPLINE_CURVE_WITH_KNOTS('',3,(#5150,#5151,#5152,#5153),
 .UNSPECIFIED.,.F.,.F.,(4,4),(0.0236071071934985,0.0261248778145141),
 .UNSPECIFIED.);
#145=B_SPLINE_CURVE_WITH_KNOTS('',3,(#5157,#5158,#5159,#5160),
 .UNSPECIFIED.,.F.,.F.,(4,4),(0.0116698847809242,0.0141929652114491),
 .UNSPECIFIED.);
#146=B_SPLINE_CURVE_WITH_KNOTS('',3,(#5165,#5166,#5167,#5168),
 .UNSPECIFIED.,.F.,.F.,(4,4),(0.0236071071934985,0.0261248778145141),
 .UNSPECIFIED.);
#147=B_SPLINE_CURVE_WITH_KNOTS('',3,(#5172,#5173,#5174,#5175),
 .UNSPECIFIED.,.F.,.F.,(4,4),(0.0116698847809242,0.0141929652114491),
 .UNSPECIFIED.);
#148=B_SPLINE_CURVE_WITH_KNOTS('',3,(#5176,#5177,#5178,#5179),
 .UNSPECIFIED.,.F.,.F.,(4,4),(0.0236071071934985,0.0261248778145141),
 .UNSPECIFIED.);
#149=B_SPLINE_CURVE_WITH_KNOTS('',3,(#5183,#5184,#5185,#5186),
 .UNSPECIFIED.,.F.,.F.,(4,4),(0.0100192066762248,0.0125248978269661),
 .UNSPECIFIED.);
#150=B_SPLINE_CURVE_WITH_KNOTS('',3,(#5191,#5192,#5193,#5194),
 .UNSPECIFIED.,.F.,.F.,(4,4),(0.0219268203567967,0.0244498592021146),
 .UNSPECIFIED.);
#151=B_SPLINE_CURVE_WITH_KNOTS('',3,(#5198,#5199,#5200,#5201),
 .UNSPECIFIED.,.F.,.F.,(4,4),(0.0100192066762248,0.0125248978269661),
 .UNSPECIFIED.);
#152=B_SPLINE_CURVE_WITH_KNOTS('',3,(#5202,#5203,#5204,#5205),
 .UNSPECIFIED.,.F.,.F.,(4,4),(0.0219268203567967,0.0244498592021147),
 .UNSPECIFIED.);
#153=B_SPLINE_CURVE_WITH_KNOTS('',3,(#5209,#5210,#5211,#5212),
 .UNSPECIFIED.,.F.,.F.,(4,4),(0.0116698847809242,0.014192965211449),
 .UNSPECIFIED.);
#154=B_SPLINE_CURVE_WITH_KNOTS('',3,(#5217,#5218,#5219,#5220),
 .UNSPECIFIED.,.F.,.F.,(4,4),(0.0236071071934986,0.0261248778145141),
 .UNSPECIFIED.);
#155=B_SPLINE_CURVE_WITH_KNOTS('',3,(#5224,#5225,#5226,#5227),
 .UNSPECIFIED.,.F.,.F.,(4,4),(0.0116698847809241,0.0141929652114491),
 .UNSPECIFIED.);
#156=B_SPLINE_CURVE_WITH_KNOTS('',3,(#5228,#5229,#5230,#5231),
 .UNSPECIFIED.,.F.,.F.,(4,4),(0.0236071071934986,0.0261248778145141),
 .UNSPECIFIED.);
#157=B_SPLINE_CURVE_WITH_KNOTS('',3,(#5235,#5236,#5237,#5238),
 .UNSPECIFIED.,.F.,.F.,(4,4),(0.0116698847809241,0.014192965211449),
 .UNSPECIFIED.);
#158=B_SPLINE_CURVE_WITH_KNOTS('',3,(#5240,#5241,#5242,#5243),
 .UNSPECIFIED.,.F.,.F.,(4,4),(0.0236071071934984,0.026124877814514),
 .UNSPECIFIED.);
#159=B_SPLINE_CURVE_WITH_KNOTS('',3,(#5247,#5248,#5249,#5250),
 .UNSPECIFIED.,.F.,.F.,(4,4),(0.011669884780924,0.014192965211449),
 .UNSPECIFIED.);
#160=B_SPLINE_CURVE_WITH_KNOTS('',3,(#5251,#5252,#5253,#5254),
 .UNSPECIFIED.,.F.,.F.,(4,4),(0.0236071071934985,0.026124877814514),
 .UNSPECIFIED.);
#161=B_SPLINE_CURVE_WITH_KNOTS('',3,(#5336,#5337,#5338,#5339),
 .UNSPECIFIED.,.F.,.F.,(4,4),(0.0062887884728923,0.00923006468592479),
 .UNSPECIFIED.);
#162=B_SPLINE_CURVE_WITH_KNOTS('',3,(#5340,#5341,#5342,#5343),
 .UNSPECIFIED.,.F.,.F.,(4,4),(0.0123640050286244,0.0153093564520231),
 .UNSPECIFIED.);
#163=B_SPLINE_CURVE_WITH_KNOTS('',3,(#5347,#5348,#5349,#5350),
 .UNSPECIFIED.,.F.,.F.,(4,4),(0.00628878847180654,0.00923006472362048),
 .UNSPECIFIED.);
#164=B_SPLINE_CURVE_WITH_KNOTS('',3,(#5354,#5355,#5356,#5357),
 .UNSPECIFIED.,.F.,.F.,(4,4),(0.0123640050672324,0.0153093564528289),
 .UNSPECIFIED.);
#165=B_SPLINE_CURVE_WITH_KNOTS('',3,(#5362,#5363,#5364,#5365),
 .UNSPECIFIED.,.F.,.F.,(4,4),(0.00732520465688018,0.0102739068863576),
 .UNSPECIFIED.);
#166=B_SPLINE_CURVE_WITH_KNOTS('',3,(#5366,#5367,#5368,#5369),
 .UNSPECIFIED.,.F.,.F.,(4,4),(0.0134091729471369,0.0163605295377058),
 .UNSPECIFIED.);
#167=B_SPLINE_CURVE_WITH_KNOTS('',3,(#5370,#5371,#5372,#5373),
 .UNSPECIFIED.,.F.,.F.,(4,4),(0.00732520465333706,0.0102739068480651),
 .UNSPECIFIED.);
#168=B_SPLINE_CURVE_WITH_KNOTS('',3,(#5377,#5378,#5379,#5380),
 .UNSPECIFIED.,.F.,.F.,(4,4),(0.0134091729084859,0.0163605295378656),
 .UNSPECIFIED.);
#169=B_SPLINE_CURVE_WITH_KNOTS('',3,(#5385,#5386,#5387,#5388),
 .UNSPECIFIED.,.F.,.F.,(4,4),(0.00732520465606747,0.0102739068525163),
 .UNSPECIFIED.);
#170=B_SPLINE_CURVE_WITH_KNOTS('',3,(#5389,#5390,#5391,#5392),
 .UNSPECIFIED.,.F.,.F.,(4,4),(0.0134091729129788,0.0163605295360847),
 .UNSPECIFIED.);
#171=B_SPLINE_CURVE_WITH_KNOTS('',3,(#5393,#5394,#5395,#5396),
 .UNSPECIFIED.,.F.,.F.,(4,4),(0.0073252046957822,0.0102739068908088),
 .UNSPECIFIED.);
#172=B_SPLINE_CURVE_WITH_KNOTS('',3,(#5400,#5401,#5402,#5403),
 .UNSPECIFIED.,.F.,.F.,(4,4),(0.0134091729516299,0.01636052954383),
 .UNSPECIFIED.);
#173=B_SPLINE_CURVE_WITH_KNOTS('',3,(#5408,#5409,#5410,#5411),
 .UNSPECIFIED.,.F.,.F.,(4,4),(0.00628878847758348,0.00923006472362051),
 .UNSPECIFIED.);
#174=B_SPLINE_CURVE_WITH_KNOTS('',3,(#5412,#5413,#5414,#5415),
 .UNSPECIFIED.,.F.,.F.,(4,4),(0.0123640050672323,0.0153093564511572),
 .UNSPECIFIED.);
#175=B_SPLINE_CURVE_WITH_KNOTS('',3,(#5416,#5417,#5418,#5419),
 .UNSPECIFIED.,.F.,.F.,(4,4),(0.00628878847442764,0.00923006468592476),
 .UNSPECIFIED.);
#176=B_SPLINE_CURVE_WITH_KNOTS('',3,(#5423,#5424,#5425,#5426),
 .UNSPECIFIED.,.F.,.F.,(4,4),(0.0123640050286244,0.0153093564536947),
 .UNSPECIFIED.);
#177=B_SPLINE_CURVE_WITH_KNOTS('',3,(#5431,#5432,#5433,#5434),
 .UNSPECIFIED.,.F.,.F.,(4,4),(0.00732520464492975,0.0102739068413001),
 .UNSPECIFIED.);
#178=B_SPLINE_CURVE_WITH_KNOTS('',3,(#5435,#5436,#5437,#5438),
 .UNSPECIFIED.,.F.,.F.,(4,4),(0.0134091729016577,0.0163605295246157),
 .UNSPECIFIED.);
#179=B_SPLINE_CURVE_WITH_KNOTS('',3,(#5439,#5440,#5441,#5442),
 .UNSPECIFIED.,.F.,.F.,(4,4),(0.00732520468464449,0.0102739068795927),
 .UNSPECIFIED.);
#180=B_SPLINE_CURVE_WITH_KNOTS('',3,(#5446,#5447,#5448,#5449),
 .UNSPECIFIED.,.F.,.F.,(4,4),(0.0134091729403089,0.0163605295276432),
 .UNSPECIFIED.);
#181=B_SPLINE_CURVE_WITH_KNOTS('',3,(#5451,#5452,#5453,#5454),
 .UNSPECIFIED.,.F.,.F.,(4,4),(0.00732520468737495,0.0102739068840439),
 .UNSPECIFIED.);
#182=B_SPLINE_CURVE_WITH_KNOTS('',3,(#5455,#5456,#5457,#5458),
 .UNSPECIFIED.,.F.,.F.,(4,4),(0.0134091729448017,0.01636052953534),
 .UNSPECIFIED.);
#183=B_SPLINE_CURVE_WITH_KNOTS('',3,(#5459,#5460,#5461,#5462),
 .UNSPECIFIED.,.F.,.F.,(4,4),(0.00732520464597063,0.0102739068457513),
 .UNSPECIFIED.);
#184=B_SPLINE_CURVE_WITH_KNOTS('',3,(#5466,#5467,#5468,#5469),
 .UNSPECIFIED.,.F.,.F.,(4,4),(0.0134091729061506,0.0163605294946113),
 .UNSPECIFIED.);
#185=SPHERICAL_SURFACE('',#3303,1.9845);
#186=SPHERICAL_SURFACE('',#3304,1.9845);
#187=SPHERICAL_SURFACE('',#3305,1.9845);
#188=SPHERICAL_SURFACE('',#3306,1.9845);
#189=SPHERICAL_SURFACE('',#3307,1.9845);
#190=SPHERICAL_SURFACE('',#3308,1.9845);
#191=SPHERICAL_SURFACE('',#3309,1.9845);
#192=SPHERICAL_SURFACE('',#3310,1.9845);
#193=SPHERICAL_SURFACE('',#3311,1.9845);
#194=SPHERICAL_SURFACE('',#3312,1.9845);
#195=SPHERICAL_SURFACE('',#3313,1.9845);
#196=SPHERICAL_SURFACE('',#3372,3.175);
#197=SPHERICAL_SURFACE('',#3373,3.175);
#198=SPHERICAL_SURFACE('',#3374,3.175);
#199=SPHERICAL_SURFACE('',#3375,3.175);
#200=SPHERICAL_SURFACE('',#3376,3.175);
#201=SPHERICAL_SURFACE('',#3377,3.175);
#202=SPHERICAL_SURFACE('',#3378,3.175);
#203=SPHERICAL_SURFACE('',#3379,3.175);
#204=SPHERICAL_SURFACE('',#3380,3.175);
#205=SPHERICAL_SURFACE('',#3381,3.175);
#206=SPHERICAL_SURFACE('',#3382,3.175);
#207=SURFACE_STYLE_RENDERING_WITH_PROPERTIES(.CONSTANT_SHADING.,#3172,(#211));
#208=SURFACE_STYLE_RENDERING_WITH_PROPERTIES(.CONSTANT_SHADING.,#3173,(#212));
#209=SURFACE_STYLE_RENDERING_WITH_PROPERTIES(.CONSTANT_SHADING.,#3173,(#213));
#210=SURFACE_STYLE_RENDERING_WITH_PROPERTIES(.CONSTANT_SHADING.,#3173,(#214));
#211=SURFACE_STYLE_TRANSPARENT(0.5);
#212=SURFACE_STYLE_TRANSPARENT(0.5);
#213=SURFACE_STYLE_TRANSPARENT(0.5);
#214=SURFACE_STYLE_TRANSPARENT(0.5);
#215=CONTEXT_DEPENDENT_SHAPE_REPRESENTATION(#287,#5535);
#216=CONTEXT_DEPENDENT_SHAPE_REPRESENTATION(#288,#5537);
#217=CONTEXT_DEPENDENT_SHAPE_REPRESENTATION(#289,#5538);
#218=CONTEXT_DEPENDENT_SHAPE_REPRESENTATION(#290,#5540);
#219=CONTEXT_DEPENDENT_SHAPE_REPRESENTATION(#291,#5541);
#220=CONTEXT_DEPENDENT_SHAPE_REPRESENTATION(#292,#5544);
#221=CONTEXT_DEPENDENT_SHAPE_REPRESENTATION(#293,#5546);
#222=CONTEXT_DEPENDENT_SHAPE_REPRESENTATION(#294,#5548);
#223=CONTEXT_DEPENDENT_SHAPE_REPRESENTATION(#295,#5549);
#224=CONTEXT_DEPENDENT_SHAPE_REPRESENTATION(#296,#5550);
#225=CONTEXT_DEPENDENT_SHAPE_REPRESENTATION(#297,#5552);
#226=CONTEXT_DEPENDENT_SHAPE_REPRESENTATION(#298,#5553);
#227=CONTEXT_DEPENDENT_SHAPE_REPRESENTATION(#299,#5554);
#228=CONTEXT_DEPENDENT_SHAPE_REPRESENTATION(#300,#5556);
#229=CONTEXT_DEPENDENT_SHAPE_REPRESENTATION(#301,#5557);
#230=CONTEXT_DEPENDENT_SHAPE_REPRESENTATION(#302,#5558);
#231=CONTEXT_DEPENDENT_SHAPE_REPRESENTATION(#303,#5559);
#232=CONTEXT_DEPENDENT_SHAPE_REPRESENTATION(#304,#5560);
#233=CONTEXT_DEPENDENT_SHAPE_REPRESENTATION(#305,#5562);
#234=CONTEXT_DEPENDENT_SHAPE_REPRESENTATION(#306,#5563);
#235=CONTEXT_DEPENDENT_SHAPE_REPRESENTATION(#307,#5564);
#236=CONTEXT_DEPENDENT_SHAPE_REPRESENTATION(#308,#5566);
#237=CONTEXT_DEPENDENT_SHAPE_REPRESENTATION(#309,#5567);
#238=CONTEXT_DEPENDENT_SHAPE_REPRESENTATION(#310,#5569);
#239=CONTEXT_DEPENDENT_SHAPE_REPRESENTATION(#311,#5570);
#240=CONTEXT_DEPENDENT_SHAPE_REPRESENTATION(#312,#5571);
#241=CONTEXT_DEPENDENT_SHAPE_REPRESENTATION(#313,#5572);
#242=CONTEXT_DEPENDENT_SHAPE_REPRESENTATION(#314,#5574);
#243=CONTEXT_DEPENDENT_SHAPE_REPRESENTATION(#315,#5575);
#244=CONTEXT_DEPENDENT_SHAPE_REPRESENTATION(#316,#5576);
#245=CONTEXT_DEPENDENT_SHAPE_REPRESENTATION(#317,#5577);
#246=CONTEXT_DEPENDENT_SHAPE_REPRESENTATION(#318,#5578);
#247=CONTEXT_DEPENDENT_SHAPE_REPRESENTATION(#319,#5579);
#248=CONTEXT_DEPENDENT_SHAPE_REPRESENTATION(#320,#5580);
#249=CONTEXT_DEPENDENT_SHAPE_REPRESENTATION(#321,#5581);
#250=CONTEXT_DEPENDENT_SHAPE_REPRESENTATION(#322,#5582);
#251=NEXT_ASSEMBLY_USAGE_OCCURRENCE('Hing Plate-1 (180x80x16mm.)',
'Hing Plate-1 (180x80x16mm.)','Hing Plate-1 (180x80x16mm.)',#5584,#5585,
'');
#252=NEXT_ASSEMBLY_USAGE_OCCURRENCE('Pipe-ÿ40xÿ17x80mm. LG.',
'Pipe-ÿ40xÿ17x80mm. LG.','Pipe-ÿ40xÿ17x80mm. LG.',#5584,#5586,'');
#253=NEXT_ASSEMBLY_USAGE_OCCURRENCE('Hing Plate-1 (180x80x16mm.)',
'Hing Plate-1 (180x80x16mm.)','Hing Plate-1 (180x80x16mm.)',#5583,#5584,
'');
#254=NEXT_ASSEMBLY_USAGE_OCCURRENCE('STEP BUSH','STEP BUSH','STEP BUSH',
#5583,#5587,'');
#255=NEXT_ASSEMBLY_USAGE_OCCURRENCE('STEP BUSH','STEP BUSH','STEP BUSH',
#5583,#5587,'');
#256=NEXT_ASSEMBLY_USAGE_OCCURRENCE('Hing Plate-1 (180x100x16mm.)',
'Hing Plate-1 (180x100x16mm.)','Hing Plate-1 (180x100x16mm.)',#5588,#5589,
'');
#257=NEXT_ASSEMBLY_USAGE_OCCURRENCE('Pipe-ÿ40xÿ17x100mm. LG.',
'Pipe-ÿ40xÿ17x100mm. LG.','Pipe-ÿ40xÿ17x100mm. LG.',#5588,#5590,'');
#258=NEXT_ASSEMBLY_USAGE_OCCURRENCE(
'Ball Bearing-61903(ID=17, OD=30, THK=7).par2',
'Ball Bearing-61903(ID=17, OD=30, THK=7).par2',
'Ball Bearing-61903(ID=17, OD=30, THK=7).par2',#5588,#5591,'');
#259=NEXT_ASSEMBLY_USAGE_OCCURRENCE(
'Ball Bearing-61903(ID=17, OD=30, THK=7).par2',
'Ball Bearing-61903(ID=17, OD=30, THK=7).par2',
'Ball Bearing-61903(ID=17, OD=30, THK=7).par2',#5588,#5591,'');
#260=NEXT_ASSEMBLY_USAGE_OCCURRENCE('Hing Plate-2 (180x80x16mm.)',
'Hing Plate-2 (180x80x16mm.)','Hing Plate-2 (180x80x16mm.)',#5583,#5588,
'');
#261=NEXT_ASSEMBLY_USAGE_OCCURRENCE(
'THRUST BALL BEARING_51203(ID=17, OD=35, THK=12)',
'THRUST BALL BEARING_51203(ID=17, OD=35, THK=12)',
'THRUST BALL BEARING_51203(ID=17, OD=35, THK=12)',#5583,#5592,'');
#262=NEXT_ASSEMBLY_USAGE_OCCURRENCE('STEP BUSH','STEP BUSH','STEP BUSH',
#5583,#5587,'');
#263=NEXT_ASSEMBLY_USAGE_OCCURRENCE('Hing Plate-1 (180x80x16mm.)',
'Hing Plate-1 (180x80x16mm.)','Hing Plate-1 (180x80x16mm.)',#5583,#5584,
'');
#264=NEXT_ASSEMBLY_USAGE_OCCURRENCE('Washer M10-1','Washer M10-1',
'Washer M10-1',#5583,#5593,'');
#265=NEXT_ASSEMBLY_USAGE_OCCURRENCE('Washer M10-1','Washer M10-1',
'Washer M10-1',#5583,#5593,'');
#266=NEXT_ASSEMBLY_USAGE_OCCURRENCE('Washer M10-1','Washer M10-1',
'Washer M10-1',#5583,#5593,'');
#267=NEXT_ASSEMBLY_USAGE_OCCURRENCE('Washer M10-1','Washer M10-1',
'Washer M10-1',#5583,#5593,'');
#268=NEXT_ASSEMBLY_USAGE_OCCURRENCE('Washer M10-1','Washer M10-1',
'Washer M10-1',#5583,#5593,'');
#269=NEXT_ASSEMBLY_USAGE_OCCURRENCE('Stud M16x364.5mm. Lg',
'Stud M16x364.5mm. Lg','Stud M16x364.5mm. Lg',#5583,#5594,'');
#270=NEXT_ASSEMBLY_USAGE_OCCURRENCE('Washer M10-1','Washer M10-1',
'Washer M10-1',#5583,#5593,'');
#271=NEXT_ASSEMBLY_USAGE_OCCURRENCE('Washer M10-1','Washer M10-1',
'Washer M10-1',#5583,#5593,'');
#272=NEXT_ASSEMBLY_USAGE_OCCURRENCE('Washer M16','Washer M16',
'Washer M16',#5583,#5595,'');
#273=NEXT_ASSEMBLY_USAGE_OCCURRENCE('Washer M16','Washer M16',
'Washer M16',#5583,#5595,'');
#274=NEXT_ASSEMBLY_USAGE_OCCURRENCE('Hex Nut M16','Hex Nut M16',
'Hex Nut M16',#5583,#5596,'');
#275=NEXT_ASSEMBLY_USAGE_OCCURRENCE('Washer M10-1','Washer M10-1',
'Washer M10-1',#5583,#5593,'');
#276=NEXT_ASSEMBLY_USAGE_OCCURRENCE('Hex Nut M16','Hex Nut M16',
'Hex Nut M16',#5583,#5596,'');
#277=NEXT_ASSEMBLY_USAGE_OCCURRENCE('Hex Nut M16','Hex Nut M16',
'Hex Nut M16',#5583,#5596,'');
#278=NEXT_ASSEMBLY_USAGE_OCCURRENCE('Hex Hd. Bolt - M10x30',
'Hex Hd. Bolt - M10x30','Hex Hd. Bolt - M10x30',#5583,#5597,'');
#279=NEXT_ASSEMBLY_USAGE_OCCURRENCE('Hex Nut M16','Hex Nut M16',
'Hex Nut M16',#5583,#5596,'');
#280=NEXT_ASSEMBLY_USAGE_OCCURRENCE('Hex Hd. Bolt - M10x30',
'Hex Hd. Bolt - M10x30','Hex Hd. Bolt - M10x30',#5583,#5597,'');
#281=NEXT_ASSEMBLY_USAGE_OCCURRENCE('Hex Hd. Bolt - M10x30',
'Hex Hd. Bolt - M10x30','Hex Hd. Bolt - M10x30',#5583,#5597,'');
#282=NEXT_ASSEMBLY_USAGE_OCCURRENCE('Hex Hd. Bolt - M10x30',
'Hex Hd. Bolt - M10x30','Hex Hd. Bolt - M10x30',#5583,#5597,'');
#283=NEXT_ASSEMBLY_USAGE_OCCURRENCE('Hex Hd. Bolt - M10x30',
'Hex Hd. Bolt - M10x30','Hex Hd. Bolt - M10x30',#5583,#5597,'');
#284=NEXT_ASSEMBLY_USAGE_OCCURRENCE('Hex Hd. Bolt - M10x30',
'Hex Hd. Bolt - M10x30','Hex Hd. Bolt - M10x30',#5583,#5597,'');
#285=NEXT_ASSEMBLY_USAGE_OCCURRENCE('Hex Hd. Bolt - M10x30',
'Hex Hd. Bolt - M10x30','Hex Hd. Bolt - M10x30',#5583,#5597,'');
#286=NEXT_ASSEMBLY_USAGE_OCCURRENCE('Hex Hd. Bolt - M10x30',
'Hex Hd. Bolt - M10x30','Hex Hd. Bolt - M10x30',#5583,#5597,'');
#287=(
REPRESENTATION_RELATIONSHIP(' ',' ',#3208,#3209)
REPRESENTATION_RELATIONSHIP_WITH_TRANSFORMATION(#323)
SHAPE_REPRESENTATION_RELATIONSHIP()
);
#288=(
REPRESENTATION_RELATIONSHIP(' ',' ',#3210,#3209)
REPRESENTATION_RELATIONSHIP_WITH_TRANSFORMATION(#324)
SHAPE_REPRESENTATION_RELATIONSHIP()
);
#289=(
REPRESENTATION_RELATIONSHIP(' ',' ',#3209,#3211)
REPRESENTATION_RELATIONSHIP_WITH_TRANSFORMATION(#325)
SHAPE_REPRESENTATION_RELATIONSHIP()
);
#290=(
REPRESENTATION_RELATIONSHIP(' ',' ',#3212,#3211)
REPRESENTATION_RELATIONSHIP_WITH_TRANSFORMATION(#326)
SHAPE_REPRESENTATION_RELATIONSHIP()
);
#291=(
REPRESENTATION_RELATIONSHIP(' ',' ',#3212,#3211)
REPRESENTATION_RELATIONSHIP_WITH_TRANSFORMATION(#327)
SHAPE_REPRESENTATION_RELATIONSHIP()
);
#292=(
REPRESENTATION_RELATIONSHIP(' ',' ',#3213,#3214)
REPRESENTATION_RELATIONSHIP_WITH_TRANSFORMATION(#328)
SHAPE_REPRESENTATION_RELATIONSHIP()
);
#293=(
REPRESENTATION_RELATIONSHIP(' ',' ',#3215,#3214)
REPRESENTATION_RELATIONSHIP_WITH_TRANSFORMATION(#329)
SHAPE_REPRESENTATION_RELATIONSHIP()
);
#294=(
REPRESENTATION_RELATIONSHIP(' ',' ',#3216,#3214)
REPRESENTATION_RELATIONSHIP_WITH_TRANSFORMATION(#330)
SHAPE_REPRESENTATION_RELATIONSHIP()
);
#295=(
REPRESENTATION_RELATIONSHIP(' ',' ',#3216,#3214)
REPRESENTATION_RELATIONSHIP_WITH_TRANSFORMATION(#331)
SHAPE_REPRESENTATION_RELATIONSHIP()
);
#296=(
REPRESENTATION_RELATIONSHIP(' ',' ',#3214,#3211)
REPRESENTATION_RELATIONSHIP_WITH_TRANSFORMATION(#332)
SHAPE_REPRESENTATION_RELATIONSHIP()
);
#297=(
REPRESENTATION_RELATIONSHIP(' ',' ',#3217,#3211)
REPRESENTATION_RELATIONSHIP_WITH_TRANSFORMATION(#333)
SHAPE_REPRESENTATION_RELATIONSHIP()
);
#298=(
REPRESENTATION_RELATIONSHIP(' ',' ',#3212,#3211)
REPRESENTATION_RELATIONSHIP_WITH_TRANSFORMATION(#334)
SHAPE_REPRESENTATION_RELATIONSHIP()
);
#299=(
REPRESENTATION_RELATIONSHIP(' ',' ',#3209,#3211)
REPRESENTATION_RELATIONSHIP_WITH_TRANSFORMATION(#335)
SHAPE_REPRESENTATION_RELATIONSHIP()
);
#300=(
REPRESENTATION_RELATIONSHIP(' ',' ',#3218,#3211)
REPRESENTATION_RELATIONSHIP_WITH_TRANSFORMATION(#336)
SHAPE_REPRESENTATION_RELATIONSHIP()
);
#301=(
REPRESENTATION_RELATIONSHIP(' ',' ',#3218,#3211)
REPRESENTATION_RELATIONSHIP_WITH_TRANSFORMATION(#337)
SHAPE_REPRESENTATION_RELATIONSHIP()
);
#302=(
REPRESENTATION_RELATIONSHIP(' ',' ',#3218,#3211)
REPRESENTATION_RELATIONSHIP_WITH_TRANSFORMATION(#338)
SHAPE_REPRESENTATION_RELATIONSHIP()
);
#303=(
REPRESENTATION_RELATIONSHIP(' ',' ',#3218,#3211)
REPRESENTATION_RELATIONSHIP_WITH_TRANSFORMATION(#339)
SHAPE_REPRESENTATION_RELATIONSHIP()
);
#304=(
REPRESENTATION_RELATIONSHIP(' ',' ',#3218,#3211)
REPRESENTATION_RELATIONSHIP_WITH_TRANSFORMATION(#340)
SHAPE_REPRESENTATION_RELATIONSHIP()
);
#305=(
REPRESENTATION_RELATIONSHIP(' ',' ',#3219,#3211)
REPRESENTATION_RELATIONSHIP_WITH_TRANSFORMATION(#341)
SHAPE_REPRESENTATION_RELATIONSHIP()
);
#306=(
REPRESENTATION_RELATIONSHIP(' ',' ',#3218,#3211)
REPRESENTATION_RELATIONSHIP_WITH_TRANSFORMATION(#342)
SHAPE_REPRESENTATION_RELATIONSHIP()
);
#307=(
REPRESENTATION_RELATIONSHIP(' ',' ',#3218,#3211)
REPRESENTATION_RELATIONSHIP_WITH_TRANSFORMATION(#343)
SHAPE_REPRESENTATION_RELATIONSHIP()
);
#308=(
REPRESENTATION_RELATIONSHIP(' ',' ',#3220,#3211)
REPRESENTATION_RELATIONSHIP_WITH_TRANSFORMATION(#344)
SHAPE_REPRESENTATION_RELATIONSHIP()
);
#309=(
REPRESENTATION_RELATIONSHIP(' ',' ',#3220,#3211)
REPRESENTATION_RELATIONSHIP_WITH_TRANSFORMATION(#345)
SHAPE_REPRESENTATION_RELATIONSHIP()
);
#310=(
REPRESENTATION_RELATIONSHIP(' ',' ',#3221,#3211)
REPRESENTATION_RELATIONSHIP_WITH_TRANSFORMATION(#346)
SHAPE_REPRESENTATION_RELATIONSHIP()
);
#311=(
REPRESENTATION_RELATIONSHIP(' ',' ',#3218,#3211)
REPRESENTATION_RELATIONSHIP_WITH_TRANSFORMATION(#347)
SHAPE_REPRESENTATION_RELATIONSHIP()
);
#312=(
REPRESENTATION_RELATIONSHIP(' ',' ',#3221,#3211)
REPRESENTATION_RELATIONSHIP_WITH_TRANSFORMATION(#348)
SHAPE_REPRESENTATION_RELATIONSHIP()
);
#313=(
REPRESENTATION_RELATIONSHIP(' ',' ',#3221,#3211)
REPRESENTATION_RELATIONSHIP_WITH_TRANSFORMATION(#349)
SHAPE_REPRESENTATION_RELATIONSHIP()
);
#314=(
REPRESENTATION_RELATIONSHIP(' ',' ',#3222,#3211)
REPRESENTATION_RELATIONSHIP_WITH_TRANSFORMATION(#350)
SHAPE_REPRESENTATION_RELATIONSHIP()
);
#315=(
REPRESENTATION_RELATIONSHIP(' ',' ',#3221,#3211)
REPRESENTATION_RELATIONSHIP_WITH_TRANSFORMATION(#351)
SHAPE_REPRESENTATION_RELATIONSHIP()
);
#316=(
REPRESENTATION_RELATIONSHIP(' ',' ',#3222,#3211)
REPRESENTATION_RELATIONSHIP_WITH_TRANSFORMATION(#352)
SHAPE_REPRESENTATION_RELATIONSHIP()
);
#317=(
REPRESENTATION_RELATIONSHIP(' ',' ',#3222,#3211)
REPRESENTATION_RELATIONSHIP_WITH_TRANSFORMATION(#353)
SHAPE_REPRESENTATION_RELATIONSHIP()
);
#318=(
REPRESENTATION_RELATIONSHIP(' ',' ',#3222,#3211)
REPRESENTATION_RELATIONSHIP_WITH_TRANSFORMATION(#354)
SHAPE_REPRESENTATION_RELATIONSHIP()
);
#319=(
REPRESENTATION_RELATIONSHIP(' ',' ',#3222,#3211)
REPRESENTATION_RELATIONSHIP_WITH_TRANSFORMATION(#355)
SHAPE_REPRESENTATION_RELATIONSHIP()
);
#320=(
REPRESENTATION_RELATIONSHIP(' ',' ',#3222,#3211)
REPRESENTATION_RELATIONSHIP_WITH_TRANSFORMATION(#356)
SHAPE_REPRESENTATION_RELATIONSHIP()
);
#321=(
REPRESENTATION_RELATIONSHIP(' ',' ',#3222,#3211)
REPRESENTATION_RELATIONSHIP_WITH_TRANSFORMATION(#357)
SHAPE_REPRESENTATION_RELATIONSHIP()
);
#322=(
REPRESENTATION_RELATIONSHIP(' ',' ',#3222,#3211)
REPRESENTATION_RELATIONSHIP_WITH_TRANSFORMATION(#358)
SHAPE_REPRESENTATION_RELATIONSHIP()
);
#323=ITEM_DEFINED_TRANSFORMATION(' ',' ',#3223,#3242);
#324=ITEM_DEFINED_TRANSFORMATION(' ',' ',#3223,#3251);
#325=ITEM_DEFINED_TRANSFORMATION(' ',' ',#3223,#3252);
#326=ITEM_DEFINED_TRANSFORMATION(' ',' ',#3223,#3265);
#327=ITEM_DEFINED_TRANSFORMATION(' ',' ',#3223,#3266);
#328=ITEM_DEFINED_TRANSFORMATION(' ',' ',#3223,#3285);
#329=ITEM_DEFINED_TRANSFORMATION(' ',' ',#3223,#3302);
#330=ITEM_DEFINED_TRANSFORMATION(' ',' ',#3223,#3369);
#331=ITEM_DEFINED_TRANSFORMATION(' ',' ',#3223,#3370);
#332=ITEM_DEFINED_TRANSFORMATION(' ',' ',#3223,#3371);
#333=ITEM_DEFINED_TRANSFORMATION(' ',' ',#3223,#3434);
#334=ITEM_DEFINED_TRANSFORMATION(' ',' ',#3223,#3435);
#335=ITEM_DEFINED_TRANSFORMATION(' ',' ',#3223,#3436);
#336=ITEM_DEFINED_TRANSFORMATION(' ',' ',#3223,#3451);
#337=ITEM_DEFINED_TRANSFORMATION(' ',' ',#3223,#3452);
#338=ITEM_DEFINED_TRANSFORMATION(' ',' ',#3223,#3453);
#339=ITEM_DEFINED_TRANSFORMATION(' ',' ',#3223,#3454);
#340=ITEM_DEFINED_TRANSFORMATION(' ',' ',#3223,#3455);
#341=ITEM_DEFINED_TRANSFORMATION(' ',' ',#3223,#3473);
#342=ITEM_DEFINED_TRANSFORMATION(' ',' ',#3223,#3474);
#343=ITEM_DEFINED_TRANSFORMATION(' ',' ',#3223,#3475);
#344=ITEM_DEFINED_TRANSFORMATION(' ',' ',#3223,#3486);
#345=ITEM_DEFINED_TRANSFORMATION(' ',' ',#3223,#3487);
#346=ITEM_DEFINED_TRANSFORMATION(' ',' ',#3223,#3527);
#347=ITEM_DEFINED_TRANSFORMATION(' ',' ',#3223,#3528);
#348=ITEM_DEFINED_TRANSFORMATION(' ',' ',#3223,#3529);
#349=ITEM_DEFINED_TRANSFORMATION(' ',' ',#3223,#3530);
#350=ITEM_DEFINED_TRANSFORMATION(' ',' ',#3223,#3569);
#351=ITEM_DEFINED_TRANSFORMATION(' ',' ',#3223,#3570);
#352=ITEM_DEFINED_TRANSFORMATION(' ',' ',#3223,#3571);
#353=ITEM_DEFINED_TRANSFORMATION(' ',' ',#3223,#3572);
#354=ITEM_DEFINED_TRANSFORMATION(' ',' ',#3223,#3573);
#355=ITEM_DEFINED_TRANSFORMATION(' ',' ',#3223,#3574);
#356=ITEM_DEFINED_TRANSFORMATION(' ',' ',#3223,#3575);
#357=ITEM_DEFINED_TRANSFORMATION(' ',' ',#3223,#3576);
#358=ITEM_DEFINED_TRANSFORMATION(' ',' ',#3223,#3577);
#359=SHAPE_REPRESENTATION_RELATIONSHIP('','',#3208,#371);
#360=SHAPE_REPRESENTATION_RELATIONSHIP('','',#3210,#372);
#361=SHAPE_REPRESENTATION_RELATIONSHIP('','',#3212,#373);
#362=SHAPE_REPRESENTATION_RELATIONSHIP('','',#3213,#374);
#363=SHAPE_REPRESENTATION_RELATIONSHIP('','',#3215,#375);
#364=SHAPE_REPRESENTATION_RELATIONSHIP('','',#3216,#376);
#365=SHAPE_REPRESENTATION_RELATIONSHIP('','',#3217,#377);
#366=SHAPE_REPRESENTATION_RELATIONSHIP('','',#3218,#378);
#367=SHAPE_REPRESENTATION_RELATIONSHIP('','',#3219,#379);
#368=SHAPE_REPRESENTATION_RELATIONSHIP('','',#3220,#380);
#369=SHAPE_REPRESENTATION_RELATIONSHIP('','',#3221,#381);
#370=SHAPE_REPRESENTATION_RELATIONSHIP('','',#3222,#382);
#371=ADVANCED_BREP_SHAPE_REPRESENTATION('',(#3177),#5501);
#372=ADVANCED_BREP_SHAPE_REPRESENTATION('',(#3178),#5502);
#373=ADVANCED_BREP_SHAPE_REPRESENTATION('',(#3179),#5503);
#374=ADVANCED_BREP_SHAPE_REPRESENTATION('',(#3180),#5505);
#375=ADVANCED_BREP_SHAPE_REPRESENTATION('',(#3181),#5506);
#376=ADVANCED_BREP_SHAPE_REPRESENTATION('',(#3182,#3183,#3184),#5507);
#377=ADVANCED_BREP_SHAPE_REPRESENTATION('',(#3185,#3186,#3187),#5508);
#378=ADVANCED_BREP_SHAPE_REPRESENTATION('',(#3188),#5509);
#379=ADVANCED_BREP_SHAPE_REPRESENTATION('',(#3189),#5510);
#380=ADVANCED_BREP_SHAPE_REPRESENTATION('',(#3190),#5511);
#381=ADVANCED_BREP_SHAPE_REPRESENTATION('',(#3191),#5512);
#382=ADVANCED_BREP_SHAPE_REPRESENTATION('',(#3192),#5513);
#383=CYLINDRICAL_SURFACE('',#3238,6.);
#384=CYLINDRICAL_SURFACE('',#3239,6.);
#385=CYLINDRICAL_SURFACE('',#3240,6.);
#386=CYLINDRICAL_SURFACE('',#3241,6.);
#387=CYLINDRICAL_SURFACE('',#3243,10.8673844268831);
#388=CYLINDRICAL_SURFACE('',#3246,20.);
#389=CYLINDRICAL_SURFACE('',#3256,8.55);
#390=CYLINDRICAL_SURFACE('',#3260,10.5);
#391=CYLINDRICAL_SURFACE('',#3264,17.5);
#392=CYLINDRICAL_SURFACE('',#3281,6.);
#393=CYLINDRICAL_SURFACE('',#3282,6.);
#394=CYLINDRICAL_SURFACE('',#3283,6.);
#395=CYLINDRICAL_SURFACE('',#3284,6.);
#396=CYLINDRICAL_SURFACE('',#3286,8.7);
#397=CYLINDRICAL_SURFACE('',#3289,20.);
#398=CYLINDRICAL_SURFACE('',#3298,15.);
#399=CYLINDRICAL_SURFACE('',#3301,15.);
#400=CYLINDRICAL_SURFACE('',#3333,8.5);
#401=CYLINDRICAL_SURFACE('',#3336,10.2);
#402=CYLINDRICAL_SURFACE('',#3338,10.2);
#403=CYLINDRICAL_SURFACE('',#3350,13.3);
#404=CYLINDRICAL_SURFACE('',#3352,13.3);
#405=CYLINDRICAL_SURFACE('',#3357,13.85);
#406=CYLINDRICAL_SURFACE('',#3361,15.);
#407=CYLINDRICAL_SURFACE('',#3364,13.85);
#408=CYLINDRICAL_SURFACE('',#3405,17.5);
#409=CYLINDRICAL_SURFACE('',#3411,8.5);
#410=CYLINDRICAL_SURFACE('',#3425,17.5);
#411=CYLINDRICAL_SURFACE('',#3431,9.5);
#412=CYLINDRICAL_SURFACE('',#3437,5.25);
#413=CYLINDRICAL_SURFACE('',#3440,10.5);
#414=CYLINDRICAL_SURFACE('',#3458,8.00000000000003);
#415=CYLINDRICAL_SURFACE('',#3463,8.50000000000001);
#416=CYLINDRICAL_SURFACE('',#3467,8.00000000000003);
#417=CYLINDRICAL_SURFACE('',#3476,8.75);
#418=CYLINDRICAL_SURFACE('',#3479,15.);
#419=CYLINDRICAL_SURFACE('',#3522,6.9175);
#420=CYLINDRICAL_SURFACE('',#3541,5.);
#421=CIRCLE('',#3229,6.);
#422=CIRCLE('',#3230,6.);
#423=CIRCLE('',#3231,6.);
#424=CIRCLE('',#3232,6.);
#425=CIRCLE('',#3234,6.);
#426=CIRCLE('',#3235,6.);
#427=CIRCLE('',#3236,6.);
#428=CIRCLE('',#3237,6.);
#429=CIRCLE('',#3244,10.8673844268831);
#430=CIRCLE('',#3245,10.8673844268831);
#431=CIRCLE('',#3247,20.);
#432=CIRCLE('',#3248,20.);
#433=CIRCLE('',#3254,8.55);
#434=CIRCLE('',#3255,17.5);
#435=CIRCLE('',#3257,8.55);
#436=CIRCLE('',#3259,10.5);
#437=CIRCLE('',#3261,10.5);
#438=CIRCLE('',#3263,17.5);
#439=CIRCLE('',#3272,6.);
#440=CIRCLE('',#3273,6.);
#441=CIRCLE('',#3274,6.);
#442=CIRCLE('',#3275,6.);
#443=CIRCLE('',#3277,6.);
#444=CIRCLE('',#3278,6.);
#445=CIRCLE('',#3279,6.);
#446=CIRCLE('',#3280,6.);
#447=CIRCLE('',#3287,8.7);
#448=CIRCLE('',#3288,8.7);
#449=CIRCLE('',#3290,20.);
#450=CIRCLE('',#3291,20.);
#451=CIRCLE('',#3293,15.);
#452=CIRCLE('',#3295,15.);
#453=CIRCLE('',#3297,15.);
#454=CIRCLE('',#3300,15.);
#455=CIRCLE('',#3326,8.8);
#456=CIRCLE('',#3327,10.2);
#457=CIRCLE('',#3329,8.8);
#458=CIRCLE('',#3330,10.2);
#459=CIRCLE('',#3332,8.5);
#460=CIRCLE('',#3334,8.5);
#461=CIRCLE('',#3337,10.2);
#462=CIRCLE('',#3339,10.2);
#463=CIRCLE('',#3342,13.85);
#464=CIRCLE('',#3343,14.7);
#465=CIRCLE('',#3345,13.85);
#466=CIRCLE('',#3346,14.7);
#467=CIRCLE('',#3348,13.8882025990867);
#468=CIRCLE('',#3349,13.3);
#469=CIRCLE('',#3351,13.3);
#470=CIRCLE('',#3353,13.3);
#471=CIRCLE('',#3354,13.3);
#472=CIRCLE('',#3356,13.8882025990867);
#473=CIRCLE('',#3358,13.85);
#474=CIRCLE('',#3360,15.);
#475=CIRCLE('',#3362,15.);
#476=CIRCLE('',#3365,13.85);
#477=CIRCLE('',#3395,9.1);
#478=CIRCLE('',#3396,16.9);
#479=CIRCLE('',#3398,11.095);
#480=CIRCLE('',#3399,9.1);
#481=CIRCLE('',#3401,16.9);
#482=CIRCLE('',#3402,14.905);
#483=CIRCLE('',#3404,17.5);
#484=CIRCLE('',#3406,17.5);
#485=CIRCLE('',#3410,8.5);
#486=CIRCLE('',#3412,8.5);
#487=CIRCLE('',#3415,10.1);
#488=CIRCLE('',#3416,16.9);
#489=CIRCLE('',#3418,11.095);
#490=CIRCLE('',#3419,10.1);
#491=CIRCLE('',#3421,16.9);
#492=CIRCLE('',#3422,14.905);
#493=CIRCLE('',#3424,17.5);
#494=CIRCLE('',#3426,17.5);
#495=CIRCLE('',#3430,9.5);
#496=CIRCLE('',#3432,9.5);
#497=CIRCLE('',#3438,5.25);
#498=CIRCLE('',#3439,5.25);
#499=CIRCLE('',#3441,10.5);
#500=CIRCLE('',#3442,10.5);
#501=CIRCLE('',#3444,5.75);
#502=CIRCLE('',#3445,10.);
#503=CIRCLE('',#3447,5.75);
#504=CIRCLE('',#3457,7.00000000000003);
#505=CIRCLE('',#3459,8.00000000000003);
#506=CIRCLE('',#3460,8.00000000000003);
#507=CIRCLE('',#3462,8.50000000000001);
#508=CIRCLE('',#3464,8.50000000000001);
#509=CIRCLE('',#3466,8.00000000000003);
#510=CIRCLE('',#3468,8.00000000000003);
#511=CIRCLE('',#3470,7.00000000000003);
#512=CIRCLE('',#3477,8.75);
#513=CIRCLE('',#3478,8.75);
#514=CIRCLE('',#3480,15.);
#515=CIRCLE('',#3481,15.);
#516=CIRCLE('',#3484,14.5);
#517=CIRCLE('',#3495,7.9175);
#518=CIRCLE('',#3496,12.856406460551);
#519=CIRCLE('',#3497,12.856406460551);
#520=CIRCLE('',#3498,12.856406460551);
#521=CIRCLE('',#3499,12.856406460551);
#522=CIRCLE('',#3500,12.856406460551);
#523=CIRCLE('',#3501,12.856406460551);
#524=CIRCLE('',#3503,7.9175);
#525=CIRCLE('',#3504,12.856406460551);
#526=CIRCLE('',#3505,12.856406460551);
#527=CIRCLE('',#3506,12.856406460551);
#528=CIRCLE('',#3507,12.856406460551);
#529=CIRCLE('',#3508,12.856406460551);
#530=CIRCLE('',#3509,12.856406460551);
#531=CIRCLE('',#3523,6.9175);
#532=CIRCLE('',#3524,6.9175);
#533=CIRCLE('',#3532,5.);
#534=CIRCLE('',#3533,7.6602540353977);
#535=CIRCLE('',#3534,7.6602540353977);
#536=CIRCLE('',#3535,7.6602540353977);
#537=CIRCLE('',#3536,7.6602540353977);
#538=CIRCLE('',#3537,7.6602540353977);
#539=CIRCLE('',#3538,7.6602540353977);
#540=CIRCLE('',#3540,4.5);
#541=CIRCLE('',#3542,5.);
#542=CIRCLE('',#3551,7.6602540353977);
#543=CIRCLE('',#3552,7.6602540353977);
#544=CIRCLE('',#3553,7.6602540353977);
#545=CIRCLE('',#3554,7.6602540353977);
#546=CIRCLE('',#3555,7.6602540353977);
#547=CIRCLE('',#3556,7.6602540353977);
#548=ORIENTED_EDGE('',*,*,#1106,.T.);
#549=ORIENTED_EDGE('',*,*,#1107,.F.);
#550=ORIENTED_EDGE('',*,*,#1108,.F.);
#551=ORIENTED_EDGE('',*,*,#1109,.T.);
#552=ORIENTED_EDGE('',*,*,#1110,.T.);
#553=ORIENTED_EDGE('',*,*,#1111,.F.);
#554=ORIENTED_EDGE('',*,*,#1112,.F.);
#555=ORIENTED_EDGE('',*,*,#1107,.T.);
#556=ORIENTED_EDGE('',*,*,#1113,.T.);
#557=ORIENTED_EDGE('',*,*,#1114,.F.);
#558=ORIENTED_EDGE('',*,*,#1115,.F.);
#559=ORIENTED_EDGE('',*,*,#1111,.T.);
#560=ORIENTED_EDGE('',*,*,#1116,.T.);
#561=ORIENTED_EDGE('',*,*,#1109,.F.);
#562=ORIENTED_EDGE('',*,*,#1117,.F.);
#563=ORIENTED_EDGE('',*,*,#1114,.T.);
#564=ORIENTED_EDGE('',*,*,#1118,.F.);
#565=ORIENTED_EDGE('',*,*,#1119,.F.);
#566=ORIENTED_EDGE('',*,*,#1120,.F.);
#567=ORIENTED_EDGE('',*,*,#1121,.F.);
#568=ORIENTED_EDGE('',*,*,#1108,.T.);
#569=ORIENTED_EDGE('',*,*,#1112,.T.);
#570=ORIENTED_EDGE('',*,*,#1115,.T.);
#571=ORIENTED_EDGE('',*,*,#1117,.T.);
#572=ORIENTED_EDGE('',*,*,#1122,.T.);
#573=ORIENTED_EDGE('',*,*,#1123,.T.);
#574=ORIENTED_EDGE('',*,*,#1124,.T.);
#575=ORIENTED_EDGE('',*,*,#1125,.T.);
#576=ORIENTED_EDGE('',*,*,#1106,.F.);
#577=ORIENTED_EDGE('',*,*,#1116,.F.);
#578=ORIENTED_EDGE('',*,*,#1113,.F.);
#579=ORIENTED_EDGE('',*,*,#1110,.F.);
#580=ORIENTED_EDGE('',*,*,#1125,.F.);
#581=ORIENTED_EDGE('',*,*,#1121,.T.);
#582=ORIENTED_EDGE('',*,*,#1124,.F.);
#583=ORIENTED_EDGE('',*,*,#1120,.T.);
#584=ORIENTED_EDGE('',*,*,#1123,.F.);
#585=ORIENTED_EDGE('',*,*,#1119,.T.);
#586=ORIENTED_EDGE('',*,*,#1122,.F.);
#587=ORIENTED_EDGE('',*,*,#1118,.T.);
#588=ORIENTED_EDGE('',*,*,#1126,.F.);
#589=ORIENTED_EDGE('',*,*,#1127,.T.);
#590=ORIENTED_EDGE('',*,*,#1128,.T.);
#591=ORIENTED_EDGE('',*,*,#1129,.F.);
#592=ORIENTED_EDGE('',*,*,#1126,.T.);
#593=ORIENTED_EDGE('',*,*,#1128,.F.);
#594=ORIENTED_EDGE('',*,*,#1127,.F.);
#595=ORIENTED_EDGE('',*,*,#1129,.T.);
#596=ORIENTED_EDGE('',*,*,#1130,.T.);
#597=ORIENTED_EDGE('',*,*,#1131,.F.);
#598=ORIENTED_EDGE('',*,*,#1132,.T.);
#599=ORIENTED_EDGE('',*,*,#1130,.F.);
#600=ORIENTED_EDGE('',*,*,#1133,.T.);
#601=ORIENTED_EDGE('',*,*,#1132,.F.);
#602=ORIENTED_EDGE('',*,*,#1134,.T.);
#603=ORIENTED_EDGE('',*,*,#1133,.F.);
#604=ORIENTED_EDGE('',*,*,#1135,.T.);
#605=ORIENTED_EDGE('',*,*,#1134,.F.);
#606=ORIENTED_EDGE('',*,*,#1131,.T.);
#607=ORIENTED_EDGE('',*,*,#1135,.F.);
#608=ORIENTED_EDGE('',*,*,#1136,.T.);
#609=ORIENTED_EDGE('',*,*,#1137,.F.);
#610=ORIENTED_EDGE('',*,*,#1138,.F.);
#611=ORIENTED_EDGE('',*,*,#1139,.T.);
#612=ORIENTED_EDGE('',*,*,#1140,.T.);
#613=ORIENTED_EDGE('',*,*,#1141,.F.);
#614=ORIENTED_EDGE('',*,*,#1142,.F.);
#615=ORIENTED_EDGE('',*,*,#1137,.T.);
#616=ORIENTED_EDGE('',*,*,#1143,.T.);
#617=ORIENTED_EDGE('',*,*,#1144,.F.);
#618=ORIENTED_EDGE('',*,*,#1145,.F.);
#619=ORIENTED_EDGE('',*,*,#1141,.T.);
#620=ORIENTED_EDGE('',*,*,#1146,.T.);
#621=ORIENTED_EDGE('',*,*,#1139,.F.);
#622=ORIENTED_EDGE('',*,*,#1147,.F.);
#623=ORIENTED_EDGE('',*,*,#1144,.T.);
#624=ORIENTED_EDGE('',*,*,#1148,.F.);
#625=ORIENTED_EDGE('',*,*,#1149,.F.);
#626=ORIENTED_EDGE('',*,*,#1150,.F.);
#627=ORIENTED_EDGE('',*,*,#1151,.F.);
#628=ORIENTED_EDGE('',*,*,#1138,.T.);
#629=ORIENTED_EDGE('',*,*,#1142,.T.);
#630=ORIENTED_EDGE('',*,*,#1145,.T.);
#631=ORIENTED_EDGE('',*,*,#1147,.T.);
#632=ORIENTED_EDGE('',*,*,#1152,.T.);
#633=ORIENTED_EDGE('',*,*,#1153,.T.);
#634=ORIENTED_EDGE('',*,*,#1154,.T.);
#635=ORIENTED_EDGE('',*,*,#1155,.T.);
#636=ORIENTED_EDGE('',*,*,#1136,.F.);
#637=ORIENTED_EDGE('',*,*,#1146,.F.);
#638=ORIENTED_EDGE('',*,*,#1143,.F.);
#639=ORIENTED_EDGE('',*,*,#1140,.F.);
#640=ORIENTED_EDGE('',*,*,#1155,.F.);
#641=ORIENTED_EDGE('',*,*,#1151,.T.);
#642=ORIENTED_EDGE('',*,*,#1154,.F.);
#643=ORIENTED_EDGE('',*,*,#1150,.T.);
#644=ORIENTED_EDGE('',*,*,#1153,.F.);
#645=ORIENTED_EDGE('',*,*,#1149,.T.);
#646=ORIENTED_EDGE('',*,*,#1152,.F.);
#647=ORIENTED_EDGE('',*,*,#1148,.T.);
#648=ORIENTED_EDGE('',*,*,#1156,.T.);
#649=ORIENTED_EDGE('',*,*,#1157,.T.);
#650=ORIENTED_EDGE('',*,*,#1158,.T.);
#651=ORIENTED_EDGE('',*,*,#1159,.F.);
#652=ORIENTED_EDGE('',*,*,#1160,.T.);
#653=ORIENTED_EDGE('',*,*,#1158,.F.);
#654=ORIENTED_EDGE('',*,*,#1161,.T.);
#655=ORIENTED_EDGE('',*,*,#1159,.T.);
#656=ORIENTED_EDGE('',*,*,#1162,.T.);
#657=ORIENTED_EDGE('',*,*,#1157,.F.);
#658=ORIENTED_EDGE('',*,*,#1162,.F.);
#659=ORIENTED_EDGE('',*,*,#1160,.F.);
#660=ORIENTED_EDGE('',*,*,#1163,.T.);
#661=ORIENTED_EDGE('',*,*,#1156,.F.);
#662=ORIENTED_EDGE('',*,*,#1163,.F.);
#663=ORIENTED_EDGE('',*,*,#1161,.F.);
#664=ORIENTED_EDGE('',*,*,#1164,.F.);
#665=ORIENTED_EDGE('',*,*,#1165,.F.);
#666=ORIENTED_EDGE('',*,*,#1166,.F.);
#667=ORIENTED_EDGE('',*,*,#1167,.F.);
#668=ORIENTED_EDGE('',*,*,#1168,.F.);
#669=ORIENTED_EDGE('',*,*,#1169,.F.);
#670=ORIENTED_EDGE('',*,*,#1170,.F.);
#671=ORIENTED_EDGE('',*,*,#1171,.F.);
#672=ORIENTED_EDGE('',*,*,#1172,.F.);
#673=ORIENTED_EDGE('',*,*,#1173,.F.);
#674=ORIENTED_EDGE('',*,*,#1174,.F.);
#675=ORIENTED_EDGE('',*,*,#1175,.F.);
#676=ORIENTED_EDGE('',*,*,#1176,.F.);
#677=ORIENTED_EDGE('',*,*,#1177,.F.);
#678=ORIENTED_EDGE('',*,*,#1178,.F.);
#679=ORIENTED_EDGE('',*,*,#1179,.F.);
#680=ORIENTED_EDGE('',*,*,#1180,.F.);
#681=ORIENTED_EDGE('',*,*,#1181,.F.);
#682=ORIENTED_EDGE('',*,*,#1182,.F.);
#683=ORIENTED_EDGE('',*,*,#1183,.F.);
#684=ORIENTED_EDGE('',*,*,#1184,.F.);
#685=ORIENTED_EDGE('',*,*,#1185,.F.);
#686=ORIENTED_EDGE('',*,*,#1179,.T.);
#687=ORIENTED_EDGE('',*,*,#1180,.T.);
#688=ORIENTED_EDGE('',*,*,#1185,.T.);
#689=ORIENTED_EDGE('',*,*,#1164,.T.);
#690=ORIENTED_EDGE('',*,*,#1165,.T.);
#691=ORIENTED_EDGE('',*,*,#1166,.T.);
#692=ORIENTED_EDGE('',*,*,#1167,.T.);
#693=ORIENTED_EDGE('',*,*,#1168,.T.);
#694=ORIENTED_EDGE('',*,*,#1169,.T.);
#695=ORIENTED_EDGE('',*,*,#1170,.T.);
#696=ORIENTED_EDGE('',*,*,#1171,.T.);
#697=ORIENTED_EDGE('',*,*,#1172,.T.);
#698=ORIENTED_EDGE('',*,*,#1173,.T.);
#699=ORIENTED_EDGE('',*,*,#1174,.T.);
#700=ORIENTED_EDGE('',*,*,#1175,.T.);
#701=ORIENTED_EDGE('',*,*,#1176,.T.);
#702=ORIENTED_EDGE('',*,*,#1177,.T.);
#703=ORIENTED_EDGE('',*,*,#1178,.T.);
#704=ORIENTED_EDGE('',*,*,#1181,.T.);
#705=ORIENTED_EDGE('',*,*,#1182,.T.);
#706=ORIENTED_EDGE('',*,*,#1183,.T.);
#707=ORIENTED_EDGE('',*,*,#1184,.T.);
#708=ORIENTED_EDGE('',*,*,#1186,.T.);
#709=ORIENTED_EDGE('',*,*,#1187,.F.);
#710=ORIENTED_EDGE('',*,*,#1188,.F.);
#711=ORIENTED_EDGE('',*,*,#1189,.T.);
#712=ORIENTED_EDGE('',*,*,#1190,.F.);
#713=ORIENTED_EDGE('',*,*,#1188,.T.);
#714=ORIENTED_EDGE('',*,*,#1190,.T.);
#715=ORIENTED_EDGE('',*,*,#1191,.F.);
#716=ORIENTED_EDGE('',*,*,#1186,.F.);
#717=ORIENTED_EDGE('',*,*,#1191,.T.);
#718=ORIENTED_EDGE('',*,*,#1192,.F.);
#719=ORIENTED_EDGE('',*,*,#1187,.T.);
#720=ORIENTED_EDGE('',*,*,#1189,.F.);
#721=ORIENTED_EDGE('',*,*,#1193,.T.);
#722=ORIENTED_EDGE('',*,*,#1193,.F.);
#723=ORIENTED_EDGE('',*,*,#1192,.T.);
#724=ORIENTED_EDGE('',*,*,#1194,.F.);
#725=ORIENTED_EDGE('',*,*,#1195,.T.);
#726=ORIENTED_EDGE('',*,*,#1196,.T.);
#727=ORIENTED_EDGE('',*,*,#1197,.F.);
#728=ORIENTED_EDGE('',*,*,#1198,.T.);
#729=ORIENTED_EDGE('',*,*,#1199,.F.);
#730=ORIENTED_EDGE('',*,*,#1199,.T.);
#731=ORIENTED_EDGE('',*,*,#1200,.F.);
#732=ORIENTED_EDGE('',*,*,#1201,.T.);
#733=ORIENTED_EDGE('',*,*,#1202,.F.);
#734=ORIENTED_EDGE('',*,*,#1202,.T.);
#735=ORIENTED_EDGE('',*,*,#1203,.F.);
#736=ORIENTED_EDGE('',*,*,#1204,.T.);
#737=ORIENTED_EDGE('',*,*,#1196,.F.);
#738=ORIENTED_EDGE('',*,*,#1205,.F.);
#739=ORIENTED_EDGE('',*,*,#1197,.T.);
#740=ORIENTED_EDGE('',*,*,#1206,.F.);
#741=ORIENTED_EDGE('',*,*,#1205,.T.);
#742=ORIENTED_EDGE('',*,*,#1195,.F.);
#743=ORIENTED_EDGE('',*,*,#1206,.T.);
#744=ORIENTED_EDGE('',*,*,#1194,.T.);
#745=ORIENTED_EDGE('',*,*,#1207,.F.);
#746=ORIENTED_EDGE('',*,*,#1200,.T.);
#747=ORIENTED_EDGE('',*,*,#1201,.F.);
#748=ORIENTED_EDGE('',*,*,#1203,.T.);
#749=ORIENTED_EDGE('',*,*,#1204,.F.);
#750=ORIENTED_EDGE('',*,*,#1207,.T.);
#751=ORIENTED_EDGE('',*,*,#1198,.F.);
#752=ORIENTED_EDGE('',*,*,#1208,.F.);
#753=ORIENTED_EDGE('',*,*,#1209,.F.);
#754=ORIENTED_EDGE('',*,*,#1210,.F.);
#755=ORIENTED_EDGE('',*,*,#1211,.F.);
#756=ORIENTED_EDGE('',*,*,#1212,.F.);
#757=ORIENTED_EDGE('',*,*,#1213,.F.);
#758=ORIENTED_EDGE('',*,*,#1214,.F.);
#759=ORIENTED_EDGE('',*,*,#1215,.F.);
#760=ORIENTED_EDGE('',*,*,#1216,.F.);
#761=ORIENTED_EDGE('',*,*,#1217,.F.);
#762=ORIENTED_EDGE('',*,*,#1218,.F.);
#763=ORIENTED_EDGE('',*,*,#1219,.F.);
#764=ORIENTED_EDGE('',*,*,#1220,.F.);
#765=ORIENTED_EDGE('',*,*,#1221,.F.);
#766=ORIENTED_EDGE('',*,*,#1222,.F.);
#767=ORIENTED_EDGE('',*,*,#1223,.F.);
#768=ORIENTED_EDGE('',*,*,#1224,.F.);
#769=ORIENTED_EDGE('',*,*,#1225,.F.);
#770=ORIENTED_EDGE('',*,*,#1226,.F.);
#771=ORIENTED_EDGE('',*,*,#1227,.F.);
#772=ORIENTED_EDGE('',*,*,#1228,.F.);
#773=ORIENTED_EDGE('',*,*,#1229,.F.);
#774=ORIENTED_EDGE('',*,*,#1223,.T.);
#775=ORIENTED_EDGE('',*,*,#1224,.T.);
#776=ORIENTED_EDGE('',*,*,#1229,.T.);
#777=ORIENTED_EDGE('',*,*,#1208,.T.);
#778=ORIENTED_EDGE('',*,*,#1209,.T.);
#779=ORIENTED_EDGE('',*,*,#1210,.T.);
#780=ORIENTED_EDGE('',*,*,#1211,.T.);
#781=ORIENTED_EDGE('',*,*,#1212,.T.);
#782=ORIENTED_EDGE('',*,*,#1213,.T.);
#783=ORIENTED_EDGE('',*,*,#1214,.T.);
#784=ORIENTED_EDGE('',*,*,#1215,.T.);
#785=ORIENTED_EDGE('',*,*,#1216,.T.);
#786=ORIENTED_EDGE('',*,*,#1218,.T.);
#787=ORIENTED_EDGE('',*,*,#1217,.T.);
#788=ORIENTED_EDGE('',*,*,#1219,.T.);
#789=ORIENTED_EDGE('',*,*,#1220,.T.);
#790=ORIENTED_EDGE('',*,*,#1221,.T.);
#791=ORIENTED_EDGE('',*,*,#1222,.T.);
#792=ORIENTED_EDGE('',*,*,#1225,.T.);
#793=ORIENTED_EDGE('',*,*,#1226,.T.);
#794=ORIENTED_EDGE('',*,*,#1227,.T.);
#795=ORIENTED_EDGE('',*,*,#1228,.T.);
#796=ORIENTED_EDGE('',*,*,#1230,.T.);
#797=ORIENTED_EDGE('',*,*,#1231,.F.);
#798=ORIENTED_EDGE('',*,*,#1232,.T.);
#799=ORIENTED_EDGE('',*,*,#1233,.F.);
#800=ORIENTED_EDGE('',*,*,#1234,.T.);
#801=ORIENTED_EDGE('',*,*,#1235,.F.);
#802=ORIENTED_EDGE('',*,*,#1236,.F.);
#803=ORIENTED_EDGE('',*,*,#1231,.T.);
#804=ORIENTED_EDGE('',*,*,#1237,.F.);
#805=ORIENTED_EDGE('',*,*,#1236,.T.);
#806=ORIENTED_EDGE('',*,*,#1234,.F.);
#807=ORIENTED_EDGE('',*,*,#1237,.T.);
#808=ORIENTED_EDGE('',*,*,#1232,.F.);
#809=ORIENTED_EDGE('',*,*,#1235,.T.);
#810=ORIENTED_EDGE('',*,*,#1233,.T.);
#811=ORIENTED_EDGE('',*,*,#1238,.F.);
#812=ORIENTED_EDGE('',*,*,#1238,.T.);
#813=ORIENTED_EDGE('',*,*,#1239,.F.);
#814=ORIENTED_EDGE('',*,*,#1230,.F.);
#815=ORIENTED_EDGE('',*,*,#1239,.T.);
#816=ORIENTED_EDGE('',*,*,#1240,.T.);
#817=ORIENTED_EDGE('',*,*,#1241,.F.);
#818=ORIENTED_EDGE('',*,*,#1242,.T.);
#819=ORIENTED_EDGE('',*,*,#1243,.F.);
#820=ORIENTED_EDGE('',*,*,#1244,.T.);
#821=ORIENTED_EDGE('',*,*,#1245,.F.);
#822=ORIENTED_EDGE('',*,*,#1246,.F.);
#823=ORIENTED_EDGE('',*,*,#1241,.T.);
#824=ORIENTED_EDGE('',*,*,#1247,.F.);
#825=ORIENTED_EDGE('',*,*,#1246,.T.);
#826=ORIENTED_EDGE('',*,*,#1244,.F.);
#827=ORIENTED_EDGE('',*,*,#1247,.T.);
#828=ORIENTED_EDGE('',*,*,#1242,.F.);
#829=ORIENTED_EDGE('',*,*,#1245,.T.);
#830=ORIENTED_EDGE('',*,*,#1243,.T.);
#831=ORIENTED_EDGE('',*,*,#1248,.F.);
#832=ORIENTED_EDGE('',*,*,#1248,.T.);
#833=ORIENTED_EDGE('',*,*,#1249,.F.);
#834=ORIENTED_EDGE('',*,*,#1240,.F.);
#835=ORIENTED_EDGE('',*,*,#1249,.T.);
#836=ORIENTED_EDGE('',*,*,#1250,.T.);
#837=ORIENTED_EDGE('',*,*,#1251,.T.);
#838=ORIENTED_EDGE('',*,*,#1252,.T.);
#839=ORIENTED_EDGE('',*,*,#1253,.F.);
#840=ORIENTED_EDGE('',*,*,#1254,.T.);
#841=ORIENTED_EDGE('',*,*,#1255,.T.);
#842=ORIENTED_EDGE('',*,*,#1256,.T.);
#843=ORIENTED_EDGE('',*,*,#1253,.T.);
#844=ORIENTED_EDGE('',*,*,#1256,.F.);
#845=ORIENTED_EDGE('',*,*,#1250,.F.);
#846=ORIENTED_EDGE('',*,*,#1251,.F.);
#847=ORIENTED_EDGE('',*,*,#1254,.F.);
#848=ORIENTED_EDGE('',*,*,#1255,.F.);
#849=ORIENTED_EDGE('',*,*,#1252,.F.);
#850=ORIENTED_EDGE('',*,*,#1257,.T.);
#851=ORIENTED_EDGE('',*,*,#1258,.T.);
#852=ORIENTED_EDGE('',*,*,#1259,.T.);
#853=ORIENTED_EDGE('',*,*,#1260,.T.);
#854=ORIENTED_EDGE('',*,*,#1259,.F.);
#855=ORIENTED_EDGE('',*,*,#1261,.T.);
#856=ORIENTED_EDGE('',*,*,#1260,.F.);
#857=ORIENTED_EDGE('',*,*,#1262,.T.);
#858=ORIENTED_EDGE('',*,*,#1261,.F.);
#859=ORIENTED_EDGE('',*,*,#1263,.T.);
#860=ORIENTED_EDGE('',*,*,#1262,.F.);
#861=ORIENTED_EDGE('',*,*,#1264,.T.);
#862=ORIENTED_EDGE('',*,*,#1258,.F.);
#863=ORIENTED_EDGE('',*,*,#1257,.F.);
#864=ORIENTED_EDGE('',*,*,#1264,.F.);
#865=ORIENTED_EDGE('',*,*,#1263,.F.);
#866=ORIENTED_EDGE('',*,*,#1265,.T.);
#867=ORIENTED_EDGE('',*,*,#1266,.F.);
#868=ORIENTED_EDGE('',*,*,#1267,.T.);
#869=ORIENTED_EDGE('',*,*,#1268,.F.);
#870=ORIENTED_EDGE('',*,*,#1265,.F.);
#871=ORIENTED_EDGE('',*,*,#1268,.T.);
#872=ORIENTED_EDGE('',*,*,#1269,.T.);
#873=ORIENTED_EDGE('',*,*,#1266,.T.);
#874=ORIENTED_EDGE('',*,*,#1269,.F.);
#875=ORIENTED_EDGE('',*,*,#1267,.F.);
#876=ORIENTED_EDGE('',*,*,#1270,.F.);
#877=ORIENTED_EDGE('',*,*,#1271,.F.);
#878=ORIENTED_EDGE('',*,*,#1272,.F.);
#879=ORIENTED_EDGE('',*,*,#1273,.F.);
#880=ORIENTED_EDGE('',*,*,#1274,.F.);
#881=ORIENTED_EDGE('',*,*,#1275,.T.);
#882=ORIENTED_EDGE('',*,*,#1276,.F.);
#883=ORIENTED_EDGE('',*,*,#1277,.T.);
#884=ORIENTED_EDGE('',*,*,#1278,.F.);
#885=ORIENTED_EDGE('',*,*,#1279,.F.);
#886=ORIENTED_EDGE('',*,*,#1280,.F.);
#887=ORIENTED_EDGE('',*,*,#1281,.F.);
#888=ORIENTED_EDGE('',*,*,#1282,.F.);
#889=ORIENTED_EDGE('',*,*,#1271,.T.);
#890=ORIENTED_EDGE('',*,*,#1283,.F.);
#891=ORIENTED_EDGE('',*,*,#1284,.T.);
#892=ORIENTED_EDGE('',*,*,#1285,.F.);
#893=ORIENTED_EDGE('',*,*,#1286,.F.);
#894=ORIENTED_EDGE('',*,*,#1287,.F.);
#895=ORIENTED_EDGE('',*,*,#1288,.F.);
#896=ORIENTED_EDGE('',*,*,#1289,.F.);
#897=ORIENTED_EDGE('',*,*,#1279,.T.);
#898=ORIENTED_EDGE('',*,*,#1290,.F.);
#899=ORIENTED_EDGE('',*,*,#1291,.T.);
#900=ORIENTED_EDGE('',*,*,#1292,.F.);
#901=ORIENTED_EDGE('',*,*,#1293,.F.);
#902=ORIENTED_EDGE('',*,*,#1294,.F.);
#903=ORIENTED_EDGE('',*,*,#1295,.F.);
#904=ORIENTED_EDGE('',*,*,#1296,.F.);
#905=ORIENTED_EDGE('',*,*,#1286,.T.);
#906=ORIENTED_EDGE('',*,*,#1297,.F.);
#907=ORIENTED_EDGE('',*,*,#1298,.T.);
#908=ORIENTED_EDGE('',*,*,#1299,.F.);
#909=ORIENTED_EDGE('',*,*,#1300,.F.);
#910=ORIENTED_EDGE('',*,*,#1301,.F.);
#911=ORIENTED_EDGE('',*,*,#1302,.F.);
#912=ORIENTED_EDGE('',*,*,#1303,.F.);
#913=ORIENTED_EDGE('',*,*,#1293,.T.);
#914=ORIENTED_EDGE('',*,*,#1304,.F.);
#915=ORIENTED_EDGE('',*,*,#1305,.T.);
#916=ORIENTED_EDGE('',*,*,#1306,.F.);
#917=ORIENTED_EDGE('',*,*,#1275,.F.);
#918=ORIENTED_EDGE('',*,*,#1307,.F.);
#919=ORIENTED_EDGE('',*,*,#1308,.F.);
#920=ORIENTED_EDGE('',*,*,#1309,.F.);
#921=ORIENTED_EDGE('',*,*,#1300,.T.);
#922=ORIENTED_EDGE('',*,*,#1310,.F.);
#923=ORIENTED_EDGE('',*,*,#1311,.T.);
#924=ORIENTED_EDGE('',*,*,#1312,.T.);
#925=ORIENTED_EDGE('',*,*,#1308,.T.);
#926=ORIENTED_EDGE('',*,*,#1313,.T.);
#927=ORIENTED_EDGE('',*,*,#1273,.T.);
#928=ORIENTED_EDGE('',*,*,#1314,.T.);
#929=ORIENTED_EDGE('',*,*,#1281,.T.);
#930=ORIENTED_EDGE('',*,*,#1315,.T.);
#931=ORIENTED_EDGE('',*,*,#1288,.T.);
#932=ORIENTED_EDGE('',*,*,#1316,.T.);
#933=ORIENTED_EDGE('',*,*,#1295,.T.);
#934=ORIENTED_EDGE('',*,*,#1317,.T.);
#935=ORIENTED_EDGE('',*,*,#1302,.T.);
#936=ORIENTED_EDGE('',*,*,#1318,.T.);
#937=ORIENTED_EDGE('',*,*,#1319,.T.);
#938=ORIENTED_EDGE('',*,*,#1320,.F.);
#939=ORIENTED_EDGE('',*,*,#1311,.F.);
#940=ORIENTED_EDGE('',*,*,#1321,.F.);
#941=ORIENTED_EDGE('',*,*,#1305,.F.);
#942=ORIENTED_EDGE('',*,*,#1322,.F.);
#943=ORIENTED_EDGE('',*,*,#1298,.F.);
#944=ORIENTED_EDGE('',*,*,#1323,.F.);
#945=ORIENTED_EDGE('',*,*,#1291,.F.);
#946=ORIENTED_EDGE('',*,*,#1324,.F.);
#947=ORIENTED_EDGE('',*,*,#1284,.F.);
#948=ORIENTED_EDGE('',*,*,#1325,.F.);
#949=ORIENTED_EDGE('',*,*,#1277,.F.);
#950=ORIENTED_EDGE('',*,*,#1301,.T.);
#951=ORIENTED_EDGE('',*,*,#1309,.T.);
#952=ORIENTED_EDGE('',*,*,#1318,.F.);
#953=ORIENTED_EDGE('',*,*,#1294,.T.);
#954=ORIENTED_EDGE('',*,*,#1303,.T.);
#955=ORIENTED_EDGE('',*,*,#1317,.F.);
#956=ORIENTED_EDGE('',*,*,#1287,.T.);
#957=ORIENTED_EDGE('',*,*,#1296,.T.);
#958=ORIENTED_EDGE('',*,*,#1316,.F.);
#959=ORIENTED_EDGE('',*,*,#1280,.T.);
#960=ORIENTED_EDGE('',*,*,#1289,.T.);
#961=ORIENTED_EDGE('',*,*,#1315,.F.);
#962=ORIENTED_EDGE('',*,*,#1272,.T.);
#963=ORIENTED_EDGE('',*,*,#1282,.T.);
#964=ORIENTED_EDGE('',*,*,#1314,.F.);
#965=ORIENTED_EDGE('',*,*,#1274,.T.);
#966=ORIENTED_EDGE('',*,*,#1313,.F.);
#967=ORIENTED_EDGE('',*,*,#1307,.T.);
#968=ORIENTED_EDGE('',*,*,#1299,.T.);
#969=ORIENTED_EDGE('',*,*,#1321,.T.);
#970=ORIENTED_EDGE('',*,*,#1310,.T.);
#971=ORIENTED_EDGE('',*,*,#1292,.T.);
#972=ORIENTED_EDGE('',*,*,#1322,.T.);
#973=ORIENTED_EDGE('',*,*,#1304,.T.);
#974=ORIENTED_EDGE('',*,*,#1285,.T.);
#975=ORIENTED_EDGE('',*,*,#1323,.T.);
#976=ORIENTED_EDGE('',*,*,#1297,.T.);
#977=ORIENTED_EDGE('',*,*,#1278,.T.);
#978=ORIENTED_EDGE('',*,*,#1324,.T.);
#979=ORIENTED_EDGE('',*,*,#1290,.T.);
#980=ORIENTED_EDGE('',*,*,#1270,.T.);
#981=ORIENTED_EDGE('',*,*,#1325,.T.);
#982=ORIENTED_EDGE('',*,*,#1283,.T.);
#983=ORIENTED_EDGE('',*,*,#1276,.T.);
#984=ORIENTED_EDGE('',*,*,#1306,.T.);
#985=ORIENTED_EDGE('',*,*,#1320,.T.);
#986=ORIENTED_EDGE('',*,*,#1326,.T.);
#987=ORIENTED_EDGE('',*,*,#1327,.T.);
#988=ORIENTED_EDGE('',*,*,#1326,.F.);
#989=ORIENTED_EDGE('',*,*,#1319,.F.);
#990=ORIENTED_EDGE('',*,*,#1312,.F.);
#991=ORIENTED_EDGE('',*,*,#1327,.F.);
#992=ORIENTED_EDGE('',*,*,#1328,.F.);
#993=ORIENTED_EDGE('',*,*,#1329,.T.);
#994=ORIENTED_EDGE('',*,*,#1330,.F.);
#995=ORIENTED_EDGE('',*,*,#1331,.T.);
#996=ORIENTED_EDGE('',*,*,#1332,.F.);
#997=ORIENTED_EDGE('',*,*,#1333,.T.);
#998=ORIENTED_EDGE('',*,*,#1334,.F.);
#999=ORIENTED_EDGE('',*,*,#1335,.T.);
#1000=ORIENTED_EDGE('',*,*,#1336,.F.);
#1001=ORIENTED_EDGE('',*,*,#1337,.T.);
#1002=ORIENTED_EDGE('',*,*,#1338,.F.);
#1003=ORIENTED_EDGE('',*,*,#1339,.T.);
#1004=ORIENTED_EDGE('',*,*,#1340,.F.);
#1005=ORIENTED_EDGE('',*,*,#1341,.T.);
#1006=ORIENTED_EDGE('',*,*,#1342,.T.);
#1007=ORIENTED_EDGE('',*,*,#1328,.T.);
#1008=ORIENTED_EDGE('',*,*,#1342,.F.);
#1009=ORIENTED_EDGE('',*,*,#1341,.F.);
#1010=ORIENTED_EDGE('',*,*,#1343,.T.);
#1011=ORIENTED_EDGE('',*,*,#1344,.T.);
#1012=ORIENTED_EDGE('',*,*,#1330,.T.);
#1013=ORIENTED_EDGE('',*,*,#1345,.T.);
#1014=ORIENTED_EDGE('',*,*,#1346,.F.);
#1015=ORIENTED_EDGE('',*,*,#1347,.T.);
#1016=ORIENTED_EDGE('',*,*,#1348,.T.);
#1017=ORIENTED_EDGE('',*,*,#1349,.T.);
#1018=ORIENTED_EDGE('',*,*,#1350,.T.);
#1019=ORIENTED_EDGE('',*,*,#1351,.T.);
#1020=ORIENTED_EDGE('',*,*,#1332,.T.);
#1021=ORIENTED_EDGE('',*,*,#1352,.T.);
#1022=ORIENTED_EDGE('',*,*,#1343,.F.);
#1023=ORIENTED_EDGE('',*,*,#1353,.T.);
#1024=ORIENTED_EDGE('',*,*,#1354,.T.);
#1025=ORIENTED_EDGE('',*,*,#1355,.T.);
#1026=ORIENTED_EDGE('',*,*,#1356,.T.);
#1027=ORIENTED_EDGE('',*,*,#1357,.T.);
#1028=ORIENTED_EDGE('',*,*,#1334,.T.);
#1029=ORIENTED_EDGE('',*,*,#1358,.T.);
#1030=ORIENTED_EDGE('',*,*,#1350,.F.);
#1031=ORIENTED_EDGE('',*,*,#1359,.T.);
#1032=ORIENTED_EDGE('',*,*,#1360,.T.);
#1033=ORIENTED_EDGE('',*,*,#1361,.T.);
#1034=ORIENTED_EDGE('',*,*,#1362,.T.);
#1035=ORIENTED_EDGE('',*,*,#1363,.T.);
#1036=ORIENTED_EDGE('',*,*,#1336,.T.);
#1037=ORIENTED_EDGE('',*,*,#1364,.T.);
#1038=ORIENTED_EDGE('',*,*,#1356,.F.);
#1039=ORIENTED_EDGE('',*,*,#1365,.T.);
#1040=ORIENTED_EDGE('',*,*,#1366,.T.);
#1041=ORIENTED_EDGE('',*,*,#1367,.T.);
#1042=ORIENTED_EDGE('',*,*,#1368,.T.);
#1043=ORIENTED_EDGE('',*,*,#1369,.T.);
#1044=ORIENTED_EDGE('',*,*,#1338,.T.);
#1045=ORIENTED_EDGE('',*,*,#1370,.T.);
#1046=ORIENTED_EDGE('',*,*,#1362,.F.);
#1047=ORIENTED_EDGE('',*,*,#1371,.T.);
#1048=ORIENTED_EDGE('',*,*,#1372,.T.);
#1049=ORIENTED_EDGE('',*,*,#1373,.T.);
#1050=ORIENTED_EDGE('',*,*,#1346,.T.);
#1051=ORIENTED_EDGE('',*,*,#1374,.T.);
#1052=ORIENTED_EDGE('',*,*,#1340,.T.);
#1053=ORIENTED_EDGE('',*,*,#1375,.T.);
#1054=ORIENTED_EDGE('',*,*,#1368,.F.);
#1055=ORIENTED_EDGE('',*,*,#1376,.T.);
#1056=ORIENTED_EDGE('',*,*,#1377,.T.);
#1057=ORIENTED_EDGE('',*,*,#1378,.T.);
#1058=ORIENTED_EDGE('',*,*,#1379,.F.);
#1059=ORIENTED_EDGE('',*,*,#1366,.F.);
#1060=ORIENTED_EDGE('',*,*,#1380,.F.);
#1061=ORIENTED_EDGE('',*,*,#1360,.F.);
#1062=ORIENTED_EDGE('',*,*,#1381,.F.);
#1063=ORIENTED_EDGE('',*,*,#1354,.F.);
#1064=ORIENTED_EDGE('',*,*,#1382,.F.);
#1065=ORIENTED_EDGE('',*,*,#1348,.F.);
#1066=ORIENTED_EDGE('',*,*,#1383,.F.);
#1067=ORIENTED_EDGE('',*,*,#1377,.F.);
#1068=ORIENTED_EDGE('',*,*,#1384,.F.);
#1069=ORIENTED_EDGE('',*,*,#1372,.F.);
#1070=ORIENTED_EDGE('',*,*,#1380,.T.);
#1071=ORIENTED_EDGE('',*,*,#1365,.F.);
#1072=ORIENTED_EDGE('',*,*,#1361,.F.);
#1073=ORIENTED_EDGE('',*,*,#1381,.T.);
#1074=ORIENTED_EDGE('',*,*,#1359,.F.);
#1075=ORIENTED_EDGE('',*,*,#1355,.F.);
#1076=ORIENTED_EDGE('',*,*,#1382,.T.);
#1077=ORIENTED_EDGE('',*,*,#1353,.F.);
#1078=ORIENTED_EDGE('',*,*,#1349,.F.);
#1079=ORIENTED_EDGE('',*,*,#1378,.F.);
#1080=ORIENTED_EDGE('',*,*,#1383,.T.);
#1081=ORIENTED_EDGE('',*,*,#1347,.F.);
#1082=ORIENTED_EDGE('',*,*,#1384,.T.);
#1083=ORIENTED_EDGE('',*,*,#1376,.F.);
#1084=ORIENTED_EDGE('',*,*,#1373,.F.);
#1085=ORIENTED_EDGE('',*,*,#1379,.T.);
#1086=ORIENTED_EDGE('',*,*,#1371,.F.);
#1087=ORIENTED_EDGE('',*,*,#1367,.F.);
#1088=ORIENTED_EDGE('',*,*,#1369,.F.);
#1089=ORIENTED_EDGE('',*,*,#1375,.F.);
#1090=ORIENTED_EDGE('',*,*,#1339,.F.);
#1091=ORIENTED_EDGE('',*,*,#1329,.F.);
#1092=ORIENTED_EDGE('',*,*,#1374,.F.);
#1093=ORIENTED_EDGE('',*,*,#1345,.F.);
#1094=ORIENTED_EDGE('',*,*,#1370,.F.);
#1095=ORIENTED_EDGE('',*,*,#1337,.F.);
#1096=ORIENTED_EDGE('',*,*,#1363,.F.);
#1097=ORIENTED_EDGE('',*,*,#1364,.F.);
#1098=ORIENTED_EDGE('',*,*,#1335,.F.);
#1099=ORIENTED_EDGE('',*,*,#1357,.F.);
#1100=ORIENTED_EDGE('',*,*,#1358,.F.);
#1101=ORIENTED_EDGE('',*,*,#1333,.F.);
#1102=ORIENTED_EDGE('',*,*,#1351,.F.);
#1103=ORIENTED_EDGE('',*,*,#1352,.F.);
#1104=ORIENTED_EDGE('',*,*,#1331,.F.);
#1105=ORIENTED_EDGE('',*,*,#1344,.F.);
#1106=EDGE_CURVE('',#1385,#1386,#1620,.T.);
#1107=EDGE_CURVE('',#1387,#1386,#1621,.T.);
#1108=EDGE_CURVE('',#1388,#1387,#1622,.T.);
#1109=EDGE_CURVE('',#1388,#1385,#1623,.T.);
#1110=EDGE_CURVE('',#1386,#1389,#1624,.T.);
#1111=EDGE_CURVE('',#1390,#1389,#1625,.T.);
#1112=EDGE_CURVE('',#1387,#1390,#1626,.T.);
#1113=EDGE_CURVE('',#1389,#1391,#1627,.T.);
#1114=EDGE_CURVE('',#1392,#1391,#1628,.T.);
#1115=EDGE_CURVE('',#1390,#1392,#1629,.T.);
#1116=EDGE_CURVE('',#1391,#1385,#1630,.T.);
#1117=EDGE_CURVE('',#1392,#1388,#1631,.T.);
#1118=EDGE_CURVE('',#1393,#1393,#421,.T.);
#1119=EDGE_CURVE('',#1394,#1394,#422,.T.);
#1120=EDGE_CURVE('',#1395,#1395,#423,.T.);
#1121=EDGE_CURVE('',#1396,#1396,#424,.T.);
#1122=EDGE_CURVE('',#1397,#1397,#425,.T.);
#1123=EDGE_CURVE('',#1398,#1398,#426,.T.);
#1124=EDGE_CURVE('',#1399,#1399,#427,.T.);
#1125=EDGE_CURVE('',#1400,#1400,#428,.T.);
#1126=EDGE_CURVE('',#1401,#1401,#429,.T.);
#1127=EDGE_CURVE('',#1402,#1402,#430,.T.);
#1128=EDGE_CURVE('',#1403,#1403,#431,.T.);
#1129=EDGE_CURVE('',#1404,#1404,#432,.T.);
#1130=EDGE_CURVE('',#1405,#1405,#433,.T.);
#1131=EDGE_CURVE('',#1406,#1406,#434,.T.);
#1132=EDGE_CURVE('',#1407,#1407,#435,.T.);
#1133=EDGE_CURVE('',#1408,#1408,#436,.T.);
#1134=EDGE_CURVE('',#1409,#1409,#437,.T.);
#1135=EDGE_CURVE('',#1410,#1410,#438,.T.);
#1136=EDGE_CURVE('',#1411,#1412,#1632,.T.);
#1137=EDGE_CURVE('',#1413,#1412,#1633,.T.);
#1138=EDGE_CURVE('',#1414,#1413,#1634,.T.);
#1139=EDGE_CURVE('',#1414,#1411,#1635,.T.);
#1140=EDGE_CURVE('',#1412,#1415,#1636,.T.);
#1141=EDGE_CURVE('',#1416,#1415,#1637,.T.);
#1142=EDGE_CURVE('',#1413,#1416,#1638,.T.);
#1143=EDGE_CURVE('',#1415,#1417,#1639,.T.);
#1144=EDGE_CURVE('',#1418,#1417,#1640,.T.);
#1145=EDGE_CURVE('',#1416,#1418,#1641,.T.);
#1146=EDGE_CURVE('',#1417,#1411,#1642,.T.);
#1147=EDGE_CURVE('',#1418,#1414,#1643,.T.);
#1148=EDGE_CURVE('',#1419,#1419,#439,.T.);
#1149=EDGE_CURVE('',#1420,#1420,#440,.T.);
#1150=EDGE_CURVE('',#1421,#1421,#441,.T.);
#1151=EDGE_CURVE('',#1422,#1422,#442,.T.);
#1152=EDGE_CURVE('',#1423,#1423,#443,.T.);
#1153=EDGE_CURVE('',#1424,#1424,#444,.T.);
#1154=EDGE_CURVE('',#1425,#1425,#445,.T.);
#1155=EDGE_CURVE('',#1426,#1426,#446,.T.);
#1156=EDGE_CURVE('',#1427,#1427,#447,.F.);
#1157=EDGE_CURVE('',#1428,#1428,#448,.F.);
#1158=EDGE_CURVE('',#1429,#1429,#449,.T.);
#1159=EDGE_CURVE('',#1430,#1430,#450,.T.);
#1160=EDGE_CURVE('',#1431,#1431,#451,.T.);
#1161=EDGE_CURVE('',#1432,#1432,#452,.T.);
#1162=EDGE_CURVE('',#1433,#1433,#453,.T.);
#1163=EDGE_CURVE('',#1434,#1434,#454,.T.);
#1164=EDGE_CURVE('',#1435,#1435,#93,.T.);
#1165=EDGE_CURVE('',#1436,#1436,#94,.T.);
#1166=EDGE_CURVE('',#1437,#1437,#95,.T.);
#1167=EDGE_CURVE('',#1438,#1438,#96,.T.);
#1168=EDGE_CURVE('',#1439,#1439,#97,.T.);
#1169=EDGE_CURVE('',#1440,#1440,#98,.T.);
#1170=EDGE_CURVE('',#1441,#1441,#99,.T.);
#1171=EDGE_CURVE('',#1442,#1442,#100,.T.);
#1172=EDGE_CURVE('',#1443,#1443,#101,.T.);
#1173=EDGE_CURVE('',#1444,#1444,#102,.T.);
#1174=EDGE_CURVE('',#1445,#1445,#103,.T.);
#1175=EDGE_CURVE('',#1446,#1446,#104,.T.);
#1176=EDGE_CURVE('',#1447,#1447,#105,.T.);
#1177=EDGE_CURVE('',#1448,#1448,#106,.T.);
#1178=EDGE_CURVE('',#1449,#1449,#107,.T.);
#1179=EDGE_CURVE('',#1450,#1450,#108,.T.);
#1180=EDGE_CURVE('',#1451,#1451,#109,.T.);
#1181=EDGE_CURVE('',#1452,#1452,#110,.T.);
#1182=EDGE_CURVE('',#1453,#1453,#111,.T.);
#1183=EDGE_CURVE('',#1454,#1454,#112,.T.);
#1184=EDGE_CURVE('',#1455,#1455,#113,.T.);
#1185=EDGE_CURVE('',#1456,#1456,#114,.T.);
#1186=EDGE_CURVE('',#1457,#1457,#455,.T.);
#1187=EDGE_CURVE('',#1458,#1458,#456,.T.);
#1188=EDGE_CURVE('',#1459,#1459,#457,.T.);
#1189=EDGE_CURVE('',#1460,#1460,#458,.T.);
#1190=EDGE_CURVE('',#1461,#1461,#459,.T.);
#1191=EDGE_CURVE('',#1462,#1462,#460,.T.);
#1192=EDGE_CURVE('',#1463,#1463,#461,.T.);
#1193=EDGE_CURVE('',#1464,#1464,#462,.T.);
#1194=EDGE_CURVE('',#1465,#1465,#463,.T.);
#1195=EDGE_CURVE('',#1466,#1466,#464,.T.);
#1196=EDGE_CURVE('',#1467,#1467,#465,.T.);
#1197=EDGE_CURVE('',#1468,#1468,#466,.T.);
#1198=EDGE_CURVE('',#1469,#1469,#467,.T.);
#1199=EDGE_CURVE('',#1470,#1470,#468,.T.);
#1200=EDGE_CURVE('',#1471,#1471,#469,.T.);
#1201=EDGE_CURVE('',#1472,#1472,#470,.T.);
#1202=EDGE_CURVE('',#1473,#1473,#471,.T.);
#1203=EDGE_CURVE('',#1474,#1474,#472,.T.);
#1204=EDGE_CURVE('',#1475,#1475,#473,.T.);
#1205=EDGE_CURVE('',#1476,#1476,#474,.T.);
#1206=EDGE_CURVE('',#1477,#1477,#475,.T.);
#1207=EDGE_CURVE('',#1478,#1478,#476,.T.);
#1208=EDGE_CURVE('',#1479,#1479,#115,.T.);
#1209=EDGE_CURVE('',#1480,#1480,#116,.T.);
#1210=EDGE_CURVE('',#1481,#1481,#117,.T.);
#1211=EDGE_CURVE('',#1482,#1482,#118,.T.);
#1212=EDGE_CURVE('',#1483,#1483,#119,.T.);
#1213=EDGE_CURVE('',#1484,#1484,#120,.T.);
#1214=EDGE_CURVE('',#1485,#1485,#121,.T.);
#1215=EDGE_CURVE('',#1486,#1486,#122,.T.);
#1216=EDGE_CURVE('',#1487,#1487,#123,.T.);
#1217=EDGE_CURVE('',#1488,#1488,#124,.T.);
#1218=EDGE_CURVE('',#1489,#1489,#125,.T.);
#1219=EDGE_CURVE('',#1490,#1490,#126,.T.);
#1220=EDGE_CURVE('',#1491,#1491,#127,.T.);
#1221=EDGE_CURVE('',#1492,#1492,#128,.T.);
#1222=EDGE_CURVE('',#1493,#1493,#129,.T.);
#1223=EDGE_CURVE('',#1494,#1494,#130,.T.);
#1224=EDGE_CURVE('',#1495,#1495,#131,.T.);
#1225=EDGE_CURVE('',#1496,#1496,#132,.T.);
#1226=EDGE_CURVE('',#1497,#1497,#133,.T.);
#1227=EDGE_CURVE('',#1498,#1498,#134,.T.);
#1228=EDGE_CURVE('',#1499,#1499,#135,.T.);
#1229=EDGE_CURVE('',#1500,#1500,#136,.T.);
#1230=EDGE_CURVE('',#1501,#1501,#477,.T.);
#1231=EDGE_CURVE('',#1502,#1502,#478,.T.);
#1232=EDGE_CURVE('',#1503,#1503,#479,.T.);
#1233=EDGE_CURVE('',#1504,#1504,#480,.T.);
#1234=EDGE_CURVE('',#1505,#1505,#481,.T.);
#1235=EDGE_CURVE('',#1506,#1506,#482,.T.);
#1236=EDGE_CURVE('',#1507,#1507,#483,.T.);
#1237=EDGE_CURVE('',#1508,#1508,#484,.T.);
#1238=EDGE_CURVE('',#1509,#1509,#485,.T.);
#1239=EDGE_CURVE('',#1510,#1510,#486,.T.);
#1240=EDGE_CURVE('',#1511,#1511,#487,.T.);
#1241=EDGE_CURVE('',#1512,#1512,#488,.T.);
#1242=EDGE_CURVE('',#1513,#1513,#489,.T.);
#1243=EDGE_CURVE('',#1514,#1514,#490,.T.);
#1244=EDGE_CURVE('',#1515,#1515,#491,.T.);
#1245=EDGE_CURVE('',#1516,#1516,#492,.T.);
#1246=EDGE_CURVE('',#1517,#1517,#493,.T.);
#1247=EDGE_CURVE('',#1518,#1518,#494,.T.);
#1248=EDGE_CURVE('',#1519,#1519,#495,.T.);
#1249=EDGE_CURVE('',#1520,#1520,#496,.T.);
#1250=EDGE_CURVE('',#1521,#1521,#497,.T.);
#1251=EDGE_CURVE('',#1522,#1522,#498,.F.);
#1252=EDGE_CURVE('',#1523,#1523,#499,.T.);
#1253=EDGE_CURVE('',#1524,#1524,#500,.T.);
#1254=EDGE_CURVE('',#1525,#1525,#501,.T.);
#1255=EDGE_CURVE('',#1526,#1526,#502,.F.);
#1256=EDGE_CURVE('',#1527,#1527,#503,.F.);
#1257=EDGE_CURVE('',#1528,#1528,#504,.T.);
#1258=EDGE_CURVE('',#1529,#1529,#505,.F.);
#1259=EDGE_CURVE('',#1530,#1530,#506,.T.);
#1260=EDGE_CURVE('',#1531,#1531,#507,.T.);
#1261=EDGE_CURVE('',#1532,#1532,#508,.T.);
#1262=EDGE_CURVE('',#1533,#1533,#509,.T.);
#1263=EDGE_CURVE('',#1534,#1534,#510,.F.);
#1264=EDGE_CURVE('',#1535,#1535,#511,.T.);
#1265=EDGE_CURVE('',#1536,#1536,#512,.T.);
#1266=EDGE_CURVE('',#1537,#1537,#513,.T.);
#1267=EDGE_CURVE('',#1538,#1538,#514,.T.);
#1268=EDGE_CURVE('',#1539,#1539,#515,.T.);
#1269=EDGE_CURVE('',#1540,#1540,#516,.F.);
#1270=EDGE_CURVE('',#1541,#1542,#137,.T.);
#1271=EDGE_CURVE('',#1543,#1541,#1644,.T.);
#1272=EDGE_CURVE('',#1544,#1543,#138,.T.);
#1273=EDGE_CURVE('',#1545,#1544,#1645,.T.);
#1274=EDGE_CURVE('',#1546,#1545,#139,.T.);
#1275=EDGE_CURVE('',#1546,#1547,#1646,.T.);
#1276=EDGE_CURVE('',#1548,#1547,#140,.T.);
#1277=EDGE_CURVE('',#1548,#1542,#1647,.T.);
#1278=EDGE_CURVE('',#1549,#1550,#141,.T.);
#1279=EDGE_CURVE('',#1551,#1549,#1648,.T.);
#1280=EDGE_CURVE('',#1552,#1551,#142,.T.);
#1281=EDGE_CURVE('',#1553,#1552,#1649,.T.);
#1282=EDGE_CURVE('',#1543,#1553,#143,.T.);
#1283=EDGE_CURVE('',#1554,#1541,#144,.T.);
#1284=EDGE_CURVE('',#1554,#1550,#1650,.T.);
#1285=EDGE_CURVE('',#1555,#1556,#145,.T.);
#1286=EDGE_CURVE('',#1557,#1555,#1651,.T.);
#1287=EDGE_CURVE('',#1558,#1557,#146,.T.);
#1288=EDGE_CURVE('',#1559,#1558,#1652,.T.);
#1289=EDGE_CURVE('',#1551,#1559,#147,.T.);
#1290=EDGE_CURVE('',#1560,#1549,#148,.T.);
#1291=EDGE_CURVE('',#1560,#1556,#1653,.T.);
#1292=EDGE_CURVE('',#1561,#1562,#149,.T.);
#1293=EDGE_CURVE('',#1563,#1561,#1654,.T.);
#1294=EDGE_CURVE('',#1564,#1563,#150,.T.);
#1295=EDGE_CURVE('',#1565,#1564,#1655,.T.);
#1296=EDGE_CURVE('',#1557,#1565,#151,.T.);
#1297=EDGE_CURVE('',#1566,#1555,#152,.T.);
#1298=EDGE_CURVE('',#1566,#1562,#1656,.T.);
#1299=EDGE_CURVE('',#1567,#1568,#153,.T.);
#1300=EDGE_CURVE('',#1569,#1567,#1657,.T.);
#1301=EDGE_CURVE('',#1570,#1569,#154,.T.);
#1302=EDGE_CURVE('',#1571,#1570,#1658,.T.);
#1303=EDGE_CURVE('',#1563,#1571,#155,.T.);
#1304=EDGE_CURVE('',#1572,#1561,#156,.T.);
#1305=EDGE_CURVE('',#1572,#1568,#1659,.T.);
#1306=EDGE_CURVE('',#1547,#1573,#157,.T.);
#1307=EDGE_CURVE('',#1574,#1546,#158,.T.);
#1308=EDGE_CURVE('',#1575,#1574,#1660,.T.);
#1309=EDGE_CURVE('',#1569,#1575,#159,.T.);
#1310=EDGE_CURVE('',#1576,#1567,#160,.T.);
#1311=EDGE_CURVE('',#1576,#1573,#1661,.T.);
#1312=EDGE_CURVE('',#1577,#1577,#517,.F.);
#1313=EDGE_CURVE('',#1574,#1545,#518,.T.);
#1314=EDGE_CURVE('',#1544,#1553,#519,.T.);
#1315=EDGE_CURVE('',#1552,#1559,#520,.T.);
#1316=EDGE_CURVE('',#1558,#1565,#521,.T.);
#1317=EDGE_CURVE('',#1564,#1571,#522,.T.);
#1318=EDGE_CURVE('',#1570,#1575,#523,.T.);
#1319=EDGE_CURVE('',#1578,#1578,#524,.T.);
#1320=EDGE_CURVE('',#1573,#1548,#525,.T.);
#1321=EDGE_CURVE('',#1568,#1576,#526,.T.);
#1322=EDGE_CURVE('',#1562,#1572,#527,.T.);
#1323=EDGE_CURVE('',#1556,#1566,#528,.T.);
#1324=EDGE_CURVE('',#1550,#1560,#529,.T.);
#1325=EDGE_CURVE('',#1542,#1554,#530,.T.);
#1326=EDGE_CURVE('',#1579,#1579,#531,.F.);
#1327=EDGE_CURVE('',#1580,#1580,#532,.T.);
#1328=EDGE_CURVE('',#1581,#1581,#533,.T.);
#1329=EDGE_CURVE('',#1582,#1583,#534,.T.);
#1330=EDGE_CURVE('',#1584,#1583,#1662,.T.);
#1331=EDGE_CURVE('',#1584,#1585,#535,.T.);
#1332=EDGE_CURVE('',#1586,#1585,#1663,.T.);
#1333=EDGE_CURVE('',#1586,#1587,#536,.T.);
#1334=EDGE_CURVE('',#1588,#1587,#1664,.T.);
#1335=EDGE_CURVE('',#1588,#1589,#537,.T.);
#1336=EDGE_CURVE('',#1590,#1589,#1665,.T.);
#1337=EDGE_CURVE('',#1590,#1591,#538,.T.);
#1338=EDGE_CURVE('',#1592,#1591,#1666,.T.);
#1339=EDGE_CURVE('',#1592,#1593,#539,.T.);
#1340=EDGE_CURVE('',#1582,#1593,#1667,.T.);
#1341=EDGE_CURVE('',#1594,#1594,#540,.T.);
#1342=EDGE_CURVE('',#1595,#1595,#541,.F.);
#1343=EDGE_CURVE('',#1596,#1597,#1668,.T.);
#1344=EDGE_CURVE('',#1597,#1584,#161,.T.);
#1345=EDGE_CURVE('',#1583,#1598,#162,.T.);
#1346=EDGE_CURVE('',#1599,#1598,#1669,.T.);
#1347=EDGE_CURVE('',#1599,#1600,#163,.T.);
#1348=EDGE_CURVE('',#1600,#1601,#1670,.T.);
#1349=EDGE_CURVE('',#1601,#1596,#164,.T.);
#1350=EDGE_CURVE('',#1602,#1603,#1671,.T.);
#1351=EDGE_CURVE('',#1603,#1586,#165,.T.);
#1352=EDGE_CURVE('',#1585,#1597,#166,.T.);
#1353=EDGE_CURVE('',#1596,#1604,#167,.T.);
#1354=EDGE_CURVE('',#1604,#1605,#1672,.T.);
#1355=EDGE_CURVE('',#1605,#1602,#168,.T.);
#1356=EDGE_CURVE('',#1606,#1607,#1673,.T.);
#1357=EDGE_CURVE('',#1607,#1588,#169,.T.);
#1358=EDGE_CURVE('',#1587,#1603,#170,.T.);
#1359=EDGE_CURVE('',#1602,#1608,#171,.T.);
#1360=EDGE_CURVE('',#1608,#1609,#1674,.T.);
#1361=EDGE_CURVE('',#1609,#1606,#172,.T.);
#1362=EDGE_CURVE('',#1610,#1611,#1675,.T.);
#1363=EDGE_CURVE('',#1611,#1590,#173,.T.);
#1364=EDGE_CURVE('',#1589,#1607,#174,.T.);
#1365=EDGE_CURVE('',#1606,#1612,#175,.T.);
#1366=EDGE_CURVE('',#1612,#1613,#1676,.T.);
#1367=EDGE_CURVE('',#1613,#1610,#176,.T.);
#1368=EDGE_CURVE('',#1614,#1615,#1677,.T.);
#1369=EDGE_CURVE('',#1615,#1592,#177,.T.);
#1370=EDGE_CURVE('',#1591,#1611,#178,.T.);
#1371=EDGE_CURVE('',#1610,#1616,#179,.T.);
#1372=EDGE_CURVE('',#1616,#1617,#1678,.T.);
#1373=EDGE_CURVE('',#1617,#1614,#180,.T.);
#1374=EDGE_CURVE('',#1598,#1582,#181,.T.);
#1375=EDGE_CURVE('',#1593,#1615,#182,.T.);
#1376=EDGE_CURVE('',#1614,#1618,#183,.T.);
#1377=EDGE_CURVE('',#1618,#1619,#1679,.T.);
#1378=EDGE_CURVE('',#1619,#1599,#184,.T.);
#1379=EDGE_CURVE('',#1613,#1616,#542,.F.);
#1380=EDGE_CURVE('',#1609,#1612,#543,.F.);
#1381=EDGE_CURVE('',#1605,#1608,#544,.F.);
#1382=EDGE_CURVE('',#1601,#1604,#545,.F.);
#1383=EDGE_CURVE('',#1619,#1600,#546,.F.);
#1384=EDGE_CURVE('',#1617,#1618,#547,.F.);
#1385=VERTEX_POINT('',#4351);
#1386=VERTEX_POINT('',#4352);
#1387=VERTEX_POINT('',#4354);
#1388=VERTEX_POINT('',#4356);
#1389=VERTEX_POINT('',#4360);
#1390=VERTEX_POINT('',#4362);
#1391=VERTEX_POINT('',#4366);
#1392=VERTEX_POINT('',#4368);
#1393=VERTEX_POINT('',#4375);
#1394=VERTEX_POINT('',#4377);
#1395=VERTEX_POINT('',#4379);
#1396=VERTEX_POINT('',#4381);
#1397=VERTEX_POINT('',#4384);
#1398=VERTEX_POINT('',#4386);
#1399=VERTEX_POINT('',#4388);
#1400=VERTEX_POINT('',#4390);
#1401=VERTEX_POINT('',#4398);
#1402=VERTEX_POINT('',#4400);
#1403=VERTEX_POINT('',#4403);
#1404=VERTEX_POINT('',#4405);
#1405=VERTEX_POINT('',#4412);
#1406=VERTEX_POINT('',#4414);
#1407=VERTEX_POINT('',#4417);
#1408=VERTEX_POINT('',#4420);
#1409=VERTEX_POINT('',#4423);
#1410=VERTEX_POINT('',#4426);
#1411=VERTEX_POINT('',#4432);
#1412=VERTEX_POINT('',#4433);
#1413=VERTEX_POINT('',#4435);
#1414=VERTEX_POINT('',#4437);
#1415=VERTEX_POINT('',#4441);
#1416=VERTEX_POINT('',#4443);
#1417=VERTEX_POINT('',#4447);
#1418=VERTEX_POINT('',#4449);
#1419=VERTEX_POINT('',#4456);
#1420=VERTEX_POINT('',#4458);
#1421=VERTEX_POINT('',#4460);
#1422=VERTEX_POINT('',#4462);
#1423=VERTEX_POINT('',#4465);
#1424=VERTEX_POINT('',#4467);
#1425=VERTEX_POINT('',#4469);
#1426=VERTEX_POINT('',#4471);
#1427=VERTEX_POINT('',#4479);
#1428=VERTEX_POINT('',#4481);
#1429=VERTEX_POINT('',#4484);
#1430=VERTEX_POINT('',#4486);
#1431=VERTEX_POINT('',#4489);
#1432=VERTEX_POINT('',#4492);
#1433=VERTEX_POINT('',#4495);
#1434=VERTEX_POINT('',#4499);
#1435=VERTEX_POINT('',#4510);
#1436=VERTEX_POINT('',#4518);
#1437=VERTEX_POINT('',#4527);
#1438=VERTEX_POINT('',#4535);
#1439=VERTEX_POINT('',#4544);
#1440=VERTEX_POINT('',#4552);
#1441=VERTEX_POINT('',#4561);
#1442=VERTEX_POINT('',#4569);
#1443=VERTEX_POINT('',#4578);
#1444=VERTEX_POINT('',#4586);
#1445=VERTEX_POINT('',#4595);
#1446=VERTEX_POINT('',#4603);
#1447=VERTEX_POINT('',#4612);
#1448=VERTEX_POINT('',#4620);
#1449=VERTEX_POINT('',#4629);
#1450=VERTEX_POINT('',#4637);
#1451=VERTEX_POINT('',#4646);
#1452=VERTEX_POINT('',#4654);
#1453=VERTEX_POINT('',#4663);
#1454=VERTEX_POINT('',#4671);
#1455=VERTEX_POINT('',#4680);
#1456=VERTEX_POINT('',#4688);
#1457=VERTEX_POINT('',#4702);
#1458=VERTEX_POINT('',#4704);
#1459=VERTEX_POINT('',#4707);
#1460=VERTEX_POINT('',#4709);
#1461=VERTEX_POINT('',#4712);
#1462=VERTEX_POINT('',#4715);
#1463=VERTEX_POINT('',#4719);
#1464=VERTEX_POINT('',#4722);
#1465=VERTEX_POINT('',#4726);
#1466=VERTEX_POINT('',#4728);
#1467=VERTEX_POINT('',#4731);
#1468=VERTEX_POINT('',#4733);
#1469=VERTEX_POINT('',#4736);
#1470=VERTEX_POINT('',#4738);
#1471=VERTEX_POINT('',#4741);
#1472=VERTEX_POINT('',#4744);
#1473=VERTEX_POINT('',#4746);
#1474=VERTEX_POINT('',#4749);
#1475=VERTEX_POINT('',#4752);
#1476=VERTEX_POINT('',#4755);
#1477=VERTEX_POINT('',#4758);
#1478=VERTEX_POINT('',#4762);
#1479=VERTEX_POINT('',#4777);
#1480=VERTEX_POINT('',#4785);
#1481=VERTEX_POINT('',#4794);
#1482=VERTEX_POINT('',#4802);
#1483=VERTEX_POINT('',#4811);
#1484=VERTEX_POINT('',#4819);
#1485=VERTEX_POINT('',#4828);
#1486=VERTEX_POINT('',#4836);
#1487=VERTEX_POINT('',#4845);
#1488=VERTEX_POINT('',#4853);
#1489=VERTEX_POINT('',#4862);
#1490=VERTEX_POINT('',#4870);
#1491=VERTEX_POINT('',#4879);
#1492=VERTEX_POINT('',#4887);
#1493=VERTEX_POINT('',#4896);
#1494=VERTEX_POINT('',#4904);
#1495=VERTEX_POINT('',#4913);
#1496=VERTEX_POINT('',#4921);
#1497=VERTEX_POINT('',#4930);
#1498=VERTEX_POINT('',#4938);
#1499=VERTEX_POINT('',#4947);
#1500=VERTEX_POINT('',#4955);
#1501=VERTEX_POINT('',#4969);
#1502=VERTEX_POINT('',#4971);
#1503=VERTEX_POINT('',#4974);
#1504=VERTEX_POINT('',#4976);
#1505=VERTEX_POINT('',#4979);
#1506=VERTEX_POINT('',#4981);
#1507=VERTEX_POINT('',#4984);
#1508=VERTEX_POINT('',#4987);
#1509=VERTEX_POINT('',#4992);
#1510=VERTEX_POINT('',#4995);
#1511=VERTEX_POINT('',#4999);
#1512=VERTEX_POINT('',#5001);
#1513=VERTEX_POINT('',#5004);
#1514=VERTEX_POINT('',#5006);
#1515=VERTEX_POINT('',#5009);
#1516=VERTEX_POINT('',#5011);
#1517=VERTEX_POINT('',#5014);
#1518=VERTEX_POINT('',#5017);
#1519=VERTEX_POINT('',#5022);
#1520=VERTEX_POINT('',#5025);
#1521=VERTEX_POINT('',#5032);
#1522=VERTEX_POINT('',#5034);
#1523=VERTEX_POINT('',#5037);
#1524=VERTEX_POINT('',#5039);
#1525=VERTEX_POINT('',#5042);
#1526=VERTEX_POINT('',#5044);
#1527=VERTEX_POINT('',#5047);
#1528=VERTEX_POINT('',#5058);
#1529=VERTEX_POINT('',#5061);
#1530=VERTEX_POINT('',#5063);
#1531=VERTEX_POINT('',#5066);
#1532=VERTEX_POINT('',#5069);
#1533=VERTEX_POINT('',#5072);
#1534=VERTEX_POINT('',#5075);
#1535=VERTEX_POINT('',#5078);
#1536=VERTEX_POINT('',#5086);
#1537=VERTEX_POINT('',#5088);
#1538=VERTEX_POINT('',#5091);
#1539=VERTEX_POINT('',#5093);
#1540=VERTEX_POINT('',#5097);
#1541=VERTEX_POINT('',#5106);
#1542=VERTEX_POINT('',#5107);
#1543=VERTEX_POINT('',#5109);
#1544=VERTEX_POINT('',#5114);
#1545=VERTEX_POINT('',#5116);
#1546=VERTEX_POINT('',#5121);
#1547=VERTEX_POINT('',#5123);
#1548=VERTEX_POINT('',#5128);
#1549=VERTEX_POINT('',#5135);
#1550=VERTEX_POINT('',#5136);
#1551=VERTEX_POINT('',#5138);
#1552=VERTEX_POINT('',#5143);
#1553=VERTEX_POINT('',#5145);
#1554=VERTEX_POINT('',#5154);
#1555=VERTEX_POINT('',#5161);
#1556=VERTEX_POINT('',#5162);
#1557=VERTEX_POINT('',#5164);
#1558=VERTEX_POINT('',#5169);
#1559=VERTEX_POINT('',#5171);
#1560=VERTEX_POINT('',#5180);
#1561=VERTEX_POINT('',#5187);
#1562=VERTEX_POINT('',#5188);
#1563=VERTEX_POINT('',#5190);
#1564=VERTEX_POINT('',#5195);
#1565=VERTEX_POINT('',#5197);
#1566=VERTEX_POINT('',#5206);
#1567=VERTEX_POINT('',#5213);
#1568=VERTEX_POINT('',#5214);
#1569=VERTEX_POINT('',#5216);
#1570=VERTEX_POINT('',#5221);
#1571=VERTEX_POINT('',#5223);
#1572=VERTEX_POINT('',#5232);
#1573=VERTEX_POINT('',#5239);
#1574=VERTEX_POINT('',#5244);
#1575=VERTEX_POINT('',#5246);
#1576=VERTEX_POINT('',#5255);
#1577=VERTEX_POINT('',#5259);
#1578=VERTEX_POINT('',#5268);
#1579=VERTEX_POINT('',#5289);
#1580=VERTEX_POINT('',#5291);
#1581=VERTEX_POINT('',#5300);
#1582=VERTEX_POINT('',#5302);
#1583=VERTEX_POINT('',#5303);
#1584=VERTEX_POINT('',#5305);
#1585=VERTEX_POINT('',#5307);
#1586=VERTEX_POINT('',#5309);
#1587=VERTEX_POINT('',#5311);
#1588=VERTEX_POINT('',#5313);
#1589=VERTEX_POINT('',#5315);
#1590=VERTEX_POINT('',#5317);
#1591=VERTEX_POINT('',#5319);
#1592=VERTEX_POINT('',#5321);
#1593=VERTEX_POINT('',#5323);
#1594=VERTEX_POINT('',#5327);
#1595=VERTEX_POINT('',#5330);
#1596=VERTEX_POINT('',#5334);
#1597=VERTEX_POINT('',#5335);
#1598=VERTEX_POINT('',#5344);
#1599=VERTEX_POINT('',#5346);
#1600=VERTEX_POINT('',#5351);
#1601=VERTEX_POINT('',#5353);
#1602=VERTEX_POINT('',#5360);
#1603=VERTEX_POINT('',#5361);
#1604=VERTEX_POINT('',#5374);
#1605=VERTEX_POINT('',#5376);
#1606=VERTEX_POINT('',#5383);
#1607=VERTEX_POINT('',#5384);
#1608=VERTEX_POINT('',#5397);
#1609=VERTEX_POINT('',#5399);
#1610=VERTEX_POINT('',#5406);
#1611=VERTEX_POINT('',#5407);
#1612=VERTEX_POINT('',#5420);
#1613=VERTEX_POINT('',#5422);
#1614=VERTEX_POINT('',#5429);
#1615=VERTEX_POINT('',#5430);
#1616=VERTEX_POINT('',#5443);
#1617=VERTEX_POINT('',#5445);
#1618=VERTEX_POINT('',#5463);
#1619=VERTEX_POINT('',#5465);
#1620=LINE('',#4350,#1680);
#1621=LINE('',#4353,#1681);
#1622=LINE('',#4355,#1682);
#1623=LINE('',#4357,#1683);
#1624=LINE('',#4359,#1684);
#1625=LINE('',#4361,#1685);
#1626=LINE('',#4363,#1686);
#1627=LINE('',#4365,#1687);
#1628=LINE('',#4367,#1688);
#1629=LINE('',#4369,#1689);
#1630=LINE('',#4371,#1690);
#1631=LINE('',#4372,#1691);
#1632=LINE('',#4431,#1692);
#1633=LINE('',#4434,#1693);
#1634=LINE('',#4436,#1694);
#1635=LINE('',#4438,#1695);
#1636=LINE('',#4440,#1696);
#1637=LINE('',#4442,#1697);
#1638=LINE('',#4444,#1698);
#1639=LINE('',#4446,#1699);
#1640=LINE('',#4448,#1700);
#1641=LINE('',#4450,#1701);
#1642=LINE('',#4452,#1702);
#1643=LINE('',#4453,#1703);
#1644=LINE('',#5108,#1704);
#1645=LINE('',#5115,#1705);
#1646=LINE('',#5122,#1706);
#1647=LINE('',#5129,#1707);
#1648=LINE('',#5137,#1708);
#1649=LINE('',#5144,#1709);
#1650=LINE('',#5155,#1710);
#1651=LINE('',#5163,#1711);
#1652=LINE('',#5170,#1712);
#1653=LINE('',#5181,#1713);
#1654=LINE('',#5189,#1714);
#1655=LINE('',#5196,#1715);
#1656=LINE('',#5207,#1716);
#1657=LINE('',#5215,#1717);
#1658=LINE('',#5222,#1718);
#1659=LINE('',#5233,#1719);
#1660=LINE('',#5245,#1720);
#1661=LINE('',#5256,#1721);
#1662=LINE('',#5304,#1722);
#1663=LINE('',#5308,#1723);
#1664=LINE('',#5312,#1724);
#1665=LINE('',#5316,#1725);
#1666=LINE('',#5320,#1726);
#1667=LINE('',#5324,#1727);
#1668=LINE('',#5333,#1728);
#1669=LINE('',#5345,#1729);
#1670=LINE('',#5352,#1730);
#1671=LINE('',#5359,#1731);
#1672=LINE('',#5375,#1732);
#1673=LINE('',#5382,#1733);
#1674=LINE('',#5398,#1734);
#1675=LINE('',#5405,#1735);
#1676=LINE('',#5421,#1736);
#1677=LINE('',#5428,#1737);
#1678=LINE('',#5444,#1738);
#1679=LINE('',#5464,#1739);
#1680=VECTOR('',#3582,1000.);
#1681=VECTOR('',#3583,1000.);
#1682=VECTOR('',#3584,1000.);
#1683=VECTOR('',#3585,1000.);
#1684=VECTOR('',#3588,1000.);
#1685=VECTOR('',#3589,1000.);
#1686=VECTOR('',#3590,1000.);
#1687=VECTOR('',#3593,1000.);
#1688=VECTOR('',#3594,1000.);
#1689=VECTOR('',#3595,1000.);
#1690=VECTOR('',#3598,1000.);
#1691=VECTOR('',#3599,1000.);
#1692=VECTOR('',#3680,1000.);
#1693=VECTOR('',#3681,1000.);
#1694=VECTOR('',#3682,1000.);
#1695=VECTOR('',#3683,1000.);
#1696=VECTOR('',#3686,1000.);
#1697=VECTOR('',#3687,1000.);
#1698=VECTOR('',#3688,1000.);
#1699=VECTOR('',#3691,1000.);
#1700=VECTOR('',#3692,1000.);
#1701=VECTOR('',#3693,1000.);
#1702=VECTOR('',#3696,1000.);
#1703=VECTOR('',#3697,1000.);
#1704=VECTOR('',#4134,1000.);
#1705=VECTOR('',#4135,1000.);
#1706=VECTOR('',#4136,1000.);
#1707=VECTOR('',#4137,1000.);
#1708=VECTOR('',#4140,1000.);
#1709=VECTOR('',#4141,1000.);
#1710=VECTOR('',#4142,1000.);
#1711=VECTOR('',#4145,1000.);
#1712=VECTOR('',#4146,1000.);
#1713=VECTOR('',#4147,1000.);
#1714=VECTOR('',#4150,1000.);
#1715=VECTOR('',#4151,1000.);
#1716=VECTOR('',#4152,1000.);
#1717=VECTOR('',#4155,1000.);
#1718=VECTOR('',#4156,1000.);
#1719=VECTOR('',#4157,1000.);
#1720=VECTOR('',#4160,1000.);
#1721=VECTOR('',#4161,1000.);
#1722=VECTOR('',#4242,1000.);
#1723=VECTOR('',#4245,1000.);
#1724=VECTOR('',#4248,1000.);
#1725=VECTOR('',#4251,1000.);
#1726=VECTOR('',#4254,1000.);
#1727=VECTOR('',#4257,1000.);
#1728=VECTOR('',#4270,1000.);
#1729=VECTOR('',#4271,1000.);
#1730=VECTOR('',#4272,1000.);
#1731=VECTOR('',#4275,1000.);
#1732=VECTOR('',#4276,1000.);
#1733=VECTOR('',#4279,1000.);
#1734=VECTOR('',#4280,1000.);
#1735=VECTOR('',#4283,1000.);
#1736=VECTOR('',#4284,1000.);
#1737=VECTOR('',#4287,1000.);
#1738=VECTOR('',#4288,1000.);
#1739=VECTOR('',#4291,1000.);
#1740=EDGE_LOOP('',(#548,#549,#550,#551));
#1741=EDGE_LOOP('',(#552,#553,#554,#555));
#1742=EDGE_LOOP('',(#556,#557,#558,#559));
#1743=EDGE_LOOP('',(#560,#561,#562,#563));
#1744=EDGE_LOOP('',(#564));
#1745=EDGE_LOOP('',(#565));
#1746=EDGE_LOOP('',(#566));
#1747=EDGE_LOOP('',(#567));
#1748=EDGE_LOOP('',(#568,#569,#570,#571));
#1749=EDGE_LOOP('',(#572));
#1750=EDGE_LOOP('',(#573));
#1751=EDGE_LOOP('',(#574));
#1752=EDGE_LOOP('',(#575));
#1753=EDGE_LOOP('',(#576,#577,#578,#579));
#1754=EDGE_LOOP('',(#580));
#1755=EDGE_LOOP('',(#581));
#1756=EDGE_LOOP('',(#582));
#1757=EDGE_LOOP('',(#583));
#1758=EDGE_LOOP('',(#584));
#1759=EDGE_LOOP('',(#585));
#1760=EDGE_LOOP('',(#586));
#1761=EDGE_LOOP('',(#587));
#1762=EDGE_LOOP('',(#588));
#1763=EDGE_LOOP('',(#589));
#1764=EDGE_LOOP('',(#590));
#1765=EDGE_LOOP('',(#591));
#1766=EDGE_LOOP('',(#592));
#1767=EDGE_LOOP('',(#593));
#1768=EDGE_LOOP('',(#594));
#1769=EDGE_LOOP('',(#595));
#1770=EDGE_LOOP('',(#596));
#1771=EDGE_LOOP('',(#597));
#1772=EDGE_LOOP('',(#598));
#1773=EDGE_LOOP('',(#599));
#1774=EDGE_LOOP('',(#600));
#1775=EDGE_LOOP('',(#601));
#1776=EDGE_LOOP('',(#602));
#1777=EDGE_LOOP('',(#603));
#1778=EDGE_LOOP('',(#604));
#1779=EDGE_LOOP('',(#605));
#1780=EDGE_LOOP('',(#606));
#1781=EDGE_LOOP('',(#607));
#1782=EDGE_LOOP('',(#608,#609,#610,#611));
#1783=EDGE_LOOP('',(#612,#613,#614,#615));
#1784=EDGE_LOOP('',(#616,#617,#618,#619));
#1785=EDGE_LOOP('',(#620,#621,#622,#623));
#1786=EDGE_LOOP('',(#624));
#1787=EDGE_LOOP('',(#625));
#1788=EDGE_LOOP('',(#626));
#1789=EDGE_LOOP('',(#627));
#1790=EDGE_LOOP('',(#628,#629,#630,#631));
#1791=EDGE_LOOP('',(#632));
#1792=EDGE_LOOP('',(#633));
#1793=EDGE_LOOP('',(#634));
#1794=EDGE_LOOP('',(#635));
#1795=EDGE_LOOP('',(#636,#637,#638,#639));
#1796=EDGE_LOOP('',(#640));
#1797=EDGE_LOOP('',(#641));
#1798=EDGE_LOOP('',(#642));
#1799=EDGE_LOOP('',(#643));
#1800=EDGE_LOOP('',(#644));
#1801=EDGE_LOOP('',(#645));
#1802=EDGE_LOOP('',(#646));
#1803=EDGE_LOOP('',(#647));
#1804=EDGE_LOOP('',(#648));
#1805=EDGE_LOOP('',(#649));
#1806=EDGE_LOOP('',(#650));
#1807=EDGE_LOOP('',(#651));
#1808=EDGE_LOOP('',(#652));
#1809=EDGE_LOOP('',(#653));
#1810=EDGE_LOOP('',(#654));
#1811=EDGE_LOOP('',(#655));
#1812=EDGE_LOOP('',(#656));
#1813=EDGE_LOOP('',(#657));
#1814=EDGE_LOOP('',(#658));
#1815=EDGE_LOOP('',(#659));
#1816=EDGE_LOOP('',(#660));
#1817=EDGE_LOOP('',(#661));
#1818=EDGE_LOOP('',(#662));
#1819=EDGE_LOOP('',(#663));
#1820=EDGE_LOOP('',(#664));
#1821=EDGE_LOOP('',(#665));
#1822=EDGE_LOOP('',(#666));
#1823=EDGE_LOOP('',(#667));
#1824=EDGE_LOOP('',(#668));
#1825=EDGE_LOOP('',(#669));
#1826=EDGE_LOOP('',(#670));
#1827=EDGE_LOOP('',(#671));
#1828=EDGE_LOOP('',(#672));
#1829=EDGE_LOOP('',(#673));
#1830=EDGE_LOOP('',(#674));
#1831=EDGE_LOOP('',(#675));
#1832=EDGE_LOOP('',(#676));
#1833=EDGE_LOOP('',(#677));
#1834=EDGE_LOOP('',(#678));
#1835=EDGE_LOOP('',(#679));
#1836=EDGE_LOOP('',(#680));
#1837=EDGE_LOOP('',(#681));
#1838=EDGE_LOOP('',(#682));
#1839=EDGE_LOOP('',(#683));
#1840=EDGE_LOOP('',(#684));
#1841=EDGE_LOOP('',(#685));
#1842=EDGE_LOOP('',(#686));
#1843=EDGE_LOOP('',(#687));
#1844=EDGE_LOOP('',(#688));
#1845=EDGE_LOOP('',(#689));
#1846=EDGE_LOOP('',(#690));
#1847=EDGE_LOOP('',(#691));
#1848=EDGE_LOOP('',(#692));
#1849=EDGE_LOOP('',(#693));
#1850=EDGE_LOOP('',(#694));
#1851=EDGE_LOOP('',(#695));
#1852=EDGE_LOOP('',(#696));
#1853=EDGE_LOOP('',(#697));
#1854=EDGE_LOOP('',(#698));
#1855=EDGE_LOOP('',(#699));
#1856=EDGE_LOOP('',(#700));
#1857=EDGE_LOOP('',(#701));
#1858=EDGE_LOOP('',(#702));
#1859=EDGE_LOOP('',(#703));
#1860=EDGE_LOOP('',(#704));
#1861=EDGE_LOOP('',(#705));
#1862=EDGE_LOOP('',(#706));
#1863=EDGE_LOOP('',(#707));
#1864=EDGE_LOOP('',(#708));
#1865=EDGE_LOOP('',(#709));
#1866=EDGE_LOOP('',(#710));
#1867=EDGE_LOOP('',(#711));
#1868=EDGE_LOOP('',(#712));
#1869=EDGE_LOOP('',(#713));
#1870=EDGE_LOOP('',(#714));
#1871=EDGE_LOOP('',(#715));
#1872=EDGE_LOOP('',(#716));
#1873=EDGE_LOOP('',(#717));
#1874=EDGE_LOOP('',(#718));
#1875=EDGE_LOOP('',(#719));
#1876=EDGE_LOOP('',(#720));
#1877=EDGE_LOOP('',(#721));
#1878=EDGE_LOOP('',(#722));
#1879=EDGE_LOOP('',(#723));
#1880=EDGE_LOOP('',(#724));
#1881=EDGE_LOOP('',(#725));
#1882=EDGE_LOOP('',(#726));
#1883=EDGE_LOOP('',(#727));
#1884=EDGE_LOOP('',(#728));
#1885=EDGE_LOOP('',(#729));
#1886=EDGE_LOOP('',(#730));
#1887=EDGE_LOOP('',(#731));
#1888=EDGE_LOOP('',(#732));
#1889=EDGE_LOOP('',(#733));
#1890=EDGE_LOOP('',(#734));
#1891=EDGE_LOOP('',(#735));
#1892=EDGE_LOOP('',(#736));
#1893=EDGE_LOOP('',(#737));
#1894=EDGE_LOOP('',(#738));
#1895=EDGE_LOOP('',(#739));
#1896=EDGE_LOOP('',(#740));
#1897=EDGE_LOOP('',(#741));
#1898=EDGE_LOOP('',(#742));
#1899=EDGE_LOOP('',(#743));
#1900=EDGE_LOOP('',(#744));
#1901=EDGE_LOOP('',(#745));
#1902=EDGE_LOOP('',(#746));
#1903=EDGE_LOOP('',(#747));
#1904=EDGE_LOOP('',(#748));
#1905=EDGE_LOOP('',(#749));
#1906=EDGE_LOOP('',(#750));
#1907=EDGE_LOOP('',(#751));
#1908=EDGE_LOOP('',(#752));
#1909=EDGE_LOOP('',(#753));
#1910=EDGE_LOOP('',(#754));
#1911=EDGE_LOOP('',(#755));
#1912=EDGE_LOOP('',(#756));
#1913=EDGE_LOOP('',(#757));
#1914=EDGE_LOOP('',(#758));
#1915=EDGE_LOOP('',(#759));
#1916=EDGE_LOOP('',(#760));
#1917=EDGE_LOOP('',(#761));
#1918=EDGE_LOOP('',(#762));
#1919=EDGE_LOOP('',(#763));
#1920=EDGE_LOOP('',(#764));
#1921=EDGE_LOOP('',(#765));
#1922=EDGE_LOOP('',(#766));
#1923=EDGE_LOOP('',(#767));
#1924=EDGE_LOOP('',(#768));
#1925=EDGE_LOOP('',(#769));
#1926=EDGE_LOOP('',(#770));
#1927=EDGE_LOOP('',(#771));
#1928=EDGE_LOOP('',(#772));
#1929=EDGE_LOOP('',(#773));
#1930=EDGE_LOOP('',(#774));
#1931=EDGE_LOOP('',(#775));
#1932=EDGE_LOOP('',(#776));
#1933=EDGE_LOOP('',(#777));
#1934=EDGE_LOOP('',(#778));
#1935=EDGE_LOOP('',(#779));
#1936=EDGE_LOOP('',(#780));
#1937=EDGE_LOOP('',(#781));
#1938=EDGE_LOOP('',(#782));
#1939=EDGE_LOOP('',(#783));
#1940=EDGE_LOOP('',(#784));
#1941=EDGE_LOOP('',(#785));
#1942=EDGE_LOOP('',(#786));
#1943=EDGE_LOOP('',(#787));
#1944=EDGE_LOOP('',(#788));
#1945=EDGE_LOOP('',(#789));
#1946=EDGE_LOOP('',(#790));
#1947=EDGE_LOOP('',(#791));
#1948=EDGE_LOOP('',(#792));
#1949=EDGE_LOOP('',(#793));
#1950=EDGE_LOOP('',(#794));
#1951=EDGE_LOOP('',(#795));
#1952=EDGE_LOOP('',(#796));
#1953=EDGE_LOOP('',(#797));
#1954=EDGE_LOOP('',(#798));
#1955=EDGE_LOOP('',(#799));
#1956=EDGE_LOOP('',(#800));
#1957=EDGE_LOOP('',(#801));
#1958=EDGE_LOOP('',(#802));
#1959=EDGE_LOOP('',(#803));
#1960=EDGE_LOOP('',(#804));
#1961=EDGE_LOOP('',(#805));
#1962=EDGE_LOOP('',(#806));
#1963=EDGE_LOOP('',(#807));
#1964=EDGE_LOOP('',(#808));
#1965=EDGE_LOOP('',(#809));
#1966=EDGE_LOOP('',(#810));
#1967=EDGE_LOOP('',(#811));
#1968=EDGE_LOOP('',(#812));
#1969=EDGE_LOOP('',(#813));
#1970=EDGE_LOOP('',(#814));
#1971=EDGE_LOOP('',(#815));
#1972=EDGE_LOOP('',(#816));
#1973=EDGE_LOOP('',(#817));
#1974=EDGE_LOOP('',(#818));
#1975=EDGE_LOOP('',(#819));
#1976=EDGE_LOOP('',(#820));
#1977=EDGE_LOOP('',(#821));
#1978=EDGE_LOOP('',(#822));
#1979=EDGE_LOOP('',(#823));
#1980=EDGE_LOOP('',(#824));
#1981=EDGE_LOOP('',(#825));
#1982=EDGE_LOOP('',(#826));
#1983=EDGE_LOOP('',(#827));
#1984=EDGE_LOOP('',(#828));
#1985=EDGE_LOOP('',(#829));
#1986=EDGE_LOOP('',(#830));
#1987=EDGE_LOOP('',(#831));
#1988=EDGE_LOOP('',(#832));
#1989=EDGE_LOOP('',(#833));
#1990=EDGE_LOOP('',(#834));
#1991=EDGE_LOOP('',(#835));
#1992=EDGE_LOOP('',(#836));
#1993=EDGE_LOOP('',(#837));
#1994=EDGE_LOOP('',(#838));
#1995=EDGE_LOOP('',(#839));
#1996=EDGE_LOOP('',(#840));
#1997=EDGE_LOOP('',(#841));
#1998=EDGE_LOOP('',(#842));
#1999=EDGE_LOOP('',(#843));
#2000=EDGE_LOOP('',(#844));
#2001=EDGE_LOOP('',(#845));
#2002=EDGE_LOOP('',(#846));
#2003=EDGE_LOOP('',(#847));
#2004=EDGE_LOOP('',(#848));
#2005=EDGE_LOOP('',(#849));
#2006=EDGE_LOOP('',(#850));
#2007=EDGE_LOOP('',(#851));
#2008=EDGE_LOOP('',(#852));
#2009=EDGE_LOOP('',(#853));
#2010=EDGE_LOOP('',(#854));
#2011=EDGE_LOOP('',(#855));
#2012=EDGE_LOOP('',(#856));
#2013=EDGE_LOOP('',(#857));
#2014=EDGE_LOOP('',(#858));
#2015=EDGE_LOOP('',(#859));
#2016=EDGE_LOOP('',(#860));
#2017=EDGE_LOOP('',(#861));
#2018=EDGE_LOOP('',(#862));
#2019=EDGE_LOOP('',(#863));
#2020=EDGE_LOOP('',(#864));
#2021=EDGE_LOOP('',(#865));
#2022=EDGE_LOOP('',(#866));
#2023=EDGE_LOOP('',(#867));
#2024=EDGE_LOOP('',(#868));
#2025=EDGE_LOOP('',(#869));
#2026=EDGE_LOOP('',(#870));
#2027=EDGE_LOOP('',(#871));
#2028=EDGE_LOOP('',(#872));
#2029=EDGE_LOOP('',(#873));
#2030=EDGE_LOOP('',(#874));
#2031=EDGE_LOOP('',(#875));
#2032=EDGE_LOOP('',(#876,#877,#878,#879,#880,#881,#882,#883));
#2033=EDGE_LOOP('',(#884,#885,#886,#887,#888,#889,#890,#891));
#2034=EDGE_LOOP('',(#892,#893,#894,#895,#896,#897,#898,#899));
#2035=EDGE_LOOP('',(#900,#901,#902,#903,#904,#905,#906,#907));
#2036=EDGE_LOOP('',(#908,#909,#910,#911,#912,#913,#914,#915));
#2037=EDGE_LOOP('',(#916,#917,#918,#919,#920,#921,#922,#923));
#2038=EDGE_LOOP('',(#924));
#2039=EDGE_LOOP('',(#925,#926,#927,#928,#929,#930,#931,#932,#933,#934,#935,
#936));
#2040=EDGE_LOOP('',(#937));
#2041=EDGE_LOOP('',(#938,#939,#940,#941,#942,#943,#944,#945,#946,#947,#948,
#949));
#2042=EDGE_LOOP('',(#950,#951,#952));
#2043=EDGE_LOOP('',(#953,#954,#955));
#2044=EDGE_LOOP('',(#956,#957,#958));
#2045=EDGE_LOOP('',(#959,#960,#961));
#2046=EDGE_LOOP('',(#962,#963,#964));
#2047=EDGE_LOOP('',(#965,#966,#967));
#2048=EDGE_LOOP('',(#968,#969,#970));
#2049=EDGE_LOOP('',(#971,#972,#973));
#2050=EDGE_LOOP('',(#974,#975,#976));
#2051=EDGE_LOOP('',(#977,#978,#979));
#2052=EDGE_LOOP('',(#980,#981,#982));
#2053=EDGE_LOOP('',(#983,#984,#985));
#2054=EDGE_LOOP('',(#986));
#2055=EDGE_LOOP('',(#987));
#2056=EDGE_LOOP('',(#988));
#2057=EDGE_LOOP('',(#989));
#2058=EDGE_LOOP('',(#990));
#2059=EDGE_LOOP('',(#991));
#2060=EDGE_LOOP('',(#992));
#2061=EDGE_LOOP('',(#993,#994,#995,#996,#997,#998,#999,#1000,#1001,#1002,
#1003,#1004));
#2062=EDGE_LOOP('',(#1005));
#2063=EDGE_LOOP('',(#1006));
#2064=EDGE_LOOP('',(#1007));
#2065=EDGE_LOOP('',(#1008));
#2066=EDGE_LOOP('',(#1009));
#2067=EDGE_LOOP('',(#1010,#1011,#1012,#1013,#1014,#1015,#1016,#1017));
#2068=EDGE_LOOP('',(#1018,#1019,#1020,#1021,#1022,#1023,#1024,#1025));
#2069=EDGE_LOOP('',(#1026,#1027,#1028,#1029,#1030,#1031,#1032,#1033));
#2070=EDGE_LOOP('',(#1034,#1035,#1036,#1037,#1038,#1039,#1040,#1041));
#2071=EDGE_LOOP('',(#1042,#1043,#1044,#1045,#1046,#1047,#1048,#1049));
#2072=EDGE_LOOP('',(#1050,#1051,#1052,#1053,#1054,#1055,#1056,#1057));
#2073=EDGE_LOOP('',(#1058,#1059,#1060,#1061,#1062,#1063,#1064,#1065,#1066,
#1067,#1068,#1069));
#2074=EDGE_LOOP('',(#1070,#1071,#1072));
#2075=EDGE_LOOP('',(#1073,#1074,#1075));
#2076=EDGE_LOOP('',(#1076,#1077,#1078));
#2077=EDGE_LOOP('',(#1079,#1080,#1081));
#2078=EDGE_LOOP('',(#1082,#1083,#1084));
#2079=EDGE_LOOP('',(#1085,#1086,#1087));
#2080=EDGE_LOOP('',(#1088,#1089,#1090));
#2081=EDGE_LOOP('',(#1091,#1092,#1093));
#2082=EDGE_LOOP('',(#1094,#1095,#1096));
#2083=EDGE_LOOP('',(#1097,#1098,#1099));
#2084=EDGE_LOOP('',(#1100,#1101,#1102));
#2085=EDGE_LOOP('',(#1103,#1104,#1105));
#2086=FACE_BOUND('',#1740,.T.);
#2087=FACE_BOUND('',#1741,.T.);
#2088=FACE_BOUND('',#1742,.T.);
#2089=FACE_BOUND('',#1743,.T.);
#2090=FACE_BOUND('',#1744,.T.);
#2091=FACE_BOUND('',#1745,.T.);
#2092=FACE_BOUND('',#1746,.T.);
#2093=FACE_BOUND('',#1747,.T.);
#2094=FACE_BOUND('',#1748,.T.);
#2095=FACE_BOUND('',#1749,.T.);
#2096=FACE_BOUND('',#1750,.T.);
#2097=FACE_BOUND('',#1751,.T.);
#2098=FACE_BOUND('',#1752,.T.);
#2099=FACE_BOUND('',#1753,.T.);
#2100=FACE_BOUND('',#1754,.T.);
#2101=FACE_BOUND('',#1755,.T.);
#2102=FACE_BOUND('',#1756,.T.);
#2103=FACE_BOUND('',#1757,.T.);
#2104=FACE_BOUND('',#1758,.T.);
#2105=FACE_BOUND('',#1759,.T.);
#2106=FACE_BOUND('',#1760,.T.);
#2107=FACE_BOUND('',#1761,.T.);
#2108=FACE_BOUND('',#1762,.T.);
#2109=FACE_BOUND('',#1763,.T.);
#2110=FACE_BOUND('',#1764,.T.);
#2111=FACE_BOUND('',#1765,.T.);
#2112=FACE_BOUND('',#1766,.T.);
#2113=FACE_BOUND('',#1767,.T.);
#2114=FACE_BOUND('',#1768,.T.);
#2115=FACE_BOUND('',#1769,.T.);
#2116=FACE_BOUND('',#1770,.T.);
#2117=FACE_BOUND('',#1771,.T.);
#2118=FACE_BOUND('',#1772,.T.);
#2119=FACE_BOUND('',#1773,.T.);
#2120=FACE_BOUND('',#1774,.T.);
#2121=FACE_BOUND('',#1775,.T.);
#2122=FACE_BOUND('',#1776,.T.);
#2123=FACE_BOUND('',#1777,.T.);
#2124=FACE_BOUND('',#1778,.T.);
#2125=FACE_BOUND('',#1779,.T.);
#2126=FACE_BOUND('',#1780,.T.);
#2127=FACE_BOUND('',#1781,.T.);
#2128=FACE_BOUND('',#1782,.T.);
#2129=FACE_BOUND('',#1783,.T.);
#2130=FACE_BOUND('',#1784,.T.);
#2131=FACE_BOUND('',#1785,.T.);
#2132=FACE_BOUND('',#1786,.T.);
#2133=FACE_BOUND('',#1787,.T.);
#2134=FACE_BOUND('',#1788,.T.);
#2135=FACE_BOUND('',#1789,.T.);
#2136=FACE_BOUND('',#1790,.T.);
#2137=FACE_BOUND('',#1791,.T.);
#2138=FACE_BOUND('',#1792,.T.);
#2139=FACE_BOUND('',#1793,.T.);
#2140=FACE_BOUND('',#1794,.T.);
#2141=FACE_BOUND('',#1795,.T.);
#2142=FACE_BOUND('',#1796,.T.);
#2143=FACE_BOUND('',#1797,.T.);
#2144=FACE_BOUND('',#1798,.T.);
#2145=FACE_BOUND('',#1799,.T.);
#2146=FACE_BOUND('',#1800,.T.);
#2147=FACE_BOUND('',#1801,.T.);
#2148=FACE_BOUND('',#1802,.T.);
#2149=FACE_BOUND('',#1803,.T.);
#2150=FACE_BOUND('',#1804,.T.);
#2151=FACE_BOUND('',#1805,.T.);
#2152=FACE_BOUND('',#1806,.T.);
#2153=FACE_BOUND('',#1807,.T.);
#2154=FACE_BOUND('',#1808,.T.);
#2155=FACE_BOUND('',#1809,.T.);
#2156=FACE_BOUND('',#1810,.T.);
#2157=FACE_BOUND('',#1811,.T.);
#2158=FACE_BOUND('',#1812,.T.);
#2159=FACE_BOUND('',#1813,.T.);
#2160=FACE_BOUND('',#1814,.T.);
#2161=FACE_BOUND('',#1815,.T.);
#2162=FACE_BOUND('',#1816,.T.);
#2163=FACE_BOUND('',#1817,.T.);
#2164=FACE_BOUND('',#1818,.T.);
#2165=FACE_BOUND('',#1819,.T.);
#2166=FACE_BOUND('',#1820,.T.);
#2167=FACE_BOUND('',#1821,.T.);
#2168=FACE_BOUND('',#1822,.T.);
#2169=FACE_BOUND('',#1823,.T.);
#2170=FACE_BOUND('',#1824,.T.);
#2171=FACE_BOUND('',#1825,.T.);
#2172=FACE_BOUND('',#1826,.T.);
#2173=FACE_BOUND('',#1827,.T.);
#2174=FACE_BOUND('',#1828,.T.);
#2175=FACE_BOUND('',#1829,.T.);
#2176=FACE_BOUND('',#1830,.T.);
#2177=FACE_BOUND('',#1831,.T.);
#2178=FACE_BOUND('',#1832,.T.);
#2179=FACE_BOUND('',#1833,.T.);
#2180=FACE_BOUND('',#1834,.T.);
#2181=FACE_BOUND('',#1835,.T.);
#2182=FACE_BOUND('',#1836,.T.);
#2183=FACE_BOUND('',#1837,.T.);
#2184=FACE_BOUND('',#1838,.T.);
#2185=FACE_BOUND('',#1839,.T.);
#2186=FACE_BOUND('',#1840,.T.);
#2187=FACE_BOUND('',#1841,.T.);
#2188=FACE_BOUND('',#1842,.T.);
#2189=FACE_BOUND('',#1843,.T.);
#2190=FACE_BOUND('',#1844,.T.);
#2191=FACE_BOUND('',#1845,.T.);
#2192=FACE_BOUND('',#1846,.T.);
#2193=FACE_BOUND('',#1847,.T.);
#2194=FACE_BOUND('',#1848,.T.);
#2195=FACE_BOUND('',#1849,.T.);
#2196=FACE_BOUND('',#1850,.T.);
#2197=FACE_BOUND('',#1851,.T.);
#2198=FACE_BOUND('',#1852,.T.);
#2199=FACE_BOUND('',#1853,.T.);
#2200=FACE_BOUND('',#1854,.T.);
#2201=FACE_BOUND('',#1855,.T.);
#2202=FACE_BOUND('',#1856,.T.);
#2203=FACE_BOUND('',#1857,.T.);
#2204=FACE_BOUND('',#1858,.T.);
#2205=FACE_BOUND('',#1859,.T.);
#2206=FACE_BOUND('',#1860,.T.);
#2207=FACE_BOUND('',#1861,.T.);
#2208=FACE_BOUND('',#1862,.T.);
#2209=FACE_BOUND('',#1863,.T.);
#2210=FACE_BOUND('',#1864,.T.);
#2211=FACE_BOUND('',#1865,.T.);
#2212=FACE_BOUND('',#1866,.T.);
#2213=FACE_BOUND('',#1867,.T.);
#2214=FACE_BOUND('',#1868,.T.);
#2215=FACE_BOUND('',#1869,.T.);
#2216=FACE_BOUND('',#1870,.T.);
#2217=FACE_BOUND('',#1871,.T.);
#2218=FACE_BOUND('',#1872,.T.);
#2219=FACE_BOUND('',#1873,.T.);
#2220=FACE_BOUND('',#1874,.T.);
#2221=FACE_BOUND('',#1875,.T.);
#2222=FACE_BOUND('',#1876,.T.);
#2223=FACE_BOUND('',#1877,.T.);
#2224=FACE_BOUND('',#1878,.T.);
#2225=FACE_BOUND('',#1879,.T.);
#2226=FACE_BOUND('',#1880,.T.);
#2227=FACE_BOUND('',#1881,.T.);
#2228=FACE_BOUND('',#1882,.T.);
#2229=FACE_BOUND('',#1883,.T.);
#2230=FACE_BOUND('',#1884,.T.);
#2231=FACE_BOUND('',#1885,.T.);
#2232=FACE_BOUND('',#1886,.T.);
#2233=FACE_BOUND('',#1887,.T.);
#2234=FACE_BOUND('',#1888,.T.);
#2235=FACE_BOUND('',#1889,.T.);
#2236=FACE_BOUND('',#1890,.T.);
#2237=FACE_BOUND('',#1891,.T.);
#2238=FACE_BOUND('',#1892,.T.);
#2239=FACE_BOUND('',#1893,.T.);
#2240=FACE_BOUND('',#1894,.T.);
#2241=FACE_BOUND('',#1895,.T.);
#2242=FACE_BOUND('',#1896,.T.);
#2243=FACE_BOUND('',#1897,.T.);
#2244=FACE_BOUND('',#1898,.T.);
#2245=FACE_BOUND('',#1899,.T.);
#2246=FACE_BOUND('',#1900,.T.);
#2247=FACE_BOUND('',#1901,.T.);
#2248=FACE_BOUND('',#1902,.T.);
#2249=FACE_BOUND('',#1903,.T.);
#2250=FACE_BOUND('',#1904,.T.);
#2251=FACE_BOUND('',#1905,.T.);
#2252=FACE_BOUND('',#1906,.T.);
#2253=FACE_BOUND('',#1907,.T.);
#2254=FACE_BOUND('',#1908,.T.);
#2255=FACE_BOUND('',#1909,.T.);
#2256=FACE_BOUND('',#1910,.T.);
#2257=FACE_BOUND('',#1911,.T.);
#2258=FACE_BOUND('',#1912,.T.);
#2259=FACE_BOUND('',#1913,.T.);
#2260=FACE_BOUND('',#1914,.T.);
#2261=FACE_BOUND('',#1915,.T.);
#2262=FACE_BOUND('',#1916,.T.);
#2263=FACE_BOUND('',#1917,.T.);
#2264=FACE_BOUND('',#1918,.T.);
#2265=FACE_BOUND('',#1919,.T.);
#2266=FACE_BOUND('',#1920,.T.);
#2267=FACE_BOUND('',#1921,.T.);
#2268=FACE_BOUND('',#1922,.T.);
#2269=FACE_BOUND('',#1923,.T.);
#2270=FACE_BOUND('',#1924,.T.);
#2271=FACE_BOUND('',#1925,.T.);
#2272=FACE_BOUND('',#1926,.T.);
#2273=FACE_BOUND('',#1927,.T.);
#2274=FACE_BOUND('',#1928,.T.);
#2275=FACE_BOUND('',#1929,.T.);
#2276=FACE_BOUND('',#1930,.T.);
#2277=FACE_BOUND('',#1931,.T.);
#2278=FACE_BOUND('',#1932,.T.);
#2279=FACE_BOUND('',#1933,.T.);
#2280=FACE_BOUND('',#1934,.T.);
#2281=FACE_BOUND('',#1935,.T.);
#2282=FACE_BOUND('',#1936,.T.);
#2283=FACE_BOUND('',#1937,.T.);
#2284=FACE_BOUND('',#1938,.T.);
#2285=FACE_BOUND('',#1939,.T.);
#2286=FACE_BOUND('',#1940,.T.);
#2287=FACE_BOUND('',#1941,.T.);
#2288=FACE_BOUND('',#1942,.T.);
#2289=FACE_BOUND('',#1943,.T.);
#2290=FACE_BOUND('',#1944,.T.);
#2291=FACE_BOUND('',#1945,.T.);
#2292=FACE_BOUND('',#1946,.T.);
#2293=FACE_BOUND('',#1947,.T.);
#2294=FACE_BOUND('',#1948,.T.);
#2295=FACE_BOUND('',#1949,.T.);
#2296=FACE_BOUND('',#1950,.T.);
#2297=FACE_BOUND('',#1951,.T.);
#2298=FACE_BOUND('',#1952,.T.);
#2299=FACE_BOUND('',#1953,.T.);
#2300=FACE_BOUND('',#1954,.T.);
#2301=FACE_BOUND('',#1955,.T.);
#2302=FACE_BOUND('',#1956,.T.);
#2303=FACE_BOUND('',#1957,.T.);
#2304=FACE_BOUND('',#1958,.T.);
#2305=FACE_BOUND('',#1959,.T.);
#2306=FACE_BOUND('',#1960,.T.);
#2307=FACE_BOUND('',#1961,.T.);
#2308=FACE_BOUND('',#1962,.T.);
#2309=FACE_BOUND('',#1963,.T.);
#2310=FACE_BOUND('',#1964,.T.);
#2311=FACE_BOUND('',#1965,.T.);
#2312=FACE_BOUND('',#1966,.T.);
#2313=FACE_BOUND('',#1967,.T.);
#2314=FACE_BOUND('',#1968,.T.);
#2315=FACE_BOUND('',#1969,.T.);
#2316=FACE_BOUND('',#1970,.T.);
#2317=FACE_BOUND('',#1971,.T.);
#2318=FACE_BOUND('',#1972,.T.);
#2319=FACE_BOUND('',#1973,.T.);
#2320=FACE_BOUND('',#1974,.T.);
#2321=FACE_BOUND('',#1975,.T.);
#2322=FACE_BOUND('',#1976,.T.);
#2323=FACE_BOUND('',#1977,.T.);
#2324=FACE_BOUND('',#1978,.T.);
#2325=FACE_BOUND('',#1979,.T.);
#2326=FACE_BOUND('',#1980,.T.);
#2327=FACE_BOUND('',#1981,.T.);
#2328=FACE_BOUND('',#1982,.T.);
#2329=FACE_BOUND('',#1983,.T.);
#2330=FACE_BOUND('',#1984,.T.);
#2331=FACE_BOUND('',#1985,.T.);
#2332=FACE_BOUND('',#1986,.T.);
#2333=FACE_BOUND('',#1987,.T.);
#2334=FACE_BOUND('',#1988,.T.);
#2335=FACE_BOUND('',#1989,.T.);
#2336=FACE_BOUND('',#1990,.T.);
#2337=FACE_BOUND('',#1991,.T.);
#2338=FACE_BOUND('',#1992,.T.);
#2339=FACE_BOUND('',#1993,.T.);
#2340=FACE_BOUND('',#1994,.T.);
#2341=FACE_BOUND('',#1995,.T.);
#2342=FACE_BOUND('',#1996,.T.);
#2343=FACE_BOUND('',#1997,.T.);
#2344=FACE_BOUND('',#1998,.T.);
#2345=FACE_BOUND('',#1999,.T.);
#2346=FACE_BOUND('',#2000,.T.);
#2347=FACE_BOUND('',#2001,.T.);
#2348=FACE_BOUND('',#2002,.T.);
#2349=FACE_BOUND('',#2003,.T.);
#2350=FACE_BOUND('',#2004,.T.);
#2351=FACE_BOUND('',#2005,.T.);
#2352=FACE_BOUND('',#2006,.T.);
#2353=FACE_BOUND('',#2007,.T.);
#2354=FACE_BOUND('',#2008,.T.);
#2355=FACE_BOUND('',#2009,.T.);
#2356=FACE_BOUND('',#2010,.T.);
#2357=FACE_BOUND('',#2011,.T.);
#2358=FACE_BOUND('',#2012,.T.);
#2359=FACE_BOUND('',#2013,.T.);
#2360=FACE_BOUND('',#2014,.T.);
#2361=FACE_BOUND('',#2015,.T.);
#2362=FACE_BOUND('',#2016,.T.);
#2363=FACE_BOUND('',#2017,.T.);
#2364=FACE_BOUND('',#2018,.T.);
#2365=FACE_BOUND('',#2019,.T.);
#2366=FACE_BOUND('',#2020,.T.);
#2367=FACE_BOUND('',#2021,.T.);
#2368=FACE_BOUND('',#2022,.T.);
#2369=FACE_BOUND('',#2023,.T.);
#2370=FACE_BOUND('',#2024,.T.);
#2371=FACE_BOUND('',#2025,.T.);
#2372=FACE_BOUND('',#2026,.T.);
#2373=FACE_BOUND('',#2027,.T.);
#2374=FACE_BOUND('',#2028,.T.);
#2375=FACE_BOUND('',#2029,.T.);
#2376=FACE_BOUND('',#2030,.T.);
#2377=FACE_BOUND('',#2031,.T.);
#2378=FACE_BOUND('',#2032,.T.);
#2379=FACE_BOUND('',#2033,.T.);
#2380=FACE_BOUND('',#2034,.T.);
#2381=FACE_BOUND('',#2035,.T.);
#2382=FACE_BOUND('',#2036,.T.);
#2383=FACE_BOUND('',#2037,.T.);
#2384=FACE_BOUND('',#2038,.T.);
#2385=FACE_BOUND('',#2039,.T.);
#2386=FACE_BOUND('',#2040,.T.);
#2387=FACE_BOUND('',#2041,.T.);
#2388=FACE_BOUND('',#2042,.T.);
#2389=FACE_BOUND('',#2043,.T.);
#2390=FACE_BOUND('',#2044,.T.);
#2391=FACE_BOUND('',#2045,.T.);
#2392=FACE_BOUND('',#2046,.T.);
#2393=FACE_BOUND('',#2047,.T.);
#2394=FACE_BOUND('',#2048,.T.);
#2395=FACE_BOUND('',#2049,.T.);
#2396=FACE_BOUND('',#2050,.T.);
#2397=FACE_BOUND('',#2051,.T.);
#2398=FACE_BOUND('',#2052,.T.);
#2399=FACE_BOUND('',#2053,.T.);
#2400=FACE_BOUND('',#2054,.T.);
#2401=FACE_BOUND('',#2055,.T.);
#2402=FACE_BOUND('',#2056,.T.);
#2403=FACE_BOUND('',#2057,.T.);
#2404=FACE_BOUND('',#2058,.T.);
#2405=FACE_BOUND('',#2059,.T.);
#2406=FACE_BOUND('',#2060,.T.);
#2407=FACE_BOUND('',#2061,.T.);
#2408=FACE_BOUND('',#2062,.T.);
#2409=FACE_BOUND('',#2063,.T.);
#2410=FACE_BOUND('',#2064,.T.);
#2411=FACE_BOUND('',#2065,.T.);
#2412=FACE_BOUND('',#2066,.T.);
#2413=FACE_BOUND('',#2067,.T.);
#2414=FACE_BOUND('',#2068,.T.);
#2415=FACE_BOUND('',#2069,.T.);
#2416=FACE_BOUND('',#2070,.T.);
#2417=FACE_BOUND('',#2071,.T.);
#2418=FACE_BOUND('',#2072,.T.);
#2419=FACE_BOUND('',#2073,.T.);
#2420=FACE_BOUND('',#2074,.T.);
#2421=FACE_BOUND('',#2075,.T.);
#2422=FACE_BOUND('',#2076,.T.);
#2423=FACE_BOUND('',#2077,.T.);
#2424=FACE_BOUND('',#2078,.T.);
#2425=FACE_BOUND('',#2079,.T.);
#2426=FACE_BOUND('',#2080,.T.);
#2427=FACE_BOUND('',#2081,.T.);
#2428=FACE_BOUND('',#2082,.T.);
#2429=FACE_BOUND('',#2083,.T.);
#2430=FACE_BOUND('',#2084,.T.);
#2431=FACE_BOUND('',#2085,.T.);
#2432=PLANE('',#3224);
#2433=PLANE('',#3225);
#2434=PLANE('',#3226);
#2435=PLANE('',#3227);
#2436=PLANE('',#3228);
#2437=PLANE('',#3233);
#2438=PLANE('',#3249);
#2439=PLANE('',#3250);
#2440=PLANE('',#3253);
#2441=PLANE('',#3258);
#2442=PLANE('',#3262);
#2443=PLANE('',#3267);
#2444=PLANE('',#3268);
#2445=PLANE('',#3269);
#2446=PLANE('',#3270);
#2447=PLANE('',#3271);
#2448=PLANE('',#3276);
#2449=PLANE('',#3292);
#2450=PLANE('',#3294);
#2451=PLANE('',#3296);
#2452=PLANE('',#3299);
#2453=PLANE('',#3325);
#2454=PLANE('',#3328);
#2455=PLANE('',#3341);
#2456=PLANE('',#3344);
#2457=PLANE('',#3394);
#2458=PLANE('',#3397);
#2459=PLANE('',#3400);
#2460=PLANE('',#3414);
#2461=PLANE('',#3417);
#2462=PLANE('',#3420);
#2463=PLANE('',#3443);
#2464=PLANE('',#3446);
#2465=PLANE('',#3456);
#2466=PLANE('',#3461);
#2467=PLANE('',#3465);
#2468=PLANE('',#3469);
#2469=PLANE('',#3482);
#2470=PLANE('',#3483);
#2471=PLANE('',#3488);
#2472=PLANE('',#3489);
#2473=PLANE('',#3490);
#2474=PLANE('',#3491);
#2475=PLANE('',#3492);
#2476=PLANE('',#3493);
#2477=PLANE('',#3494);
#2478=PLANE('',#3502);
#2479=PLANE('',#3531);
#2480=PLANE('',#3539);
#2481=PLANE('',#3544);
#2482=PLANE('',#3545);
#2483=PLANE('',#3546);
#2484=PLANE('',#3547);
#2485=PLANE('',#3548);
#2486=PLANE('',#3549);
#2487=PLANE('',#3550);
#2488=ADVANCED_FACE('',(#2086),#2432,.F.);
#2489=ADVANCED_FACE('',(#2087),#2433,.F.);
#2490=ADVANCED_FACE('',(#2088),#2434,.F.);
#2491=ADVANCED_FACE('',(#2089),#2435,.F.);
#2492=ADVANCED_FACE('',(#2090,#2091,#2092,#2093,#2094),#2436,.T.);
#2493=ADVANCED_FACE('',(#2095,#2096,#2097,#2098,#2099),#2437,.F.);
#2494=ADVANCED_FACE('',(#2100,#2101),#383,.F.);
#2495=ADVANCED_FACE('',(#2102,#2103),#384,.F.);
#2496=ADVANCED_FACE('',(#2104,#2105),#385,.F.);
#2497=ADVANCED_FACE('',(#2106,#2107),#386,.F.);
#2498=ADVANCED_FACE('',(#2108,#2109),#387,.F.);
#2499=ADVANCED_FACE('',(#2110,#2111),#388,.T.);
#2500=ADVANCED_FACE('',(#2112,#2113),#2438,.F.);
#2501=ADVANCED_FACE('',(#2114,#2115),#2439,.T.);
#2502=ADVANCED_FACE('',(#2116,#2117),#2440,.T.);
#2503=ADVANCED_FACE('',(#2118,#2119),#389,.F.);
#2504=ADVANCED_FACE('',(#2120,#2121),#2441,.T.);
#2505=ADVANCED_FACE('',(#2122,#2123),#390,.T.);
#2506=ADVANCED_FACE('',(#2124,#2125),#2442,.T.);
#2507=ADVANCED_FACE('',(#2126,#2127),#391,.T.);
#2508=ADVANCED_FACE('',(#2128),#2443,.F.);
#2509=ADVANCED_FACE('',(#2129),#2444,.F.);
#2510=ADVANCED_FACE('',(#2130),#2445,.F.);
#2511=ADVANCED_FACE('',(#2131),#2446,.F.);
#2512=ADVANCED_FACE('',(#2132,#2133,#2134,#2135,#2136),#2447,.T.);
#2513=ADVANCED_FACE('',(#2137,#2138,#2139,#2140,#2141),#2448,.F.);
#2514=ADVANCED_FACE('',(#2142,#2143),#392,.F.);
#2515=ADVANCED_FACE('',(#2144,#2145),#393,.F.);
#2516=ADVANCED_FACE('',(#2146,#2147),#394,.F.);
#2517=ADVANCED_FACE('',(#2148,#2149),#395,.F.);
#2518=ADVANCED_FACE('',(#2150,#2151),#396,.F.);
#2519=ADVANCED_FACE('',(#2152,#2153),#397,.T.);
#2520=ADVANCED_FACE('',(#2154,#2155),#2449,.F.);
#2521=ADVANCED_FACE('',(#2156,#2157),#2450,.T.);
#2522=ADVANCED_FACE('',(#2158,#2159),#2451,.F.);
#2523=ADVANCED_FACE('',(#2160,#2161),#398,.F.);
#2524=ADVANCED_FACE('',(#2162,#2163),#2452,.F.);
#2525=ADVANCED_FACE('',(#2164,#2165),#399,.F.);
#2526=ADVANCED_FACE('',(#2166,#2167),#185,.T.);
#2527=ADVANCED_FACE('',(#2168,#2169),#186,.T.);
#2528=ADVANCED_FACE('',(#2170,#2171),#187,.T.);
#2529=ADVANCED_FACE('',(#2172,#2173),#188,.T.);
#2530=ADVANCED_FACE('',(#2174,#2175),#189,.T.);
#2531=ADVANCED_FACE('',(#2176,#2177),#190,.T.);
#2532=ADVANCED_FACE('',(#2178,#2179),#191,.T.);
#2533=ADVANCED_FACE('',(#2180,#2181),#192,.T.);
#2534=ADVANCED_FACE('',(#2182,#2183),#193,.T.);
#2535=ADVANCED_FACE('',(#2184,#2185),#194,.T.);
#2536=ADVANCED_FACE('',(#2186,#2187),#195,.T.);
#2537=ADVANCED_FACE('',(#2188,#2189),#57,.T.);
#2538=ADVANCED_FACE('',(#2190,#2191),#58,.T.);
#2539=ADVANCED_FACE('',(#2192,#2193),#59,.T.);
#2540=ADVANCED_FACE('',(#2194,#2195),#60,.T.);
#2541=ADVANCED_FACE('',(#2196,#2197),#61,.T.);
#2542=ADVANCED_FACE('',(#2198,#2199),#62,.T.);
#2543=ADVANCED_FACE('',(#2200,#2201),#63,.T.);
#2544=ADVANCED_FACE('',(#2202,#2203),#64,.T.);
#2545=ADVANCED_FACE('',(#2204,#2205),#65,.T.);
#2546=ADVANCED_FACE('',(#2206,#2207),#66,.T.);
#2547=ADVANCED_FACE('',(#2208,#2209),#67,.T.);
#2548=ADVANCED_FACE('',(#2210,#2211),#2453,.T.);
#2549=ADVANCED_FACE('',(#2212,#2213),#2454,.T.);
#2550=ADVANCED_FACE('',(#2214,#2215),#68,.T.);
#2551=ADVANCED_FACE('',(#2216,#2217),#400,.F.);
#2552=ADVANCED_FACE('',(#2218,#2219),#69,.T.);
#2553=ADVANCED_FACE('',(#2220,#2221),#401,.T.);
#2554=ADVANCED_FACE('',(#2222,#2223),#402,.T.);
#2555=ADVANCED_FACE('',(#2224,#2225),#70,.F.);
#2556=ADVANCED_FACE('',(#2226,#2227),#2455,.T.);
#2557=ADVANCED_FACE('',(#2228,#2229),#2456,.T.);
#2558=ADVANCED_FACE('',(#2230,#2231),#18,.F.);
#2559=ADVANCED_FACE('',(#2232,#2233),#403,.F.);
#2560=ADVANCED_FACE('',(#2234,#2235),#404,.F.);
#2561=ADVANCED_FACE('',(#2236,#2237),#19,.F.);
#2562=ADVANCED_FACE('',(#2238,#2239),#405,.F.);
#2563=ADVANCED_FACE('',(#2240,#2241),#71,.T.);
#2564=ADVANCED_FACE('',(#2242,#2243),#406,.T.);
#2565=ADVANCED_FACE('',(#2244,#2245),#72,.T.);
#2566=ADVANCED_FACE('',(#2246,#2247),#407,.F.);
#2567=ADVANCED_FACE('',(#2248,#2249),#73,.F.);
#2568=ADVANCED_FACE('',(#2250,#2251),#74,.F.);
#2569=ADVANCED_FACE('',(#2252,#2253),#75,.F.);
#2570=ADVANCED_FACE('',(#2254,#2255),#196,.T.);
#2571=ADVANCED_FACE('',(#2256,#2257),#197,.T.);
#2572=ADVANCED_FACE('',(#2258,#2259),#198,.T.);
#2573=ADVANCED_FACE('',(#2260,#2261),#199,.T.);
#2574=ADVANCED_FACE('',(#2262,#2263),#200,.T.);
#2575=ADVANCED_FACE('',(#2264,#2265),#201,.T.);
#2576=ADVANCED_FACE('',(#2266,#2267),#202,.T.);
#2577=ADVANCED_FACE('',(#2268,#2269),#203,.T.);
#2578=ADVANCED_FACE('',(#2270,#2271),#204,.T.);
#2579=ADVANCED_FACE('',(#2272,#2273),#205,.T.);
#2580=ADVANCED_FACE('',(#2274,#2275),#206,.T.);
#2581=ADVANCED_FACE('',(#2276,#2277),#76,.T.);
#2582=ADVANCED_FACE('',(#2278,#2279),#77,.T.);
#2583=ADVANCED_FACE('',(#2280,#2281),#78,.T.);
#2584=ADVANCED_FACE('',(#2282,#2283),#79,.T.);
#2585=ADVANCED_FACE('',(#2284,#2285),#80,.T.);
#2586=ADVANCED_FACE('',(#2286,#2287),#81,.T.);
#2587=ADVANCED_FACE('',(#2288,#2289),#82,.T.);
#2588=ADVANCED_FACE('',(#2290,#2291),#83,.T.);
#2589=ADVANCED_FACE('',(#2292,#2293),#84,.T.);
#2590=ADVANCED_FACE('',(#2294,#2295),#85,.T.);
#2591=ADVANCED_FACE('',(#2296,#2297),#86,.T.);
#2592=ADVANCED_FACE('',(#2298,#2299),#2457,.T.);
#2593=ADVANCED_FACE('',(#2300,#2301),#2458,.T.);
#2594=ADVANCED_FACE('',(#2302,#2303),#2459,.T.);
#2595=ADVANCED_FACE('',(#2304,#2305),#87,.T.);
#2596=ADVANCED_FACE('',(#2306,#2307),#408,.T.);
#2597=ADVANCED_FACE('',(#2308,#2309),#20,.T.);
#2598=ADVANCED_FACE('',(#2310,#2311),#88,.F.);
#2599=ADVANCED_FACE('',(#2312,#2313),#21,.F.);
#2600=ADVANCED_FACE('',(#2314,#2315),#409,.F.);
#2601=ADVANCED_FACE('',(#2316,#2317),#89,.T.);
#2602=ADVANCED_FACE('',(#2318,#2319),#2460,.T.);
#2603=ADVANCED_FACE('',(#2320,#2321),#2461,.T.);
#2604=ADVANCED_FACE('',(#2322,#2323),#2462,.T.);
#2605=ADVANCED_FACE('',(#2324,#2325),#90,.T.);
#2606=ADVANCED_FACE('',(#2326,#2327),#410,.T.);
#2607=ADVANCED_FACE('',(#2328,#2329),#22,.T.);
#2608=ADVANCED_FACE('',(#2330,#2331),#91,.F.);
#2609=ADVANCED_FACE('',(#2332,#2333),#23,.F.);
#2610=ADVANCED_FACE('',(#2334,#2335),#411,.F.);
#2611=ADVANCED_FACE('',(#2336,#2337),#92,.T.);
#2612=ADVANCED_FACE('',(#2338,#2339),#412,.F.);
#2613=ADVANCED_FACE('',(#2340,#2341),#413,.T.);
#2614=ADVANCED_FACE('',(#2342,#2343),#2463,.F.);
#2615=ADVANCED_FACE('',(#2344,#2345),#2464,.T.);
#2616=ADVANCED_FACE('',(#2346,#2347),#24,.F.);
#2617=ADVANCED_FACE('',(#2348,#2349),#25,.F.);
#2618=ADVANCED_FACE('',(#2350,#2351),#26,.T.);
#2619=ADVANCED_FACE('',(#2352),#2465,.T.);
#2620=ADVANCED_FACE('',(#2353,#2354),#414,.T.);
#2621=ADVANCED_FACE('',(#2355,#2356),#2466,.T.);
#2622=ADVANCED_FACE('',(#2357,#2358),#415,.T.);
#2623=ADVANCED_FACE('',(#2359,#2360),#2467,.T.);
#2624=ADVANCED_FACE('',(#2361,#2362),#416,.T.);
#2625=ADVANCED_FACE('',(#2363),#2468,.T.);
#2626=ADVANCED_FACE('',(#2364,#2365),#27,.T.);
#2627=ADVANCED_FACE('',(#2366,#2367),#28,.T.);
#2628=ADVANCED_FACE('',(#2368,#2369),#417,.F.);
#2629=ADVANCED_FACE('',(#2370,#2371),#418,.T.);
#2630=ADVANCED_FACE('',(#2372,#2373),#2469,.T.);
#2631=ADVANCED_FACE('',(#2374,#2375),#2470,.F.);
#2632=ADVANCED_FACE('',(#2376,#2377),#29,.T.);
#2633=ADVANCED_FACE('',(#2378),#2471,.F.);
#2634=ADVANCED_FACE('',(#2379),#2472,.F.);
#2635=ADVANCED_FACE('',(#2380),#2473,.F.);
#2636=ADVANCED_FACE('',(#2381),#2474,.F.);
#2637=ADVANCED_FACE('',(#2382),#2475,.F.);
#2638=ADVANCED_FACE('',(#2383),#2476,.F.);
#2639=ADVANCED_FACE('',(#2384,#2385),#2477,.T.);
#2640=ADVANCED_FACE('',(#2386,#2387),#2478,.F.);
#2641=ADVANCED_FACE('',(#2388),#30,.T.);
#2642=ADVANCED_FACE('',(#2389),#31,.T.);
#2643=ADVANCED_FACE('',(#2390),#32,.T.);
#2644=ADVANCED_FACE('',(#2391),#33,.T.);
#2645=ADVANCED_FACE('',(#2392),#34,.T.);
#2646=ADVANCED_FACE('',(#2393),#35,.T.);
#2647=ADVANCED_FACE('',(#2394),#36,.T.);
#2648=ADVANCED_FACE('',(#2395),#37,.T.);
#2649=ADVANCED_FACE('',(#2396),#38,.T.);
#2650=ADVANCED_FACE('',(#2397),#39,.T.);
#2651=ADVANCED_FACE('',(#2398),#40,.T.);
#2652=ADVANCED_FACE('',(#2399),#41,.T.);
#2653=ADVANCED_FACE('',(#2400,#2401),#419,.F.);
#2654=ADVANCED_FACE('',(#2402,#2403),#42,.F.);
#2655=ADVANCED_FACE('',(#2404,#2405),#43,.F.);
#2656=ADVANCED_FACE('',(#2406,#2407),#2479,.T.);
#2657=ADVANCED_FACE('',(#2408),#2480,.T.);
#2658=ADVANCED_FACE('',(#2409,#2410),#420,.T.);
#2659=ADVANCED_FACE('',(#2411,#2412),#44,.T.);
#2660=ADVANCED_FACE('',(#2413),#2481,.F.);
#2661=ADVANCED_FACE('',(#2414),#2482,.F.);
#2662=ADVANCED_FACE('',(#2415),#2483,.F.);
#2663=ADVANCED_FACE('',(#2416),#2484,.F.);
#2664=ADVANCED_FACE('',(#2417),#2485,.F.);
#2665=ADVANCED_FACE('',(#2418),#2486,.F.);
#2666=ADVANCED_FACE('',(#2419),#2487,.T.);
#2667=ADVANCED_FACE('',(#2420),#45,.T.);
#2668=ADVANCED_FACE('',(#2421),#46,.T.);
#2669=ADVANCED_FACE('',(#2422),#47,.T.);
#2670=ADVANCED_FACE('',(#2423),#48,.T.);
#2671=ADVANCED_FACE('',(#2424),#49,.T.);
#2672=ADVANCED_FACE('',(#2425),#50,.T.);
#2673=ADVANCED_FACE('',(#2426),#51,.T.);
#2674=ADVANCED_FACE('',(#2427),#52,.T.);
#2675=ADVANCED_FACE('',(#2428),#53,.T.);
#2676=ADVANCED_FACE('',(#2429),#54,.T.);
#2677=ADVANCED_FACE('',(#2430),#55,.T.);
#2678=ADVANCED_FACE('',(#2431),#56,.T.);
#2679=CLOSED_SHELL('',(#2488,#2489,#2490,#2491,#2492,#2493,#2494,#2495,
#2496,#2497));
#2680=CLOSED_SHELL('',(#2498,#2499,#2500,#2501));
#2681=CLOSED_SHELL('',(#2502,#2503,#2504,#2505,#2506,#2507));
#2682=CLOSED_SHELL('',(#2508,#2509,#2510,#2511,#2512,#2513,#2514,#2515,
#2516,#2517));
#2683=CLOSED_SHELL('',(#2518,#2519,#2520,#2521,#2522,#2523,#2524,#2525));
#2684=CLOSED_SHELL('',(#2526,#2527,#2528,#2529,#2530,#2531,#2532,#2533,
#2534,#2535,#2536,#2537,#2538,#2539,#2540,#2541,#2542,#2543,#2544,#2545,
#2546,#2547));
#2685=CLOSED_SHELL('',(#2548,#2549,#2550,#2551,#2552,#2553,#2554,#2555));
#2686=CLOSED_SHELL('',(#2556,#2557,#2558,#2559,#2560,#2561,#2562,#2563,
#2564,#2565,#2566,#2567,#2568,#2569));
#2687=CLOSED_SHELL('',(#2570,#2571,#2572,#2573,#2574,#2575,#2576,#2577,
#2578,#2579,#2580,#2581,#2582,#2583,#2584,#2585,#2586,#2587,#2588,#2589,
#2590,#2591));
#2688=CLOSED_SHELL('',(#2592,#2593,#2594,#2595,#2596,#2597,#2598,#2599,
#2600,#2601));
#2689=CLOSED_SHELL('',(#2602,#2603,#2604,#2605,#2606,#2607,#2608,#2609,
#2610,#2611));
#2690=CLOSED_SHELL('',(#2612,#2613,#2614,#2615,#2616,#2617,#2618));
#2691=CLOSED_SHELL('',(#2619,#2620,#2621,#2622,#2623,#2624,#2625,#2626,
#2627));
#2692=CLOSED_SHELL('',(#2628,#2629,#2630,#2631,#2632));
#2693=CLOSED_SHELL('',(#2633,#2634,#2635,#2636,#2637,#2638,#2639,#2640,
#2641,#2642,#2643,#2644,#2645,#2646,#2647,#2648,#2649,#2650,#2651,#2652,
#2653,#2654,#2655));
#2694=CLOSED_SHELL('',(#2656,#2657,#2658,#2659,#2660,#2661,#2662,#2663,
#2664,#2665,#2666,#2667,#2668,#2669,#2670,#2671,#2672,#2673,#2674,#2675,
#2676,#2677,#2678));
#2695=STYLED_ITEM('',(#2763),#3177);
#2696=STYLED_ITEM('',(#2764),#3178);
#2697=STYLED_ITEM('',(#2765),#3179);
#2698=STYLED_ITEM('',(#2766),#3180);
#2699=STYLED_ITEM('',(#2767),#3181);
#2700=STYLED_ITEM('',(#2768),#3182);
#2701=STYLED_ITEM('',(#2769),#3183);
#2702=STYLED_ITEM('',(#2770),#3184);
#2703=STYLED_ITEM('',(#2771),#3185);
#2704=STYLED_ITEM('',(#2772),#3186);
#2705=STYLED_ITEM('',(#2773),#3187);
#2706=STYLED_ITEM('',(#2774),#3188);
#2707=STYLED_ITEM('',(#2775),#2619);
#2708=STYLED_ITEM('',(#2776),#2620);
#2709=STYLED_ITEM('',(#2777),#2621);
#2710=STYLED_ITEM('',(#2778),#2622);
#2711=STYLED_ITEM('',(#2779),#2623);
#2712=STYLED_ITEM('',(#2780),#2624);
#2713=STYLED_ITEM('',(#2781),#2625);
#2714=STYLED_ITEM('',(#2782),#2626);
#2715=STYLED_ITEM('',(#2783),#2627);
#2716=STYLED_ITEM('',(#2784),#3190);
#2717=STYLED_ITEM('',(#2785),#2633);
#2718=STYLED_ITEM('',(#2786),#2634);
#2719=STYLED_ITEM('',(#2787),#2635);
#2720=STYLED_ITEM('',(#2788),#2636);
#2721=STYLED_ITEM('',(#2789),#2637);
#2722=STYLED_ITEM('',(#2790),#2638);
#2723=STYLED_ITEM('',(#2791),#2639);
#2724=STYLED_ITEM('',(#2792),#2640);
#2725=STYLED_ITEM('',(#2793),#2641);
#2726=STYLED_ITEM('',(#2794),#2642);
#2727=STYLED_ITEM('',(#2795),#2643);
#2728=STYLED_ITEM('',(#2796),#2644);
#2729=STYLED_ITEM('',(#2797),#2645);
#2730=STYLED_ITEM('',(#2798),#2646);
#2731=STYLED_ITEM('',(#2799),#2647);
#2732=STYLED_ITEM('',(#2800),#2648);
#2733=STYLED_ITEM('',(#2801),#2649);
#2734=STYLED_ITEM('',(#2802),#2650);
#2735=STYLED_ITEM('',(#2803),#2651);
#2736=STYLED_ITEM('',(#2804),#2652);
#2737=STYLED_ITEM('',(#2805),#2653);
#2738=STYLED_ITEM('',(#2806),#2654);
#2739=STYLED_ITEM('',(#2807),#2655);
#2740=STYLED_ITEM('',(#2808),#2656);
#2741=STYLED_ITEM('',(#2809),#2657);
#2742=STYLED_ITEM('',(#2810),#2658);
#2743=STYLED_ITEM('',(#2811),#2659);
#2744=STYLED_ITEM('',(#2812),#2660);
#2745=STYLED_ITEM('',(#2813),#2661);
#2746=STYLED_ITEM('',(#2814),#2662);
#2747=STYLED_ITEM('',(#2815),#2663);
#2748=STYLED_ITEM('',(#2816),#2664);
#2749=STYLED_ITEM('',(#2817),#2665);
#2750=STYLED_ITEM('',(#2818),#2666);
#2751=STYLED_ITEM('',(#2819),#2667);
#2752=STYLED_ITEM('',(#2820),#2668);
#2753=STYLED_ITEM('',(#2821),#2669);
#2754=STYLED_ITEM('',(#2822),#2670);
#2755=STYLED_ITEM('',(#2823),#2671);
#2756=STYLED_ITEM('',(#2824),#2672);
#2757=STYLED_ITEM('',(#2825),#2673);
#2758=STYLED_ITEM('',(#2826),#2674);
#2759=STYLED_ITEM('',(#2827),#2675);
#2760=STYLED_ITEM('',(#2828),#2676);
#2761=STYLED_ITEM('',(#2829),#2677);
#2762=STYLED_ITEM('',(#2830),#2678);
#2763=PRESENTATION_STYLE_ASSIGNMENT((#2831));
#2764=PRESENTATION_STYLE_ASSIGNMENT((#2832));
#2765=PRESENTATION_STYLE_ASSIGNMENT((#2833));
#2766=PRESENTATION_STYLE_ASSIGNMENT((#2834));
#2767=PRESENTATION_STYLE_ASSIGNMENT((#2835));
#2768=PRESENTATION_STYLE_ASSIGNMENT((#2836));
#2769=PRESENTATION_STYLE_ASSIGNMENT((#2837));
#2770=PRESENTATION_STYLE_ASSIGNMENT((#2838));
#2771=PRESENTATION_STYLE_ASSIGNMENT((#2839));
#2772=PRESENTATION_STYLE_ASSIGNMENT((#2840));
#2773=PRESENTATION_STYLE_ASSIGNMENT((#2841));
#2774=PRESENTATION_STYLE_ASSIGNMENT((#2842));
#2775=PRESENTATION_STYLE_ASSIGNMENT((#2843));
#2776=PRESENTATION_STYLE_ASSIGNMENT((#2844));
#2777=PRESENTATION_STYLE_ASSIGNMENT((#2845));
#2778=PRESENTATION_STYLE_ASSIGNMENT((#2846));
#2779=PRESENTATION_STYLE_ASSIGNMENT((#2847));
#2780=PRESENTATION_STYLE_ASSIGNMENT((#2848));
#2781=PRESENTATION_STYLE_ASSIGNMENT((#2849));
#2782=PRESENTATION_STYLE_ASSIGNMENT((#2850));
#2783=PRESENTATION_STYLE_ASSIGNMENT((#2851));
#2784=PRESENTATION_STYLE_ASSIGNMENT((#2852));
#2785=PRESENTATION_STYLE_ASSIGNMENT((#2853));
#2786=PRESENTATION_STYLE_ASSIGNMENT((#2854));
#2787=PRESENTATION_STYLE_ASSIGNMENT((#2855));
#2788=PRESENTATION_STYLE_ASSIGNMENT((#2856));
#2789=PRESENTATION_STYLE_ASSIGNMENT((#2857));
#2790=PRESENTATION_STYLE_ASSIGNMENT((#2858));
#2791=PRESENTATION_STYLE_ASSIGNMENT((#2859));
#2792=PRESENTATION_STYLE_ASSIGNMENT((#2860));
#2793=PRESENTATION_STYLE_ASSIGNMENT((#2861));
#2794=PRESENTATION_STYLE_ASSIGNMENT((#2862));
#2795=PRESENTATION_STYLE_ASSIGNMENT((#2863));
#2796=PRESENTATION_STYLE_ASSIGNMENT((#2864));
#2797=PRESENTATION_STYLE_ASSIGNMENT((#2865));
#2798=PRESENTATION_STYLE_ASSIGNMENT((#2866));
#2799=PRESENTATION_STYLE_ASSIGNMENT((#2867));
#2800=PRESENTATION_STYLE_ASSIGNMENT((#2868));
#2801=PRESENTATION_STYLE_ASSIGNMENT((#2869));
#2802=PRESENTATION_STYLE_ASSIGNMENT((#2870));
#2803=PRESENTATION_STYLE_ASSIGNMENT((#2871));
#2804=PRESENTATION_STYLE_ASSIGNMENT((#2872));
#2805=PRESENTATION_STYLE_ASSIGNMENT((#2873));
#2806=PRESENTATION_STYLE_ASSIGNMENT((#2874));
#2807=PRESENTATION_STYLE_ASSIGNMENT((#2875));
#2808=PRESENTATION_STYLE_ASSIGNMENT((#2876));
#2809=PRESENTATION_STYLE_ASSIGNMENT((#2877));
#2810=PRESENTATION_STYLE_ASSIGNMENT((#2878));
#2811=PRESENTATION_STYLE_ASSIGNMENT((#2879));
#2812=PRESENTATION_STYLE_ASSIGNMENT((#2880));
#2813=PRESENTATION_STYLE_ASSIGNMENT((#2881));
#2814=PRESENTATION_STYLE_ASSIGNMENT((#2882));
#2815=PRESENTATION_STYLE_ASSIGNMENT((#2883));
#2816=PRESENTATION_STYLE_ASSIGNMENT((#2884));
#2817=PRESENTATION_STYLE_ASSIGNMENT((#2885));
#2818=PRESENTATION_STYLE_ASSIGNMENT((#2886));
#2819=PRESENTATION_STYLE_ASSIGNMENT((#2887));
#2820=PRESENTATION_STYLE_ASSIGNMENT((#2888));
#2821=PRESENTATION_STYLE_ASSIGNMENT((#2889));
#2822=PRESENTATION_STYLE_ASSIGNMENT((#2890));
#2823=PRESENTATION_STYLE_ASSIGNMENT((#2891));
#2824=PRESENTATION_STYLE_ASSIGNMENT((#2892));
#2825=PRESENTATION_STYLE_ASSIGNMENT((#2893));
#2826=PRESENTATION_STYLE_ASSIGNMENT((#2894));
#2827=PRESENTATION_STYLE_ASSIGNMENT((#2895));
#2828=PRESENTATION_STYLE_ASSIGNMENT((#2896));
#2829=PRESENTATION_STYLE_ASSIGNMENT((#2897));
#2830=PRESENTATION_STYLE_ASSIGNMENT((#2898));
#2831=SURFACE_STYLE_USAGE(.BOTH.,#2899);
#2832=SURFACE_STYLE_USAGE(.BOTH.,#2900);
#2833=SURFACE_STYLE_USAGE(.BOTH.,#2901);
#2834=SURFACE_STYLE_USAGE(.BOTH.,#2902);
#2835=SURFACE_STYLE_USAGE(.BOTH.,#2903);
#2836=SURFACE_STYLE_USAGE(.BOTH.,#2904);
#2837=SURFACE_STYLE_USAGE(.BOTH.,#2905);
#2838=SURFACE_STYLE_USAGE(.BOTH.,#2906);
#2839=SURFACE_STYLE_USAGE(.BOTH.,#2907);
#2840=SURFACE_STYLE_USAGE(.BOTH.,#2908);
#2841=SURFACE_STYLE_USAGE(.BOTH.,#2909);
#2842=SURFACE_STYLE_USAGE(.BOTH.,#2910);
#2843=SURFACE_STYLE_USAGE(.BOTH.,#2911);
#2844=SURFACE_STYLE_USAGE(.BOTH.,#2912);
#2845=SURFACE_STYLE_USAGE(.BOTH.,#2913);
#2846=SURFACE_STYLE_USAGE(.BOTH.,#2914);
#2847=SURFACE_STYLE_USAGE(.BOTH.,#2915);
#2848=SURFACE_STYLE_USAGE(.BOTH.,#2916);
#2849=SURFACE_STYLE_USAGE(.BOTH.,#2917);
#2850=SURFACE_STYLE_USAGE(.BOTH.,#2918);
#2851=SURFACE_STYLE_USAGE(.BOTH.,#2919);
#2852=SURFACE_STYLE_USAGE(.BOTH.,#2920);
#2853=SURFACE_STYLE_USAGE(.BOTH.,#2921);
#2854=SURFACE_STYLE_USAGE(.BOTH.,#2922);
#2855=SURFACE_STYLE_USAGE(.BOTH.,#2923);
#2856=SURFACE_STYLE_USAGE(.BOTH.,#2924);
#2857=SURFACE_STYLE_USAGE(.BOTH.,#2925);
#2858=SURFACE_STYLE_USAGE(.BOTH.,#2926);
#2859=SURFACE_STYLE_USAGE(.BOTH.,#2927);
#2860=SURFACE_STYLE_USAGE(.BOTH.,#2928);
#2861=SURFACE_STYLE_USAGE(.BOTH.,#2929);
#2862=SURFACE_STYLE_USAGE(.BOTH.,#2930);
#2863=SURFACE_STYLE_USAGE(.BOTH.,#2931);
#2864=SURFACE_STYLE_USAGE(.BOTH.,#2932);
#2865=SURFACE_STYLE_USAGE(.BOTH.,#2933);
#2866=SURFACE_STYLE_USAGE(.BOTH.,#2934);
#2867=SURFACE_STYLE_USAGE(.BOTH.,#2935);
#2868=SURFACE_STYLE_USAGE(.BOTH.,#2936);
#2869=SURFACE_STYLE_USAGE(.BOTH.,#2937);
#2870=SURFACE_STYLE_USAGE(.BOTH.,#2938);
#2871=SURFACE_STYLE_USAGE(.BOTH.,#2939);
#2872=SURFACE_STYLE_USAGE(.BOTH.,#2940);
#2873=SURFACE_STYLE_USAGE(.BOTH.,#2941);
#2874=SURFACE_STYLE_USAGE(.BOTH.,#2942);
#2875=SURFACE_STYLE_USAGE(.BOTH.,#2943);
#2876=SURFACE_STYLE_USAGE(.BOTH.,#2944);
#2877=SURFACE_STYLE_USAGE(.BOTH.,#2945);
#2878=SURFACE_STYLE_USAGE(.BOTH.,#2946);
#2879=SURFACE_STYLE_USAGE(.BOTH.,#2947);
#2880=SURFACE_STYLE_USAGE(.BOTH.,#2948);
#2881=SURFACE_STYLE_USAGE(.BOTH.,#2949);
#2882=SURFACE_STYLE_USAGE(.BOTH.,#2950);
#2883=SURFACE_STYLE_USAGE(.BOTH.,#2951);
#2884=SURFACE_STYLE_USAGE(.BOTH.,#2952);
#2885=SURFACE_STYLE_USAGE(.BOTH.,#2953);
#2886=SURFACE_STYLE_USAGE(.BOTH.,#2954);
#2887=SURFACE_STYLE_USAGE(.BOTH.,#2955);
#2888=SURFACE_STYLE_USAGE(.BOTH.,#2956);
#2889=SURFACE_STYLE_USAGE(.BOTH.,#2957);
#2890=SURFACE_STYLE_USAGE(.BOTH.,#2958);
#2891=SURFACE_STYLE_USAGE(.BOTH.,#2959);
#2892=SURFACE_STYLE_USAGE(.BOTH.,#2960);
#2893=SURFACE_STYLE_USAGE(.BOTH.,#2961);
#2894=SURFACE_STYLE_USAGE(.BOTH.,#2962);
#2895=SURFACE_STYLE_USAGE(.BOTH.,#2963);
#2896=SURFACE_STYLE_USAGE(.BOTH.,#2964);
#2897=SURFACE_STYLE_USAGE(.BOTH.,#2965);
#2898=SURFACE_STYLE_USAGE(.BOTH.,#2966);
#2899=SURFACE_SIDE_STYLE('',(#2967));
#2900=SURFACE_SIDE_STYLE('',(#2968));
#2901=SURFACE_SIDE_STYLE('',(#2969));
#2902=SURFACE_SIDE_STYLE('',(#2970));
#2903=SURFACE_SIDE_STYLE('',(#2971,#207));
#2904=SURFACE_SIDE_STYLE('',(#2972,#208));
#2905=SURFACE_SIDE_STYLE('',(#2973,#209));
#2906=SURFACE_SIDE_STYLE('',(#2974,#210));
#2907=SURFACE_SIDE_STYLE('',(#2975));
#2908=SURFACE_SIDE_STYLE('',(#2976));
#2909=SURFACE_SIDE_STYLE('',(#2977));
#2910=SURFACE_SIDE_STYLE('',(#2978));
#2911=SURFACE_SIDE_STYLE('',(#2979));
#2912=SURFACE_SIDE_STYLE('',(#2980));
#2913=SURFACE_SIDE_STYLE('',(#2981));
#2914=SURFACE_SIDE_STYLE('',(#2982));
#2915=SURFACE_SIDE_STYLE('',(#2983));
#2916=SURFACE_SIDE_STYLE('',(#2984));
#2917=SURFACE_SIDE_STYLE('',(#2985));
#2918=SURFACE_SIDE_STYLE('',(#2986));
#2919=SURFACE_SIDE_STYLE('',(#2987));
#2920=SURFACE_SIDE_STYLE('',(#2988));
#2921=SURFACE_SIDE_STYLE('',(#2989));
#2922=SURFACE_SIDE_STYLE('',(#2990));
#2923=SURFACE_SIDE_STYLE('',(#2991));
#2924=SURFACE_SIDE_STYLE('',(#2992));
#2925=SURFACE_SIDE_STYLE('',(#2993));
#2926=SURFACE_SIDE_STYLE('',(#2994));
#2927=SURFACE_SIDE_STYLE('',(#2995));
#2928=SURFACE_SIDE_STYLE('',(#2996));
#2929=SURFACE_SIDE_STYLE('',(#2997));
#2930=SURFACE_SIDE_STYLE('',(#2998));
#2931=SURFACE_SIDE_STYLE('',(#2999));
#2932=SURFACE_SIDE_STYLE('',(#3000));
#2933=SURFACE_SIDE_STYLE('',(#3001));
#2934=SURFACE_SIDE_STYLE('',(#3002));
#2935=SURFACE_SIDE_STYLE('',(#3003));
#2936=SURFACE_SIDE_STYLE('',(#3004));
#2937=SURFACE_SIDE_STYLE('',(#3005));
#2938=SURFACE_SIDE_STYLE('',(#3006));
#2939=SURFACE_SIDE_STYLE('',(#3007));
#2940=SURFACE_SIDE_STYLE('',(#3008));
#2941=SURFACE_SIDE_STYLE('',(#3009));
#2942=SURFACE_SIDE_STYLE('',(#3010));
#2943=SURFACE_SIDE_STYLE('',(#3011));
#2944=SURFACE_SIDE_STYLE('',(#3012));
#2945=SURFACE_SIDE_STYLE('',(#3013));
#2946=SURFACE_SIDE_STYLE('',(#3014));
#2947=SURFACE_SIDE_STYLE('',(#3015));
#2948=SURFACE_SIDE_STYLE('',(#3016));
#2949=SURFACE_SIDE_STYLE('',(#3017));
#2950=SURFACE_SIDE_STYLE('',(#3018));
#2951=SURFACE_SIDE_STYLE('',(#3019));
#2952=SURFACE_SIDE_STYLE('',(#3020));
#2953=SURFACE_SIDE_STYLE('',(#3021));
#2954=SURFACE_SIDE_STYLE('',(#3022));
#2955=SURFACE_SIDE_STYLE('',(#3023));
#2956=SURFACE_SIDE_STYLE('',(#3024));
#2957=SURFACE_SIDE_STYLE('',(#3025));
#2958=SURFACE_SIDE_STYLE('',(#3026));
#2959=SURFACE_SIDE_STYLE('',(#3027));
#2960=SURFACE_SIDE_STYLE('',(#3028));
#2961=SURFACE_SIDE_STYLE('',(#3029));
#2962=SURFACE_SIDE_STYLE('',(#3030));
#2963=SURFACE_SIDE_STYLE('',(#3031));
#2964=SURFACE_SIDE_STYLE('',(#3032));
#2965=SURFACE_SIDE_STYLE('',(#3033));
#2966=SURFACE_SIDE_STYLE('',(#3034));
#2967=SURFACE_STYLE_FILL_AREA(#3035);
#2968=SURFACE_STYLE_FILL_AREA(#3036);
#2969=SURFACE_STYLE_FILL_AREA(#3037);
#2970=SURFACE_STYLE_FILL_AREA(#3038);
#2971=SURFACE_STYLE_FILL_AREA(#3039);
#2972=SURFACE_STYLE_FILL_AREA(#3040);
#2973=SURFACE_STYLE_FILL_AREA(#3041);
#2974=SURFACE_STYLE_FILL_AREA(#3042);
#2975=SURFACE_STYLE_FILL_AREA(#3043);
#2976=SURFACE_STYLE_FILL_AREA(#3044);
#2977=SURFACE_STYLE_FILL_AREA(#3045);
#2978=SURFACE_STYLE_FILL_AREA(#3046);
#2979=SURFACE_STYLE_FILL_AREA(#3047);
#2980=SURFACE_STYLE_FILL_AREA(#3048);
#2981=SURFACE_STYLE_FILL_AREA(#3049);
#2982=SURFACE_STYLE_FILL_AREA(#3050);
#2983=SURFACE_STYLE_FILL_AREA(#3051);
#2984=SURFACE_STYLE_FILL_AREA(#3052);
#2985=SURFACE_STYLE_FILL_AREA(#3053);
#2986=SURFACE_STYLE_FILL_AREA(#3054);
#2987=SURFACE_STYLE_FILL_AREA(#3055);
#2988=SURFACE_STYLE_FILL_AREA(#3056);
#2989=SURFACE_STYLE_FILL_AREA(#3057);
#2990=SURFACE_STYLE_FILL_AREA(#3058);
#2991=SURFACE_STYLE_FILL_AREA(#3059);
#2992=SURFACE_STYLE_FILL_AREA(#3060);
#2993=SURFACE_STYLE_FILL_AREA(#3061);
#2994=SURFACE_STYLE_FILL_AREA(#3062);
#2995=SURFACE_STYLE_FILL_AREA(#3063);
#2996=SURFACE_STYLE_FILL_AREA(#3064);
#2997=SURFACE_STYLE_FILL_AREA(#3065);
#2998=SURFACE_STYLE_FILL_AREA(#3066);
#2999=SURFACE_STYLE_FILL_AREA(#3067);
#3000=SURFACE_STYLE_FILL_AREA(#3068);
#3001=SURFACE_STYLE_FILL_AREA(#3069);
#3002=SURFACE_STYLE_FILL_AREA(#3070);
#3003=SURFACE_STYLE_FILL_AREA(#3071);
#3004=SURFACE_STYLE_FILL_AREA(#3072);
#3005=SURFACE_STYLE_FILL_AREA(#3073);
#3006=SURFACE_STYLE_FILL_AREA(#3074);
#3007=SURFACE_STYLE_FILL_AREA(#3075);
#3008=SURFACE_STYLE_FILL_AREA(#3076);
#3009=SURFACE_STYLE_FILL_AREA(#3077);
#3010=SURFACE_STYLE_FILL_AREA(#3078);
#3011=SURFACE_STYLE_FILL_AREA(#3079);
#3012=SURFACE_STYLE_FILL_AREA(#3080);
#3013=SURFACE_STYLE_FILL_AREA(#3081);
#3014=SURFACE_STYLE_FILL_AREA(#3082);
#3015=SURFACE_STYLE_FILL_AREA(#3083);
#3016=SURFACE_STYLE_FILL_AREA(#3084);
#3017=SURFACE_STYLE_FILL_AREA(#3085);
#3018=SURFACE_STYLE_FILL_AREA(#3086);
#3019=SURFACE_STYLE_FILL_AREA(#3087);
#3020=SURFACE_STYLE_FILL_AREA(#3088);
#3021=SURFACE_STYLE_FILL_AREA(#3089);
#3022=SURFACE_STYLE_FILL_AREA(#3090);
#3023=SURFACE_STYLE_FILL_AREA(#3091);
#3024=SURFACE_STYLE_FILL_AREA(#3092);
#3025=SURFACE_STYLE_FILL_AREA(#3093);
#3026=SURFACE_STYLE_FILL_AREA(#3094);
#3027=SURFACE_STYLE_FILL_AREA(#3095);
#3028=SURFACE_STYLE_FILL_AREA(#3096);
#3029=SURFACE_STYLE_FILL_AREA(#3097);
#3030=SURFACE_STYLE_FILL_AREA(#3098);
#3031=SURFACE_STYLE_FILL_AREA(#3099);
#3032=SURFACE_STYLE_FILL_AREA(#3100);
#3033=SURFACE_STYLE_FILL_AREA(#3101);
#3034=SURFACE_STYLE_FILL_AREA(#3102);
#3035=FILL_AREA_STYLE('',(#3103));
#3036=FILL_AREA_STYLE('',(#3104));
#3037=FILL_AREA_STYLE('',(#3105));
#3038=FILL_AREA_STYLE('',(#3106));
#3039=FILL_AREA_STYLE('',(#3107));
#3040=FILL_AREA_STYLE('',(#3108));
#3041=FILL_AREA_STYLE('',(#3109));
#3042=FILL_AREA_STYLE('',(#3110));
#3043=FILL_AREA_STYLE('',(#3111));
#3044=FILL_AREA_STYLE('',(#3112));
#3045=FILL_AREA_STYLE('',(#3113));
#3046=FILL_AREA_STYLE('',(#3114));
#3047=FILL_AREA_STYLE('',(#3115));
#3048=FILL_AREA_STYLE('',(#3116));
#3049=FILL_AREA_STYLE('',(#3117));
#3050=FILL_AREA_STYLE('',(#3118));
#3051=FILL_AREA_STYLE('',(#3119));
#3052=FILL_AREA_STYLE('',(#3120));
#3053=FILL_AREA_STYLE('',(#3121));
#3054=FILL_AREA_STYLE('',(#3122));
#3055=FILL_AREA_STYLE('',(#3123));
#3056=FILL_AREA_STYLE('',(#3124));
#3057=FILL_AREA_STYLE('',(#3125));
#3058=FILL_AREA_STYLE('',(#3126));
#3059=FILL_AREA_STYLE('',(#3127));
#3060=FILL_AREA_STYLE('',(#3128));
#3061=FILL_AREA_STYLE('',(#3129));
#3062=FILL_AREA_STYLE('',(#3130));
#3063=FILL_AREA_STYLE('',(#3131));
#3064=FILL_AREA_STYLE('',(#3132));
#3065=FILL_AREA_STYLE('',(#3133));
#3066=FILL_AREA_STYLE('',(#3134));
#3067=FILL_AREA_STYLE('',(#3135));
#3068=FILL_AREA_STYLE('',(#3136));
#3069=FILL_AREA_STYLE('',(#3137));
#3070=FILL_AREA_STYLE('',(#3138));
#3071=FILL_AREA_STYLE('',(#3139));
#3072=FILL_AREA_STYLE('',(#3140));
#3073=FILL_AREA_STYLE('',(#3141));
#3074=FILL_AREA_STYLE('',(#3142));
#3075=FILL_AREA_STYLE('',(#3143));
#3076=FILL_AREA_STYLE('',(#3144));
#3077=FILL_AREA_STYLE('',(#3145));
#3078=FILL_AREA_STYLE('',(#3146));
#3079=FILL_AREA_STYLE('',(#3147));
#3080=FILL_AREA_STYLE('',(#3148));
#3081=FILL_AREA_STYLE('',(#3149));
#3082=FILL_AREA_STYLE('',(#3150));
#3083=FILL_AREA_STYLE('',(#3151));
#3084=FILL_AREA_STYLE('',(#3152));
#3085=FILL_AREA_STYLE('',(#3153));
#3086=FILL_AREA_STYLE('',(#3154));
#3087=FILL_AREA_STYLE('',(#3155));
#3088=FILL_AREA_STYLE('',(#3156));
#3089=FILL_AREA_STYLE('',(#3157));
#3090=FILL_AREA_STYLE('',(#3158));
#3091=FILL_AREA_STYLE('',(#3159));
#3092=FILL_AREA_STYLE('',(#3160));
#3093=FILL_AREA_STYLE('',(#3161));
#3094=FILL_AREA_STYLE('',(#3162));
#3095=FILL_AREA_STYLE('',(#3163));
#3096=FILL_AREA_STYLE('',(#3164));
#3097=FILL_AREA_STYLE('',(#3165));
#3098=FILL_AREA_STYLE('',(#3166));
#3099=FILL_AREA_STYLE('',(#3167));
#3100=FILL_AREA_STYLE('',(#3168));
#3101=FILL_AREA_STYLE('',(#3169));
#3102=FILL_AREA_STYLE('',(#3170));
#3103=FILL_AREA_STYLE_COLOUR('',#3171);
#3104=FILL_AREA_STYLE_COLOUR('',#3171);
#3105=FILL_AREA_STYLE_COLOUR('',#3171);
#3106=FILL_AREA_STYLE_COLOUR('',#3171);
#3107=FILL_AREA_STYLE_COLOUR('',#3172);
#3108=FILL_AREA_STYLE_COLOUR('',#3173);
#3109=FILL_AREA_STYLE_COLOUR('',#3173);
#3110=FILL_AREA_STYLE_COLOUR('',#3173);
#3111=FILL_AREA_STYLE_COLOUR('',#3174);
#3112=FILL_AREA_STYLE_COLOUR('',#3174);
#3113=FILL_AREA_STYLE_COLOUR('',#3174);
#3114=FILL_AREA_STYLE_COLOUR('',#3171);
#3115=FILL_AREA_STYLE_COLOUR('',#3171);
#3116=FILL_AREA_STYLE_COLOUR('',#3175);
#3117=FILL_AREA_STYLE_COLOUR('',#3171);
#3118=FILL_AREA_STYLE_COLOUR('',#3171);
#3119=FILL_AREA_STYLE_COLOUR('',#3171);
#3120=FILL_AREA_STYLE_COLOUR('',#3175);
#3121=FILL_AREA_STYLE_COLOUR('',#3171);
#3122=FILL_AREA_STYLE_COLOUR('',#3171);
#3123=FILL_AREA_STYLE_COLOUR('',#3171);
#3124=FILL_AREA_STYLE_COLOUR('',#3176);
#3125=FILL_AREA_STYLE_COLOUR('',#3176);
#3126=FILL_AREA_STYLE_COLOUR('',#3176);
#3127=FILL_AREA_STYLE_COLOUR('',#3176);
#3128=FILL_AREA_STYLE_COLOUR('',#3176);
#3129=FILL_AREA_STYLE_COLOUR('',#3176);
#3130=FILL_AREA_STYLE_COLOUR('',#3176);
#3131=FILL_AREA_STYLE_COLOUR('',#3176);
#3132=FILL_AREA_STYLE_COLOUR('',#3176);
#3133=FILL_AREA_STYLE_COLOUR('',#3176);
#3134=FILL_AREA_STYLE_COLOUR('',#3176);
#3135=FILL_AREA_STYLE_COLOUR('',#3176);
#3136=FILL_AREA_STYLE_COLOUR('',#3176);
#3137=FILL_AREA_STYLE_COLOUR('',#3176);
#3138=FILL_AREA_STYLE_COLOUR('',#3176);
#3139=FILL_AREA_STYLE_COLOUR('',#3176);
#3140=FILL_AREA_STYLE_COLOUR('',#3176);
#3141=FILL_AREA_STYLE_COLOUR('',#3176);
#3142=FILL_AREA_STYLE_COLOUR('',#3176);
#3143=FILL_AREA_STYLE_COLOUR('',#3176);
#3144=FILL_AREA_STYLE_COLOUR('',#3176);
#3145=FILL_AREA_STYLE_COLOUR('',#3175);
#3146=FILL_AREA_STYLE_COLOUR('',#3176);
#3147=FILL_AREA_STYLE_COLOUR('',#3176);
#3148=FILL_AREA_STYLE_COLOUR('',#3176);
#3149=FILL_AREA_STYLE_COLOUR('',#3176);
#3150=FILL_AREA_STYLE_COLOUR('',#3175);
#3151=FILL_AREA_STYLE_COLOUR('',#3176);
#3152=FILL_AREA_STYLE_COLOUR('',#3176);
#3153=FILL_AREA_STYLE_COLOUR('',#3176);
#3154=FILL_AREA_STYLE_COLOUR('',#3176);
#3155=FILL_AREA_STYLE_COLOUR('',#3176);
#3156=FILL_AREA_STYLE_COLOUR('',#3176);
#3157=FILL_AREA_STYLE_COLOUR('',#3176);
#3158=FILL_AREA_STYLE_COLOUR('',#3176);
#3159=FILL_AREA_STYLE_COLOUR('',#3176);
#3160=FILL_AREA_STYLE_COLOUR('',#3176);
#3161=FILL_AREA_STYLE_COLOUR('',#3176);
#3162=FILL_AREA_STYLE_COLOUR('',#3176);
#3163=FILL_AREA_STYLE_COLOUR('',#3176);
#3164=FILL_AREA_STYLE_COLOUR('',#3176);
#3165=FILL_AREA_STYLE_COLOUR('',#3176);
#3166=FILL_AREA_STYLE_COLOUR('',#3176);
#3167=FILL_AREA_STYLE_COLOUR('',#3176);
#3168=FILL_AREA_STYLE_COLOUR('',#3176);
#3169=FILL_AREA_STYLE_COLOUR('',#3176);
#3170=FILL_AREA_STYLE_COLOUR('',#3176);
#3171=COLOUR_RGB('',0.331739127635956,0.340869575738907,0.349999994039536);
#3172=COLOUR_RGB('',0.,0.52549022436142,0.898039221763611);
#3173=COLOUR_RGB('',0.839215695858002,0.,0.);
#3174=COLOUR_RGB('',0.800000011920929,0.,0.);
#3175=COLOUR_RGB('',0.1875,0.75,0.581249892711639);
#3176=COLOUR_RGB('',0.506983280181885,0.531564235687256,0.550000011920929);
#3177=MANIFOLD_SOLID_BREP('',#2679);
#3178=MANIFOLD_SOLID_BREP('',#2680);
#3179=MANIFOLD_SOLID_BREP('',#2681);
#3180=MANIFOLD_SOLID_BREP('',#2682);
#3181=MANIFOLD_SOLID_BREP('',#2683);
#3182=MANIFOLD_SOLID_BREP('3',#2684);
#3183=MANIFOLD_SOLID_BREP('2',#2685);
#3184=MANIFOLD_SOLID_BREP('1',#2686);
#3185=MANIFOLD_SOLID_BREP('3',#2687);
#3186=MANIFOLD_SOLID_BREP('2',#2688);
#3187=MANIFOLD_SOLID_BREP('1',#2689);
#3188=MANIFOLD_SOLID_BREP('',#2690);
#3189=MANIFOLD_SOLID_BREP('',#2691);
#3190=MANIFOLD_SOLID_BREP('',#2692);
#3191=MANIFOLD_SOLID_BREP('',#2693);
#3192=MANIFOLD_SOLID_BREP('',#2694);
#3193=SHAPE_DEFINITION_REPRESENTATION(#5534,#3208);
#3194=SHAPE_DEFINITION_REPRESENTATION(#5533,#3209);
#3195=SHAPE_DEFINITION_REPRESENTATION(#5536,#3210);
#3196=SHAPE_DEFINITION_REPRESENTATION(#5532,#3211);
#3197=SHAPE_DEFINITION_REPRESENTATION(#5539,#3212);
#3198=SHAPE_DEFINITION_REPRESENTATION(#5543,#3213);
#3199=SHAPE_DEFINITION_REPRESENTATION(#5542,#3214);
#3200=SHAPE_DEFINITION_REPRESENTATION(#5545,#3215);
#3201=SHAPE_DEFINITION_REPRESENTATION(#5547,#3216);
#3202=SHAPE_DEFINITION_REPRESENTATION(#5551,#3217);
#3203=SHAPE_DEFINITION_REPRESENTATION(#5555,#3218);
#3204=SHAPE_DEFINITION_REPRESENTATION(#5561,#3219);
#3205=SHAPE_DEFINITION_REPRESENTATION(#5565,#3220);
#3206=SHAPE_DEFINITION_REPRESENTATION(#5568,#3221);
#3207=SHAPE_DEFINITION_REPRESENTATION(#5573,#3222);
#3208=SHAPE_REPRESENTATION('Hing Plate-1 (180x80x16mm.)',(#3223),#5501);
#3209=SHAPE_REPRESENTATION('Hing Plate-1 (180x80x16mm.)',(#3223,#3242,#3251),
#5500);
#3210=SHAPE_REPRESENTATION('Pipe-ÿ40xÿ17x80mm. LG.',(#3223),#5502);
#3211=SHAPE_REPRESENTATION('Fabricated_Hing-1',(#3223,#3252,#3265,#3266,
#3371,#3434,#3435,#3436,#3451,#3452,#3453,#3454,#3455,#3473,#3474,#3475,
#3486,#3487,#3527,#3528,#3529,#3530,#3569,#3570,#3571,#3572,#3573,#3574,
#3575,#3576,#3577),#5499);
#3212=SHAPE_REPRESENTATION('STEP BUSH',(#3223),#5503);
#3213=SHAPE_REPRESENTATION('Hing Plate-1 (180x100x16mm.)',(#3223),#5505);
#3214=SHAPE_REPRESENTATION('Hing Plate-2 (180x80x16mm.)',(#3223,#3285,#3302,
#3369,#3370),#5504);
#3215=SHAPE_REPRESENTATION('Pipe-ÿ40xÿ17x100mm. LG.',(#3223),#5506);
#3216=SHAPE_REPRESENTATION(
'Ball Bearing-61903(ID=17, OD=30, THK=7).par2',(#3223),#5507);
#3217=SHAPE_REPRESENTATION(
'THRUST BALL BEARING_51203(ID=17, OD=35, THK=12)',(#3223),#5508);
#3218=SHAPE_REPRESENTATION('Washer M10-1',(#3223),#5509);
#3219=SHAPE_REPRESENTATION('Stud M16x364.5mm. Lg',(#3223),#5510);
#3220=SHAPE_REPRESENTATION('Washer M16',(#3223),#5511);
#3221=SHAPE_REPRESENTATION('Hex Nut M16',(#3223),#5512);
#3222=SHAPE_REPRESENTATION('Hex Hd. Bolt - M10x30',(#3223),#5513);
#3223=AXIS2_PLACEMENT_3D('',#4348,#3578,#3579);
#3224=AXIS2_PLACEMENT_3D('',#4349,#3580,#3581);
#3225=AXIS2_PLACEMENT_3D('',#4358,#3586,#3587);
#3226=AXIS2_PLACEMENT_3D('',#4364,#3591,#3592);
#3227=AXIS2_PLACEMENT_3D('',#4370,#3596,#3597);
#3228=AXIS2_PLACEMENT_3D('',#4373,#3600,#3601);
#3229=AXIS2_PLACEMENT_3D('',#4374,#3602,#3603);
#3230=AXIS2_PLACEMENT_3D('',#4376,#3604,#3605);
#3231=AXIS2_PLACEMENT_3D('',#4378,#3606,#3607);
#3232=AXIS2_PLACEMENT_3D('',#4380,#3608,#3609);
#3233=AXIS2_PLACEMENT_3D('',#4382,#3610,#3611);
#3234=AXIS2_PLACEMENT_3D('',#4383,#3612,#3613);
#3235=AXIS2_PLACEMENT_3D('',#4385,#3614,#3615);
#3236=AXIS2_PLACEMENT_3D('',#4387,#3616,#3617);
#3237=AXIS2_PLACEMENT_3D('',#4389,#3618,#3619);
#3238=AXIS2_PLACEMENT_3D('',#4391,#3620,#3621);
#3239=AXIS2_PLACEMENT_3D('',#4392,#3622,#3623);
#3240=AXIS2_PLACEMENT_3D('',#4393,#3624,#3625);
#3241=AXIS2_PLACEMENT_3D('',#4394,#3626,#3627);
#3242=AXIS2_PLACEMENT_3D('',#4395,#3628,#3629);
#3243=AXIS2_PLACEMENT_3D('',#4396,#3630,#3631);
#3244=AXIS2_PLACEMENT_3D('',#4397,#3632,#3633);
#3245=AXIS2_PLACEMENT_3D('',#4399,#3634,#3635);
#3246=AXIS2_PLACEMENT_3D('',#4401,#3636,#3637);
#3247=AXIS2_PLACEMENT_3D('',#4402,#3638,#3639);
#3248=AXIS2_PLACEMENT_3D('',#4404,#3640,#3641);
#3249=AXIS2_PLACEMENT_3D('',#4406,#3642,#3643);
#3250=AXIS2_PLACEMENT_3D('',#4407,#3644,#3645);
#3251=AXIS2_PLACEMENT_3D('',#4408,#3646,#3647);
#3252=AXIS2_PLACEMENT_3D('',#4409,#3648,#3649);
#3253=AXIS2_PLACEMENT_3D('',#4410,#3650,#3651);
#3254=AXIS2_PLACEMENT_3D('',#4411,#3652,#3653);
#3255=AXIS2_PLACEMENT_3D('',#4413,#3654,#3655);
#3256=AXIS2_PLACEMENT_3D('',#4415,#3656,#3657);
#3257=AXIS2_PLACEMENT_3D('',#4416,#3658,#3659);
#3258=AXIS2_PLACEMENT_3D('',#4418,#3660,#3661);
#3259=AXIS2_PLACEMENT_3D('',#4419,#3662,#3663);
#3260=AXIS2_PLACEMENT_3D('',#4421,#3664,#3665);
#3261=AXIS2_PLACEMENT_3D('',#4422,#3666,#3667);
#3262=AXIS2_PLACEMENT_3D('',#4424,#3668,#3669);
#3263=AXIS2_PLACEMENT_3D('',#4425,#3670,#3671);
#3264=AXIS2_PLACEMENT_3D('',#4427,#3672,#3673);
#3265=AXIS2_PLACEMENT_3D('',#4428,#3674,#3675);
#3266=AXIS2_PLACEMENT_3D('',#4429,#3676,#3677);
#3267=AXIS2_PLACEMENT_3D('',#4430,#3678,#3679);
#3268=AXIS2_PLACEMENT_3D('',#4439,#3684,#3685);
#3269=AXIS2_PLACEMENT_3D('',#4445,#3689,#3690);
#3270=AXIS2_PLACEMENT_3D('',#4451,#3694,#3695);
#3271=AXIS2_PLACEMENT_3D('',#4454,#3698,#3699);
#3272=AXIS2_PLACEMENT_3D('',#4455,#3700,#3701);
#3273=AXIS2_PLACEMENT_3D('',#4457,#3702,#3703);
#3274=AXIS2_PLACEMENT_3D('',#4459,#3704,#3705);
#3275=AXIS2_PLACEMENT_3D('',#4461,#3706,#3707);
#3276=AXIS2_PLACEMENT_3D('',#4463,#3708,#3709);
#3277=AXIS2_PLACEMENT_3D('',#4464,#3710,#3711);
#3278=AXIS2_PLACEMENT_3D('',#4466,#3712,#3713);
#3279=AXIS2_PLACEMENT_3D('',#4468,#3714,#3715);
#3280=AXIS2_PLACEMENT_3D('',#4470,#3716,#3717);
#3281=AXIS2_PLACEMENT_3D('',#4472,#3718,#3719);
#3282=AXIS2_PLACEMENT_3D('',#4473,#3720,#3721);
#3283=AXIS2_PLACEMENT_3D('',#4474,#3722,#3723);
#3284=AXIS2_PLACEMENT_3D('',#4475,#3724,#3725);
#3285=AXIS2_PLACEMENT_3D('',#4476,#3726,#3727);
#3286=AXIS2_PLACEMENT_3D('',#4477,#3728,#3729);
#3287=AXIS2_PLACEMENT_3D('',#4478,#3730,#3731);
#3288=AXIS2_PLACEMENT_3D('',#4480,#3732,#3733);
#3289=AXIS2_PLACEMENT_3D('',#4482,#3734,#3735);
#3290=AXIS2_PLACEMENT_3D('',#4483,#3736,#3737);
#3291=AXIS2_PLACEMENT_3D('',#4485,#3738,#3739);
#3292=AXIS2_PLACEMENT_3D('',#4487,#3740,#3741);
#3293=AXIS2_PLACEMENT_3D('',#4488,#3742,#3743);
#3294=AXIS2_PLACEMENT_3D('',#4490,#3744,#3745);
#3295=AXIS2_PLACEMENT_3D('',#4491,#3746,#3747);
#3296=AXIS2_PLACEMENT_3D('',#4493,#3748,#3749);
#3297=AXIS2_PLACEMENT_3D('',#4494,#3750,#3751);
#3298=AXIS2_PLACEMENT_3D('',#4496,#3752,#3753);
#3299=AXIS2_PLACEMENT_3D('',#4497,#3754,#3755);
#3300=AXIS2_PLACEMENT_3D('',#4498,#3756,#3757);
#3301=AXIS2_PLACEMENT_3D('',#4500,#3758,#3759);
#3302=AXIS2_PLACEMENT_3D('',#4501,#3760,#3761);
#3303=AXIS2_PLACEMENT_3D('',#4502,#3762,#3763);
#3304=AXIS2_PLACEMENT_3D('',#4519,#3764,#3765);
#3305=AXIS2_PLACEMENT_3D('',#4536,#3766,#3767);
#3306=AXIS2_PLACEMENT_3D('',#4553,#3768,#3769);
#3307=AXIS2_PLACEMENT_3D('',#4570,#3770,#3771);
#3308=AXIS2_PLACEMENT_3D('',#4587,#3772,#3773);
#3309=AXIS2_PLACEMENT_3D('',#4604,#3774,#3775);
#3310=AXIS2_PLACEMENT_3D('',#4621,#3776,#3777);
#3311=AXIS2_PLACEMENT_3D('',#4638,#3778,#3779);
#3312=AXIS2_PLACEMENT_3D('',#4655,#3780,#3781);
#3313=AXIS2_PLACEMENT_3D('',#4672,#3782,#3783);
#3314=AXIS2_PLACEMENT_3D('',#4689,#3784,#3785);
#3315=AXIS2_PLACEMENT_3D('',#4690,#3786,#3787);
#3316=AXIS2_PLACEMENT_3D('',#4691,#3788,#3789);
#3317=AXIS2_PLACEMENT_3D('',#4692,#3790,#3791);
#3318=AXIS2_PLACEMENT_3D('',#4693,#3792,#3793);
#3319=AXIS2_PLACEMENT_3D('',#4694,#3794,#3795);
#3320=AXIS2_PLACEMENT_3D('',#4695,#3796,#3797);
#3321=AXIS2_PLACEMENT_3D('',#4696,#3798,#3799);
#3322=AXIS2_PLACEMENT_3D('',#4697,#3800,#3801);
#3323=AXIS2_PLACEMENT_3D('',#4698,#3802,#3803);
#3324=AXIS2_PLACEMENT_3D('',#4699,#3804,#3805);
#3325=AXIS2_PLACEMENT_3D('',#4700,#3806,#3807);
#3326=AXIS2_PLACEMENT_3D('',#4701,#3808,#3809);
#3327=AXIS2_PLACEMENT_3D('',#4703,#3810,#3811);
#3328=AXIS2_PLACEMENT_3D('',#4705,#3812,#3813);
#3329=AXIS2_PLACEMENT_3D('',#4706,#3814,#3815);
#3330=AXIS2_PLACEMENT_3D('',#4708,#3816,#3817);
#3331=AXIS2_PLACEMENT_3D('',#4710,#3818,#3819);
#3332=AXIS2_PLACEMENT_3D('',#4711,#3820,#3821);
#3333=AXIS2_PLACEMENT_3D('',#4713,#3822,#3823);
#3334=AXIS2_PLACEMENT_3D('',#4714,#3824,#3825);
#3335=AXIS2_PLACEMENT_3D('',#4716,#3826,#3827);
#3336=AXIS2_PLACEMENT_3D('',#4717,#3828,#3829);
#3337=AXIS2_PLACEMENT_3D('',#4718,#3830,#3831);
#3338=AXIS2_PLACEMENT_3D('',#4720,#3832,#3833);
#3339=AXIS2_PLACEMENT_3D('',#4721,#3834,#3835);
#3340=AXIS2_PLACEMENT_3D('',#4723,#3836,#3837);
#3341=AXIS2_PLACEMENT_3D('',#4724,#3838,#3839);
#3342=AXIS2_PLACEMENT_3D('',#4725,#3840,#3841);
#3343=AXIS2_PLACEMENT_3D('',#4727,#3842,#3843);
#3344=AXIS2_PLACEMENT_3D('',#4729,#3844,#3845);
#3345=AXIS2_PLACEMENT_3D('',#4730,#3846,#3847);
#3346=AXIS2_PLACEMENT_3D('',#4732,#3848,#3849);
#3347=AXIS2_PLACEMENT_3D('',#4734,#3850,#3851);
#3348=AXIS2_PLACEMENT_3D('',#4735,#3852,#3853);
#3349=AXIS2_PLACEMENT_3D('',#4737,#3854,#3855);
#3350=AXIS2_PLACEMENT_3D('',#4739,#3856,#3857);
#3351=AXIS2_PLACEMENT_3D('',#4740,#3858,#3859);
#3352=AXIS2_PLACEMENT_3D('',#4742,#3860,#3861);
#3353=AXIS2_PLACEMENT_3D('',#4743,#3862,#3863);
#3354=AXIS2_PLACEMENT_3D('',#4745,#3864,#3865);
#3355=AXIS2_PLACEMENT_3D('',#4747,#3866,#3867);
#3356=AXIS2_PLACEMENT_3D('',#4748,#3868,#3869);
#3357=AXIS2_PLACEMENT_3D('',#4750,#3870,#3871);
#3358=AXIS2_PLACEMENT_3D('',#4751,#3872,#3873);
#3359=AXIS2_PLACEMENT_3D('',#4753,#3874,#3875);
#3360=AXIS2_PLACEMENT_3D('',#4754,#3876,#3877);
#3361=AXIS2_PLACEMENT_3D('',#4756,#3878,#3879);
#3362=AXIS2_PLACEMENT_3D('',#4757,#3880,#3881);
#3363=AXIS2_PLACEMENT_3D('',#4759,#3882,#3883);
#3364=AXIS2_PLACEMENT_3D('',#4760,#3884,#3885);
#3365=AXIS2_PLACEMENT_3D('',#4761,#3886,#3887);
#3366=AXIS2_PLACEMENT_3D('',#4763,#3888,#3889);
#3367=AXIS2_PLACEMENT_3D('',#4764,#3890,#3891);
#3368=AXIS2_PLACEMENT_3D('',#4765,#3892,#3893);
#3369=AXIS2_PLACEMENT_3D('',#4766,#3894,#3895);
#3370=AXIS2_PLACEMENT_3D('',#4767,#3896,#3897);
#3371=AXIS2_PLACEMENT_3D('',#4768,#3898,#3899);
#3372=AXIS2_PLACEMENT_3D('',#4769,#3900,#3901);
#3373=AXIS2_PLACEMENT_3D('',#4786,#3902,#3903);
#3374=AXIS2_PLACEMENT_3D('',#4803,#3904,#3905);
#3375=AXIS2_PLACEMENT_3D('',#4820,#3906,#3907);
#3376=AXIS2_PLACEMENT_3D('',#4837,#3908,#3909);
#3377=AXIS2_PLACEMENT_3D('',#4854,#3910,#3911);
#3378=AXIS2_PLACEMENT_3D('',#4871,#3912,#3913);
#3379=AXIS2_PLACEMENT_3D('',#4888,#3914,#3915);
#3380=AXIS2_PLACEMENT_3D('',#4905,#3916,#3917);
#3381=AXIS2_PLACEMENT_3D('',#4922,#3918,#3919);
#3382=AXIS2_PLACEMENT_3D('',#4939,#3920,#3921);
#3383=AXIS2_PLACEMENT_3D('',#4956,#3922,#3923);
#3384=AXIS2_PLACEMENT_3D('',#4957,#3924,#3925);
#3385=AXIS2_PLACEMENT_3D('',#4958,#3926,#3927);
#3386=AXIS2_PLACEMENT_3D('',#4959,#3928,#3929);
#3387=AXIS2_PLACEMENT_3D('',#4960,#3930,#3931);
#3388=AXIS2_PLACEMENT_3D('',#4961,#3932,#3933);
#3389=AXIS2_PLACEMENT_3D('',#4962,#3934,#3935);
#3390=AXIS2_PLACEMENT_3D('',#4963,#3936,#3937);
#3391=AXIS2_PLACEMENT_3D('',#4964,#3938,#3939);
#3392=AXIS2_PLACEMENT_3D('',#4965,#3940,#3941);
#3393=AXIS2_PLACEMENT_3D('',#4966,#3942,#3943);
#3394=AXIS2_PLACEMENT_3D('',#4967,#3944,#3945);
#3395=AXIS2_PLACEMENT_3D('',#4968,#3946,#3947);
#3396=AXIS2_PLACEMENT_3D('',#4970,#3948,#3949);
#3397=AXIS2_PLACEMENT_3D('',#4972,#3950,#3951);
#3398=AXIS2_PLACEMENT_3D('',#4973,#3952,#3953);
#3399=AXIS2_PLACEMENT_3D('',#4975,#3954,#3955);
#3400=AXIS2_PLACEMENT_3D('',#4977,#3956,#3957);
#3401=AXIS2_PLACEMENT_3D('',#4978,#3958,#3959);
#3402=AXIS2_PLACEMENT_3D('',#4980,#3960,#3961);
#3403=AXIS2_PLACEMENT_3D('',#4982,#3962,#3963);
#3404=AXIS2_PLACEMENT_3D('',#4983,#3964,#3965);
#3405=AXIS2_PLACEMENT_3D('',#4985,#3966,#3967);
#3406=AXIS2_PLACEMENT_3D('',#4986,#3968,#3969);
#3407=AXIS2_PLACEMENT_3D('',#4988,#3970,#3971);
#3408=AXIS2_PLACEMENT_3D('',#4989,#3972,#3973);
#3409=AXIS2_PLACEMENT_3D('',#4990,#3974,#3975);
#3410=AXIS2_PLACEMENT_3D('',#4991,#3976,#3977);
#3411=AXIS2_PLACEMENT_3D('',#4993,#3978,#3979);
#3412=AXIS2_PLACEMENT_3D('',#4994,#3980,#3981);
#3413=AXIS2_PLACEMENT_3D('',#4996,#3982,#3983);
#3414=AXIS2_PLACEMENT_3D('',#4997,#3984,#3985);
#3415=AXIS2_PLACEMENT_3D('',#4998,#3986,#3987);
#3416=AXIS2_PLACEMENT_3D('',#5000,#3988,#3989);
#3417=AXIS2_PLACEMENT_3D('',#5002,#3990,#3991);
#3418=AXIS2_PLACEMENT_3D('',#5003,#3992,#3993);
#3419=AXIS2_PLACEMENT_3D('',#5005,#3994,#3995);
#3420=AXIS2_PLACEMENT_3D('',#5007,#3996,#3997);
#3421=AXIS2_PLACEMENT_3D('',#5008,#3998,#3999);
#3422=AXIS2_PLACEMENT_3D('',#5010,#4000,#4001);
#3423=AXIS2_PLACEMENT_3D('',#5012,#4002,#4003);
#3424=AXIS2_PLACEMENT_3D('',#5013,#4004,#4005);
#3425=AXIS2_PLACEMENT_3D('',#5015,#4006,#4007);
#3426=AXIS2_PLACEMENT_3D('',#5016,#4008,#4009);
#3427=AXIS2_PLACEMENT_3D('',#5018,#4010,#4011);
#3428=AXIS2_PLACEMENT_3D('',#5019,#4012,#4013);
#3429=AXIS2_PLACEMENT_3D('',#5020,#4014,#4015);
#3430=AXIS2_PLACEMENT_3D('',#5021,#4016,#4017);
#3431=AXIS2_PLACEMENT_3D('',#5023,#4018,#4019);
#3432=AXIS2_PLACEMENT_3D('',#5024,#4020,#4021);
#3433=AXIS2_PLACEMENT_3D('',#5026,#4022,#4023);
#3434=AXIS2_PLACEMENT_3D('',#5027,#4024,#4025);
#3435=AXIS2_PLACEMENT_3D('',#5028,#4026,#4027);
#3436=AXIS2_PLACEMENT_3D('',#5029,#4028,#4029);
#3437=AXIS2_PLACEMENT_3D('',#5030,#4030,#4031);
#3438=AXIS2_PLACEMENT_3D('',#5031,#4032,#4033);
#3439=AXIS2_PLACEMENT_3D('',#5033,#4034,#4035);
#3440=AXIS2_PLACEMENT_3D('',#5035,#4036,#4037);
#3441=AXIS2_PLACEMENT_3D('',#5036,#4038,#4039);
#3442=AXIS2_PLACEMENT_3D('',#5038,#4040,#4041);
#3443=AXIS2_PLACEMENT_3D('',#5040,#4042,#4043);
#3444=AXIS2_PLACEMENT_3D('',#5041,#4044,#4045);
#3445=AXIS2_PLACEMENT_3D('',#5043,#4046,#4047);
#3446=AXIS2_PLACEMENT_3D('',#5045,#4048,#4049);
#3447=AXIS2_PLACEMENT_3D('',#5046,#4050,#4051);
#3448=AXIS2_PLACEMENT_3D('',#5048,#4052,#4053);
#3449=AXIS2_PLACEMENT_3D('',#5049,#4054,#4055);
#3450=AXIS2_PLACEMENT_3D('',#5050,#4056,#4057);
#3451=AXIS2_PLACEMENT_3D('',#5051,#4058,#4059);
#3452=AXIS2_PLACEMENT_3D('',#5052,#4060,#4061);
#3453=AXIS2_PLACEMENT_3D('',#5053,#4062,#4063);
#3454=AXIS2_PLACEMENT_3D('',#5054,#4064,#4065);
#3455=AXIS2_PLACEMENT_3D('',#5055,#4066,#4067);
#3456=AXIS2_PLACEMENT_3D('',#5056,#4068,#4069);
#3457=AXIS2_PLACEMENT_3D('',#5057,#4070,#4071);
#3458=AXIS2_PLACEMENT_3D('',#5059,#4072,#4073);
#3459=AXIS2_PLACEMENT_3D('',#5060,#4074,#4075);
#3460=AXIS2_PLACEMENT_3D('',#5062,#4076,#4077);
#3461=AXIS2_PLACEMENT_3D('',#5064,#4078,#4079);
#3462=AXIS2_PLACEMENT_3D('',#5065,#4080,#4081);
#3463=AXIS2_PLACEMENT_3D('',#5067,#4082,#4083);
#3464=AXIS2_PLACEMENT_3D('',#5068,#4084,#4085);
#3465=AXIS2_PLACEMENT_3D('',#5070,#4086,#4087);
#3466=AXIS2_PLACEMENT_3D('',#5071,#4088,#4089);
#3467=AXIS2_PLACEMENT_3D('',#5073,#4090,#4091);
#3468=AXIS2_PLACEMENT_3D('',#5074,#4092,#4093);
#3469=AXIS2_PLACEMENT_3D('',#5076,#4094,#4095);
#3470=AXIS2_PLACEMENT_3D('',#5077,#4096,#4097);
#3471=AXIS2_PLACEMENT_3D('',#5079,#4098,#4099);
#3472=AXIS2_PLACEMENT_3D('',#5080,#4100,#4101);
#3473=AXIS2_PLACEMENT_3D('',#5081,#4102,#4103);
#3474=AXIS2_PLACEMENT_3D('',#5082,#4104,#4105);
#3475=AXIS2_PLACEMENT_3D('',#5083,#4106,#4107);
#3476=AXIS2_PLACEMENT_3D('',#5084,#4108,#4109);
#3477=AXIS2_PLACEMENT_3D('',#5085,#4110,#4111);
#3478=AXIS2_PLACEMENT_3D('',#5087,#4112,#4113);
#3479=AXIS2_PLACEMENT_3D('',#5089,#4114,#4115);
#3480=AXIS2_PLACEMENT_3D('',#5090,#4116,#4117);
#3481=AXIS2_PLACEMENT_3D('',#5092,#4118,#4119);
#3482=AXIS2_PLACEMENT_3D('',#5094,#4120,#4121);
#3483=AXIS2_PLACEMENT_3D('',#5095,#4122,#4123);
#3484=AXIS2_PLACEMENT_3D('',#5096,#4124,#4125);
#3485=AXIS2_PLACEMENT_3D('',#5098,#4126,#4127);
#3486=AXIS2_PLACEMENT_3D('',#5099,#4128,#4129);
#3487=AXIS2_PLACEMENT_3D('',#5100,#4130,#4131);
#3488=AXIS2_PLACEMENT_3D('',#5101,#4132,#4133);
#3489=AXIS2_PLACEMENT_3D('',#5130,#4138,#4139);
#3490=AXIS2_PLACEMENT_3D('',#5156,#4143,#4144);
#3491=AXIS2_PLACEMENT_3D('',#5182,#4148,#4149);
#3492=AXIS2_PLACEMENT_3D('',#5208,#4153,#4154);
#3493=AXIS2_PLACEMENT_3D('',#5234,#4158,#4159);
#3494=AXIS2_PLACEMENT_3D('',#5257,#4162,#4163);
#3495=AXIS2_PLACEMENT_3D('',#5258,#4164,#4165);
#3496=AXIS2_PLACEMENT_3D('',#5260,#4166,#4167);
#3497=AXIS2_PLACEMENT_3D('',#5261,#4168,#4169);
#3498=AXIS2_PLACEMENT_3D('',#5262,#4170,#4171);
#3499=AXIS2_PLACEMENT_3D('',#5263,#4172,#4173);
#3500=AXIS2_PLACEMENT_3D('',#5264,#4174,#4175);
#3501=AXIS2_PLACEMENT_3D('',#5265,#4176,#4177);
#3502=AXIS2_PLACEMENT_3D('',#5266,#4178,#4179);
#3503=AXIS2_PLACEMENT_3D('',#5267,#4180,#4181);
#3504=AXIS2_PLACEMENT_3D('',#5269,#4182,#4183);
#3505=AXIS2_PLACEMENT_3D('',#5270,#4184,#4185);
#3506=AXIS2_PLACEMENT_3D('',#5271,#4186,#4187);
#3507=AXIS2_PLACEMENT_3D('',#5272,#4188,#4189);
#3508=AXIS2_PLACEMENT_3D('',#5273,#4190,#4191);
#3509=AXIS2_PLACEMENT_3D('',#5274,#4192,#4193);
#3510=AXIS2_PLACEMENT_3D('',#5275,#4194,#4195);
#3511=AXIS2_PLACEMENT_3D('',#5276,#4196,#4197);
#3512=AXIS2_PLACEMENT_3D('',#5277,#4198,#4199);
#3513=AXIS2_PLACEMENT_3D('',#5278,#4200,#4201);
#3514=AXIS2_PLACEMENT_3D('',#5279,#4202,#4203);
#3515=AXIS2_PLACEMENT_3D('',#5280,#4204,#4205);
#3516=AXIS2_PLACEMENT_3D('',#5281,#4206,#4207);
#3517=AXIS2_PLACEMENT_3D('',#5282,#4208,#4209);
#3518=AXIS2_PLACEMENT_3D('',#5283,#4210,#4211);
#3519=AXIS2_PLACEMENT_3D('',#5284,#4212,#4213);
#3520=AXIS2_PLACEMENT_3D('',#5285,#4214,#4215);
#3521=AXIS2_PLACEMENT_3D('',#5286,#4216,#4217);
#3522=AXIS2_PLACEMENT_3D('',#5287,#4218,#4219);
#3523=AXIS2_PLACEMENT_3D('',#5288,#4220,#4221);
#3524=AXIS2_PLACEMENT_3D('',#5290,#4222,#4223);
#3525=AXIS2_PLACEMENT_3D('',#5292,#4224,#4225);
#3526=AXIS2_PLACEMENT_3D('',#5293,#4226,#4227);
#3527=AXIS2_PLACEMENT_3D('',#5294,#4228,#4229);
#3528=AXIS2_PLACEMENT_3D('',#5295,#4230,#4231);
#3529=AXIS2_PLACEMENT_3D('',#5296,#4232,#4233);
#3530=AXIS2_PLACEMENT_3D('',#5297,#4234,#4235);
#3531=AXIS2_PLACEMENT_3D('',#5298,#4236,#4237);
#3532=AXIS2_PLACEMENT_3D('',#5299,#4238,#4239);
#3533=AXIS2_PLACEMENT_3D('',#5301,#4240,#4241);
#3534=AXIS2_PLACEMENT_3D('',#5306,#4243,#4244);
#3535=AXIS2_PLACEMENT_3D('',#5310,#4246,#4247);
#3536=AXIS2_PLACEMENT_3D('',#5314,#4249,#4250);
#3537=AXIS2_PLACEMENT_3D('',#5318,#4252,#4253);
#3538=AXIS2_PLACEMENT_3D('',#5322,#4255,#4256);
#3539=AXIS2_PLACEMENT_3D('',#5325,#4258,#4259);
#3540=AXIS2_PLACEMENT_3D('',#5326,#4260,#4261);
#3541=AXIS2_PLACEMENT_3D('',#5328,#4262,#4263);
#3542=AXIS2_PLACEMENT_3D('',#5329,#4264,#4265);
#3543=AXIS2_PLACEMENT_3D('',#5331,#4266,#4267);
#3544=AXIS2_PLACEMENT_3D('',#5332,#4268,#4269);
#3545=AXIS2_PLACEMENT_3D('',#5358,#4273,#4274);
#3546=AXIS2_PLACEMENT_3D('',#5381,#4277,#4278);
#3547=AXIS2_PLACEMENT_3D('',#5404,#4281,#4282);
#3548=AXIS2_PLACEMENT_3D('',#5427,#4285,#4286);
#3549=AXIS2_PLACEMENT_3D('',#5450,#4289,#4290);
#3550=AXIS2_PLACEMENT_3D('',#5470,#4292,#4293);
#3551=AXIS2_PLACEMENT_3D('',#5471,#4294,#4295);
#3552=AXIS2_PLACEMENT_3D('',#5472,#4296,#4297);
#3553=AXIS2_PLACEMENT_3D('',#5473,#4298,#4299);
#3554=AXIS2_PLACEMENT_3D('',#5474,#4300,#4301);
#3555=AXIS2_PLACEMENT_3D('',#5475,#4302,#4303);
#3556=AXIS2_PLACEMENT_3D('',#5476,#4304,#4305);
#3557=AXIS2_PLACEMENT_3D('',#5477,#4306,#4307);
#3558=AXIS2_PLACEMENT_3D('',#5478,#4308,#4309);
#3559=AXIS2_PLACEMENT_3D('',#5479,#4310,#4311);
#3560=AXIS2_PLACEMENT_3D('',#5480,#4312,#4313);
#3561=AXIS2_PLACEMENT_3D('',#5481,#4314,#4315);
#3562=AXIS2_PLACEMENT_3D('',#5482,#4316,#4317);
#3563=AXIS2_PLACEMENT_3D('',#5483,#4318,#4319);
#3564=AXIS2_PLACEMENT_3D('',#5484,#4320,#4321);
#3565=AXIS2_PLACEMENT_3D('',#5485,#4322,#4323);
#3566=AXIS2_PLACEMENT_3D('',#5486,#4324,#4325);
#3567=AXIS2_PLACEMENT_3D('',#5487,#4326,#4327);
#3568=AXIS2_PLACEMENT_3D('',#5488,#4328,#4329);
#3569=AXIS2_PLACEMENT_3D('',#5489,#4330,#4331);
#3570=AXIS2_PLACEMENT_3D('',#5490,#4332,#4333);
#3571=AXIS2_PLACEMENT_3D('',#5491,#4334,#4335);
#3572=AXIS2_PLACEMENT_3D('',#5492,#4336,#4337);
#3573=AXIS2_PLACEMENT_3D('',#5493,#4338,#4339);
#3574=AXIS2_PLACEMENT_3D('',#5494,#4340,#4341);
#3575=AXIS2_PLACEMENT_3D('',#5495,#4342,#4343);
#3576=AXIS2_PLACEMENT_3D('',#5496,#4344,#4345);
#3577=AXIS2_PLACEMENT_3D('',#5497,#4346,#4347);
#3578=DIRECTION('',(0.,0.,1.));
#3579=DIRECTION('',(1.,0.,0.));
#3580=DIRECTION('',(-1.,0.,0.));
#3581=DIRECTION('',(0.,0.,1.));
#3582=DIRECTION('',(0.,0.,1.));
#3583=DIRECTION('',(0.,1.,0.));
#3584=DIRECTION('',(0.,0.,1.));
#3585=DIRECTION('',(0.,1.,0.));
#3586=DIRECTION('',(0.,0.,-1.));
#3587=DIRECTION('',(-1.,0.,0.));
#3588=DIRECTION('',(-1.,0.,0.));
#3589=DIRECTION('',(0.,1.,0.));
#3590=DIRECTION('',(-1.,0.,0.));
#3591=DIRECTION('',(1.,0.,0.));
#3592=DIRECTION('',(0.,0.,-1.));
#3593=DIRECTION('',(0.,0.,-1.));
#3594=DIRECTION('',(0.,1.,0.));
#3595=DIRECTION('',(0.,0.,-1.));
#3596=DIRECTION('',(0.,0.,1.));
#3597=DIRECTION('',(1.,0.,0.));
#3598=DIRECTION('',(1.,0.,0.));
#3599=DIRECTION('',(1.,0.,0.));
#3600=DIRECTION('',(0.,-1.,0.));
#3601=DIRECTION('',(0.,0.,-1.));
#3602=DIRECTION('',(0.,-1.,0.));
#3603=DIRECTION('',(1.,0.,0.));
#3604=DIRECTION('',(0.,-1.,0.));
#3605=DIRECTION('',(1.,0.,0.));
#3606=DIRECTION('',(0.,-1.,0.));
#3607=DIRECTION('',(1.,0.,0.));
#3608=DIRECTION('',(0.,-1.,0.));
#3609=DIRECTION('',(1.,0.,0.));
#3610=DIRECTION('',(0.,-1.,0.));
#3611=DIRECTION('',(0.,0.,-1.));
#3612=DIRECTION('',(0.,-1.,0.));
#3613=DIRECTION('',(0.,0.,-1.));
#3614=DIRECTION('',(0.,-1.,0.));
#3615=DIRECTION('',(0.,0.,-1.));
#3616=DIRECTION('',(0.,-1.,0.));
#3617=DIRECTION('',(0.,0.,-1.));
#3618=DIRECTION('',(0.,-1.,0.));
#3619=DIRECTION('',(0.,0.,-1.));
#3620=DIRECTION('',(0.,-1.,0.));
#3621=DIRECTION('',(0.,0.,-1.));
#3622=DIRECTION('',(0.,-1.,0.));
#3623=DIRECTION('',(0.,0.,-1.));
#3624=DIRECTION('',(0.,-1.,0.));
#3625=DIRECTION('',(0.,0.,-1.));
#3626=DIRECTION('',(0.,-1.,0.));
#3627=DIRECTION('',(0.,0.,-1.));
#3628=DIRECTION('',(0.,0.,1.));
#3629=DIRECTION('',(1.,0.,0.));
#3630=DIRECTION('',(0.,0.,-1.));
#3631=DIRECTION('',(-1.,0.,0.));
#3632=DIRECTION('',(0.,0.,-1.));
#3633=DIRECTION('',(1.,0.,0.));
#3634=DIRECTION('',(0.,0.,-1.));
#3635=DIRECTION('',(1.,0.,0.));
#3636=DIRECTION('',(0.,0.,-1.));
#3637=DIRECTION('',(-1.,0.,0.));
#3638=DIRECTION('',(0.,0.,-1.));
#3639=DIRECTION('',(1.,0.,0.));
#3640=DIRECTION('',(0.,0.,-1.));
#3641=DIRECTION('',(1.,0.,0.));
#3642=DIRECTION('',(0.,0.,-1.));
#3643=DIRECTION('',(-1.,0.,0.));
#3644=DIRECTION('',(0.,0.,-1.));
#3645=DIRECTION('',(-1.,0.,0.));
#3646=DIRECTION('',(-1.52655665885959E-16,-2.77555756156289E-16,1.));
#3647=DIRECTION('',(1.,-1.38777878078144E-16,1.52655665885959E-16));
#3648=DIRECTION('',(0.,0.,1.));
#3649=DIRECTION('',(1.,0.,0.));
#3650=DIRECTION('',(0.,0.,1.));
#3651=DIRECTION('',(1.,0.,0.));
#3652=DIRECTION('',(0.,0.,-1.));
#3653=DIRECTION('',(-1.,0.,0.));
#3654=DIRECTION('',(0.,0.,-1.));
#3655=DIRECTION('',(-1.,0.,0.));
#3656=DIRECTION('',(0.,0.,-1.));
#3657=DIRECTION('',(-1.,0.,0.));
#3658=DIRECTION('',(0.,0.,-1.));
#3659=DIRECTION('',(-1.,0.,0.));
#3660=DIRECTION('',(0.,0.,-1.));
#3661=DIRECTION('',(-1.,0.,0.));
#3662=DIRECTION('',(0.,0.,-1.));
#3663=DIRECTION('',(-1.,0.,0.));
#3664=DIRECTION('',(0.,0.,-1.));
#3665=DIRECTION('',(-1.,0.,0.));
#3666=DIRECTION('',(0.,0.,-1.));
#3667=DIRECTION('',(-1.,0.,0.));
#3668=DIRECTION('',(0.,0.,-1.));
#3669=DIRECTION('',(-1.,0.,0.));
#3670=DIRECTION('',(0.,0.,-1.));
#3671=DIRECTION('',(-1.,0.,0.));
#3672=DIRECTION('',(0.,0.,-1.));
#3673=DIRECTION('',(-1.,0.,0.));
#3674=DIRECTION('',(-3.13816529772763E-16,-3.11471526586817E-16,1.));
#3675=DIRECTION('',(1.,1.66533453693773E-16,3.13816529772763E-16));
#3676=DIRECTION('',(3.44861252343389E-16,2.07300520908254E-15,-1.));
#3677=DIRECTION('',(-1.,8.32667268468865E-17,-3.44861252343389E-16));
#3678=DIRECTION('',(-1.,0.,0.));
#3679=DIRECTION('',(0.,0.,1.));
#3680=DIRECTION('',(0.,0.,1.));
#3681=DIRECTION('',(0.,1.,0.));
#3682=DIRECTION('',(0.,0.,1.));
#3683=DIRECTION('',(0.,1.,0.));
#3684=DIRECTION('',(0.,0.,-1.));
#3685=DIRECTION('',(-1.,0.,0.));
#3686=DIRECTION('',(-1.,0.,0.));
#3687=DIRECTION('',(0.,1.,0.));
#3688=DIRECTION('',(-1.,0.,0.));
#3689=DIRECTION('',(1.,0.,-1.38777878078145E-16));
#3690=DIRECTION('',(-1.38777878078145E-16,0.,-1.));
#3691=DIRECTION('',(-1.38777878078145E-16,0.,-1.));
#3692=DIRECTION('',(0.,1.,0.));
#3693=DIRECTION('',(-1.38777878078145E-16,0.,-1.));
#3694=DIRECTION('',(0.,0.,1.));
#3695=DIRECTION('',(1.,0.,0.));
#3696=DIRECTION('',(1.,0.,0.));
#3697=DIRECTION('',(1.,0.,0.));
#3698=DIRECTION('',(0.,-1.,0.));
#3699=DIRECTION('',(0.,0.,-1.));
#3700=DIRECTION('',(0.,-1.,0.));
#3701=DIRECTION('',(1.,0.,0.));
#3702=DIRECTION('',(0.,-1.,0.));
#3703=DIRECTION('',(1.,0.,0.));
#3704=DIRECTION('',(0.,-1.,0.));
#3705=DIRECTION('',(1.,0.,0.));
#3706=DIRECTION('',(0.,-1.,0.));
#3707=DIRECTION('',(1.,0.,0.));
#3708=DIRECTION('',(0.,-1.,0.));
#3709=DIRECTION('',(0.,0.,-1.));
#3710=DIRECTION('',(0.,-1.,0.));
#3711=DIRECTION('',(0.,0.,-1.));
#3712=DIRECTION('',(0.,-1.,0.));
#3713=DIRECTION('',(0.,0.,-1.));
#3714=DIRECTION('',(0.,-1.,0.));
#3715=DIRECTION('',(0.,0.,-1.));
#3716=DIRECTION('',(0.,-1.,0.));
#3717=DIRECTION('',(0.,0.,-1.));
#3718=DIRECTION('',(0.,-1.,0.));
#3719=DIRECTION('',(0.,0.,-1.));
#3720=DIRECTION('',(0.,-1.,0.));
#3721=DIRECTION('',(0.,0.,-1.));
#3722=DIRECTION('',(0.,-1.,0.));
#3723=DIRECTION('',(0.,0.,-1.));
#3724=DIRECTION('',(0.,-1.,0.));
#3725=DIRECTION('',(0.,0.,-1.));
#3726=DIRECTION('',(0.,0.,1.));
#3727=DIRECTION('',(1.,0.,0.));
#3728=DIRECTION('',(0.,0.,-1.));
#3729=DIRECTION('',(-1.,0.,0.));
#3730=DIRECTION('',(0.,0.,1.));
#3731=DIRECTION('',(1.,0.,0.));
#3732=DIRECTION('',(0.,0.,-1.));
#3733=DIRECTION('',(-1.,0.,0.));
#3734=DIRECTION('',(0.,0.,-1.));
#3735=DIRECTION('',(-1.,0.,0.));
#3736=DIRECTION('',(0.,0.,-1.));
#3737=DIRECTION('',(1.,0.,0.));
#3738=DIRECTION('',(0.,0.,-1.));
#3739=DIRECTION('',(1.,0.,0.));
#3740=DIRECTION('',(0.,0.,-1.));
#3741=DIRECTION('',(-1.,0.,0.));
#3742=DIRECTION('',(0.,0.,-1.));
#3743=DIRECTION('',(0.,-1.,0.));
#3744=DIRECTION('',(0.,0.,-1.));
#3745=DIRECTION('',(-1.,0.,0.));
#3746=DIRECTION('',(0.,0.,1.));
#3747=DIRECTION('',(0.,1.,0.));
#3748=DIRECTION('',(0.,0.,-1.));
#3749=DIRECTION('',(-1.,0.,0.));
#3750=DIRECTION('',(0.,0.,1.));
#3751=DIRECTION('',(0.,-1.,0.));
#3752=DIRECTION('',(0.,0.,-1.));
#3753=DIRECTION('',(0.,-1.,0.));
#3754=DIRECTION('',(0.,0.,1.));
#3755=DIRECTION('',(1.,0.,0.));
#3756=DIRECTION('',(0.,0.,-1.));
#3757=DIRECTION('',(0.,1.,0.));
#3758=DIRECTION('',(0.,0.,1.));
#3759=DIRECTION('',(0.,1.,0.));
#3760=DIRECTION('',(-3.46944695195362E-17,-1.44444745829043E-33,1.));
#3761=DIRECTION('',(1.,-1.38777878078145E-16,3.46944695195362E-17));
#3762=DIRECTION('',(0.,0.540640817455597,0.841253532831181));
#3763=DIRECTION('',(1.,0.,0.));
#3764=DIRECTION('',(0.,0.909631995354519,0.415415013001886));
#3765=DIRECTION('',(1.,0.,0.));
#3766=DIRECTION('',(0.,0.989821441880933,-0.142314838273285));
#3767=DIRECTION('',(1.,0.,0.));
#3768=DIRECTION('',(0.,0.755749574354258,-0.654860733945285));
#3769=DIRECTION('',(1.,0.,0.));
#3770=DIRECTION('',(0.,0.281732556841429,-0.959492973614498));
#3771=DIRECTION('',(1.,0.,0.));
#3772=DIRECTION('',(0.,-0.28173255684143,-0.959492973614497));
#3773=DIRECTION('',(1.,0.,0.));
#3774=DIRECTION('',(0.,-0.755749574354258,-0.654860733945285));
#3775=DIRECTION('',(1.,0.,0.));
#3776=DIRECTION('',(0.,-0.989821441880933,-0.142314838273285));
#3777=DIRECTION('',(1.,0.,0.));
#3778=DIRECTION('',(0.,-0.909631995354519,0.415415013001886));
#3779=DIRECTION('',(1.,0.,0.));
#3780=DIRECTION('',(0.,-0.540640817455597,0.841253532831181));
#3781=DIRECTION('',(1.,0.,0.));
#3782=DIRECTION('',(0.,0.,1.));
#3783=DIRECTION('',(1.,0.,0.));
#3784=DIRECTION('',(1.,0.,6.12303176911189E-17));
#3785=DIRECTION('',(6.12303176911189E-17,0.,-1.));
#3786=DIRECTION('',(1.,0.,6.12303176911189E-17));
#3787=DIRECTION('',(6.12303176911189E-17,0.,-1.));
#3788=DIRECTION('',(1.,0.,6.12303176911189E-17));
#3789=DIRECTION('',(6.12303176911189E-17,0.,-1.));
#3790=DIRECTION('',(1.,0.,6.12303176911189E-17));
#3791=DIRECTION('',(6.12303176911189E-17,0.,-1.));
#3792=DIRECTION('',(1.,0.,6.12303176911189E-17));
#3793=DIRECTION('',(6.12303176911189E-17,0.,-1.));
#3794=DIRECTION('',(1.,0.,6.12303176911189E-17));
#3795=DIRECTION('',(6.12303176911189E-17,0.,-1.));
#3796=DIRECTION('',(1.,0.,6.12303176911189E-17));
#3797=DIRECTION('',(6.12303176911189E-17,0.,-1.));
#3798=DIRECTION('',(1.,0.,6.12303176911189E-17));
#3799=DIRECTION('',(6.12303176911189E-17,0.,-1.));
#3800=DIRECTION('',(1.,0.,6.12303176911189E-17));
#3801=DIRECTION('',(6.12303176911189E-17,0.,-1.));
#3802=DIRECTION('',(1.,0.,6.12303176911189E-17));
#3803=DIRECTION('',(6.12303176911189E-17,0.,-1.));
#3804=DIRECTION('',(1.,0.,6.12303176911189E-17));
#3805=DIRECTION('',(6.12303176911189E-17,0.,-1.));
#3806=DIRECTION('',(-1.,6.12303176911189E-17,0.));
#3807=DIRECTION('',(0.,0.,1.));
#3808=DIRECTION('',(1.,0.,0.));
#3809=DIRECTION('',(0.,1.,0.));
#3810=DIRECTION('',(1.,0.,0.));
#3811=DIRECTION('',(0.,1.,0.));
#3812=DIRECTION('',(1.,0.,0.));
#3813=DIRECTION('',(0.,1.,0.));
#3814=DIRECTION('',(1.,0.,0.));
#3815=DIRECTION('',(0.,1.,0.));
#3816=DIRECTION('',(1.,0.,0.));
#3817=DIRECTION('',(0.,1.,0.));
#3818=DIRECTION('',(1.,0.,0.));
#3819=DIRECTION('',(0.,0.,-1.));
#3820=DIRECTION('',(1.,0.,0.));
#3821=DIRECTION('',(0.,1.,0.));
#3822=DIRECTION('',(-1.,0.,0.));
#3823=DIRECTION('',(0.,1.,0.));
#3824=DIRECTION('',(1.,0.,0.));
#3825=DIRECTION('',(0.,1.,0.));
#3826=DIRECTION('',(1.,0.,0.));
#3827=DIRECTION('',(0.,0.,-1.));
#3828=DIRECTION('',(-1.,0.,0.));
#3829=DIRECTION('',(0.,1.,0.));
#3830=DIRECTION('',(1.,0.,0.));
#3831=DIRECTION('',(0.,1.,0.));
#3832=DIRECTION('',(-1.,0.,0.));
#3833=DIRECTION('',(0.,1.,0.));
#3834=DIRECTION('',(1.,0.,0.));
#3835=DIRECTION('',(0.,1.,0.));
#3836=DIRECTION('',(1.,0.,0.));
#3837=DIRECTION('',(0.,0.,-1.));
#3838=DIRECTION('',(1.,0.,0.));
#3839=DIRECTION('',(0.,1.,0.));
#3840=DIRECTION('',(1.,0.,0.));
#3841=DIRECTION('',(0.,1.,0.));
#3842=DIRECTION('',(1.,0.,0.));
#3843=DIRECTION('',(0.,1.,0.));
#3844=DIRECTION('',(-1.,6.12303176911189E-17,0.));
#3845=DIRECTION('',(0.,0.,1.));
#3846=DIRECTION('',(1.,0.,0.));
#3847=DIRECTION('',(0.,1.,0.));
#3848=DIRECTION('',(1.,0.,0.));
#3849=DIRECTION('',(0.,1.,0.));
#3850=DIRECTION('',(1.,0.,0.));
#3851=DIRECTION('',(0.,1.,0.));
#3852=DIRECTION('',(1.,0.,0.));
#3853=DIRECTION('',(0.,1.,0.));
#3854=DIRECTION('',(1.,0.,0.));
#3855=DIRECTION('',(0.,1.,0.));
#3856=DIRECTION('',(-1.,0.,0.));
#3857=DIRECTION('',(0.,1.,0.));
#3858=DIRECTION('',(1.,0.,0.));
#3859=DIRECTION('',(0.,1.,0.));
#3860=DIRECTION('',(-1.,0.,0.));
#3861=DIRECTION('',(0.,1.,0.));
#3862=DIRECTION('',(1.,0.,0.));
#3863=DIRECTION('',(0.,1.,0.));
#3864=DIRECTION('',(1.,0.,0.));
#3865=DIRECTION('',(0.,1.,0.));
#3866=DIRECTION('',(-1.,0.,0.));
#3867=DIRECTION('',(0.,1.,0.));
#3868=DIRECTION('',(1.,0.,0.));
#3869=DIRECTION('',(0.,1.,0.));
#3870=DIRECTION('',(-1.,0.,0.));
#3871=DIRECTION('',(0.,1.,0.));
#3872=DIRECTION('',(1.,0.,0.));
#3873=DIRECTION('',(0.,1.,0.));
#3874=DIRECTION('',(1.,0.,0.));
#3875=DIRECTION('',(0.,0.,-1.));
#3876=DIRECTION('',(1.,0.,0.));
#3877=DIRECTION('',(0.,1.,0.));
#3878=DIRECTION('',(-1.,0.,0.));
#3879=DIRECTION('',(0.,1.,0.));
#3880=DIRECTION('',(1.,0.,0.));
#3881=DIRECTION('',(0.,1.,0.));
#3882=DIRECTION('',(1.,0.,0.));
#3883=DIRECTION('',(0.,0.,-1.));
#3884=DIRECTION('',(-1.,0.,0.));
#3885=DIRECTION('',(0.,1.,0.));
#3886=DIRECTION('',(1.,0.,0.));
#3887=DIRECTION('',(0.,1.,0.));
#3888=DIRECTION('',(1.,0.,0.));
#3889=DIRECTION('',(0.,0.,-1.));
#3890=DIRECTION('',(1.,0.,0.));
#3891=DIRECTION('',(0.,0.,-1.));
#3892=DIRECTION('',(1.,0.,0.));
#3893=DIRECTION('',(0.,0.,-1.));
#3894=DIRECTION('',(-9.71445146547012E-17,-1.,1.26074789715641E-16));
#3895=DIRECTION('',(-1.52188111199089E-16,1.26074789715641E-16,1.));
#3896=DIRECTION('',(6.93889390390723E-17,-1.,2.56807068971695E-17));
#3897=DIRECTION('',(6.36713050874545E-17,-2.56807068971695E-17,-1.));
#3898=DIRECTION('',(2.08166774897665E-17,2.08166817117208E-17,-1.));
#3899=DIRECTION('',(-1.,2.33486908311694E-16,-2.08166774897665E-17));
#3900=DIRECTION('',(-0.540640817455597,0.,0.841253532831181));
#3901=DIRECTION('',(0.841253532831181,0.,0.540640817455597));
#3902=DIRECTION('',(-0.909631995354519,0.,0.415415013001886));
#3903=DIRECTION('',(0.415415013001886,0.,0.909631995354519));
#3904=DIRECTION('',(-0.989821441880933,0.,-0.142314838273285));
#3905=DIRECTION('',(-0.142314838273285,0.,0.989821441880933));
#3906=DIRECTION('',(-0.755749574354258,0.,-0.654860733945285));
#3907=DIRECTION('',(-0.654860733945285,0.,0.755749574354258));
#3908=DIRECTION('',(-0.281732556841429,0.,-0.959492973614498));
#3909=DIRECTION('',(-0.959492973614498,0.,0.281732556841429));
#3910=DIRECTION('',(0.28173255684143,0.,-0.959492973614497));
#3911=DIRECTION('',(-0.959492973614497,0.,-0.28173255684143));
#3912=DIRECTION('',(0.755749574354258,0.,-0.654860733945285));
#3913=DIRECTION('',(-0.654860733945285,0.,-0.755749574354258));
#3914=DIRECTION('',(0.989821441880933,0.,-0.142314838273285));
#3915=DIRECTION('',(-0.142314838273285,0.,-0.989821441880933));
#3916=DIRECTION('',(0.909631995354519,0.,0.415415013001886));
#3917=DIRECTION('',(0.415415013001886,0.,-0.909631995354519));
#3918=DIRECTION('',(0.540640817455597,0.,0.841253532831181));
#3919=DIRECTION('',(0.841253532831181,0.,-0.540640817455597));
#3920=DIRECTION('',(0.,0.,1.));
#3921=DIRECTION('',(1.,0.,0.));
#3922=DIRECTION('',(0.,1.,6.12303176911189E-17));
#3923=DIRECTION('',(1.,0.,0.));
#3924=DIRECTION('',(0.,1.,6.12303176911189E-17));
#3925=DIRECTION('',(1.,0.,0.));
#3926=DIRECTION('',(0.,1.,6.12303176911189E-17));
#3927=DIRECTION('',(1.,0.,0.));
#3928=DIRECTION('',(0.,1.,6.12303176911189E-17));
#3929=DIRECTION('',(1.,0.,0.));
#3930=DIRECTION('',(0.,1.,6.12303176911189E-17));
#3931=DIRECTION('',(1.,0.,0.));
#3932=DIRECTION('',(0.,1.,6.12303176911189E-17));
#3933=DIRECTION('',(1.,0.,0.));
#3934=DIRECTION('',(0.,1.,6.12303176911189E-17));
#3935=DIRECTION('',(1.,0.,0.));
#3936=DIRECTION('',(0.,1.,6.12303176911189E-17));
#3937=DIRECTION('',(1.,0.,0.));
#3938=DIRECTION('',(0.,1.,6.12303176911189E-17));
#3939=DIRECTION('',(1.,0.,0.));
#3940=DIRECTION('',(0.,1.,6.12303176911189E-17));
#3941=DIRECTION('',(1.,0.,0.));
#3942=DIRECTION('',(0.,1.,6.12303176911189E-17));
#3943=DIRECTION('',(1.,0.,0.));
#3944=DIRECTION('',(0.,1.,-1.22460635382238E-16));
#3945=DIRECTION('',(-1.,0.,0.));
#3946=DIRECTION('',(0.,-1.,1.22460635382238E-16));
#3947=DIRECTION('',(1.,0.,0.));
#3948=DIRECTION('',(0.,-1.,1.22460635382238E-16));
#3949=DIRECTION('',(1.,0.,0.));
#3950=DIRECTION('',(6.67803323082801E-16,-1.,1.22460635382238E-16));
#3951=DIRECTION('',(1.,6.67803323082801E-16,-8.17796192550895E-32));
#3952=DIRECTION('',(0.,-1.,1.22460635382238E-16));
#3953=DIRECTION('',(1.,0.,0.));
#3954=DIRECTION('',(0.,-1.,1.22460635382238E-16));
#3955=DIRECTION('',(1.,0.,0.));
#3956=DIRECTION('',(-6.67803323082801E-16,-1.,1.22460635382238E-16));
#3957=DIRECTION('',(1.,-6.67803323082801E-16,8.17796192550895E-32));
#3958=DIRECTION('',(0.,-1.,1.22460635382238E-16));
#3959=DIRECTION('',(1.,0.,0.));
#3960=DIRECTION('',(0.,-1.,1.22460635382238E-16));
#3961=DIRECTION('',(1.,0.,0.));
#3962=DIRECTION('',(0.,-1.,1.22460635382238E-16));
#3963=DIRECTION('',(0.,-1.22460635382238E-16,-1.));
#3964=DIRECTION('',(0.,-1.,1.22460635382238E-16));
#3965=DIRECTION('',(1.,0.,0.));
#3966=DIRECTION('',(0.,-1.,1.22460635382238E-16));
#3967=DIRECTION('',(1.,0.,0.));
#3968=DIRECTION('',(0.,-1.,1.22460635382238E-16));
#3969=DIRECTION('',(1.,0.,0.));
#3970=DIRECTION('',(0.,1.,-1.22460635382238E-16));
#3971=DIRECTION('',(1.,0.,0.));
#3972=DIRECTION('',(0.,-1.,1.22460635382238E-16));
#3973=DIRECTION('',(0.,-1.22460635382238E-16,-1.));
#3974=DIRECTION('',(0.,-1.,1.22460635382238E-16));
#3975=DIRECTION('',(1.,0.,0.));
#3976=DIRECTION('',(0.,-1.,1.22460635382238E-16));
#3977=DIRECTION('',(1.,0.,0.));
#3978=DIRECTION('',(0.,-1.,1.22460635382238E-16));
#3979=DIRECTION('',(1.,0.,0.));
#3980=DIRECTION('',(0.,-1.,1.22460635382238E-16));
#3981=DIRECTION('',(1.,0.,0.));
#3982=DIRECTION('',(0.,-1.,1.22460635382238E-16));
#3983=DIRECTION('',(0.,-1.22460635382238E-16,-1.));
#3984=DIRECTION('',(0.,-1.,0.));
#3985=DIRECTION('',(-1.,0.,0.));
#3986=DIRECTION('',(0.,1.,0.));
#3987=DIRECTION('',(1.,0.,0.));
#3988=DIRECTION('',(0.,1.,0.));
#3989=DIRECTION('',(1.,0.,0.));
#3990=DIRECTION('',(8.92641627839319E-16,1.,0.));
#3991=DIRECTION('',(1.,-8.92641627839319E-16,0.));
#3992=DIRECTION('',(0.,1.,0.));
#3993=DIRECTION('',(1.,0.,0.));
#3994=DIRECTION('',(0.,1.,0.));
#3995=DIRECTION('',(1.,0.,0.));
#3996=DIRECTION('',(-4.45202215388534E-16,1.,0.));
#3997=DIRECTION('',(1.,4.45202215388534E-16,0.));
#3998=DIRECTION('',(0.,1.,0.));
#3999=DIRECTION('',(1.,0.,0.));
#4000=DIRECTION('',(0.,1.,0.));
#4001=DIRECTION('',(1.,0.,0.));
#4002=DIRECTION('',(0.,1.,0.));
#4003=DIRECTION('',(0.,0.,1.));
#4004=DIRECTION('',(0.,1.,0.));
#4005=DIRECTION('',(1.,0.,0.));
#4006=DIRECTION('',(0.,1.,0.));
#4007=DIRECTION('',(1.,0.,0.));
#4008=DIRECTION('',(0.,1.,0.));
#4009=DIRECTION('',(1.,0.,0.));
#4010=DIRECTION('',(0.,-1.,0.));
#4011=DIRECTION('',(1.,0.,0.));
#4012=DIRECTION('',(0.,1.,0.));
#4013=DIRECTION('',(0.,0.,1.));
#4014=DIRECTION('',(0.,1.,0.));
#4015=DIRECTION('',(1.,0.,0.));
#4016=DIRECTION('',(0.,1.,0.));
#4017=DIRECTION('',(1.,0.,0.));
#4018=DIRECTION('',(0.,1.,0.));
#4019=DIRECTION('',(1.,0.,0.));
#4020=DIRECTION('',(0.,1.,0.));
#4021=DIRECTION('',(1.,0.,0.));
#4022=DIRECTION('',(0.,1.,0.));
#4023=DIRECTION('',(0.,0.,1.));
#4024=DIRECTION('',(2.77555756156294E-17,-1.,-1.57468836448741E-15));
#4025=DIRECTION('',(1.,2.77555756156283E-17,6.64606419941524E-16));
#4026=DIRECTION('',(-3.05952217635334E-16,-7.32773874368541E-16,1.));
#4027=DIRECTION('',(-1.,8.32667268468868E-17,-3.05952217635334E-16));
#4028=DIRECTION('',(-3.30428653932969E-31,1.44510860682937E-31,1.));
#4029=DIRECTION('',(1.,-1.11022302462516E-16,3.30428653932969E-31));
#4030=DIRECTION('',(0.,0.,-1.));
#4031=DIRECTION('',(-1.,0.,0.));
#4032=DIRECTION('',(0.,0.,-1.));
#4033=DIRECTION('',(-1.,0.,0.));
#4034=DIRECTION('',(0.,0.,-1.));
#4035=DIRECTION('',(-1.,0.,0.));
#4036=DIRECTION('',(0.,0.,-1.));
#4037=DIRECTION('',(-1.,0.,0.));
#4038=DIRECTION('',(0.,0.,-1.));
#4039=DIRECTION('',(-1.,0.,0.));
#4040=DIRECTION('',(0.,0.,-1.));
#4041=DIRECTION('',(1.,0.,0.));
#4042=DIRECTION('',(0.,0.,-1.));
#4043=DIRECTION('',(-1.,0.,0.));
#4044=DIRECTION('',(0.,0.,-1.));
#4045=DIRECTION('',(-1.,0.,0.));
#4046=DIRECTION('',(0.,0.,-1.));
#4047=DIRECTION('',(-1.,0.,0.));
#4048=DIRECTION('',(0.,0.,-1.));
#4049=DIRECTION('',(-1.,0.,0.));
#4050=DIRECTION('',(0.,0.,-1.));
#4051=DIRECTION('',(-1.,0.,0.));
#4052=DIRECTION('',(0.,0.,-1.));
#4053=DIRECTION('',(-1.,0.,0.));
#4054=DIRECTION('',(0.,0.,1.));
#4055=DIRECTION('',(1.,0.,0.));
#4056=DIRECTION('',(0.,0.,-1.));
#4057=DIRECTION('',(-1.,0.,0.));
#4058=DIRECTION('',(3.69778549322349E-32,-1.,2.22044604925031E-16));
#4059=DIRECTION('',(1.,0.,-1.66533453693773E-16));
#4060=DIRECTION('',(-2.77555756156289E-17,-1.,1.80411241501588E-16));
#4061=DIRECTION('',(1.,-2.77555756156289E-17,-5.55111512312578E-17));
#4062=DIRECTION('',(-2.77555756156289E-17,-1.,1.80411241501588E-16));
#4063=DIRECTION('',(1.,-2.77555756156289E-17,-5.55111512312578E-17));
#4064=DIRECTION('',(-2.77555756156289E-17,-1.,1.80411241501588E-16));
#4065=DIRECTION('',(1.,-2.77555756156289E-17,-5.55111512312578E-17));
#4066=DIRECTION('',(-2.77555756156289E-17,-1.,1.80411241501588E-16));
#4067=DIRECTION('',(1.,-2.77555756156289E-17,-5.55111512312578E-17));
#4068=DIRECTION('',(0.,0.,-1.));
#4069=DIRECTION('',(-1.,0.,0.));
#4070=DIRECTION('',(0.,0.,-1.));
#4071=DIRECTION('',(-1.,0.,0.));
#4072=DIRECTION('',(0.,0.,-1.));
#4073=DIRECTION('',(-1.,0.,0.));
#4074=DIRECTION('',(0.,0.,-1.));
#4075=DIRECTION('',(-1.,0.,0.));
#4076=DIRECTION('',(0.,0.,-1.));
#4077=DIRECTION('',(-1.,0.,0.));
#4078=DIRECTION('',(0.,0.,-1.));
#4079=DIRECTION('',(-1.,0.,0.));
#4080=DIRECTION('',(0.,0.,-1.));
#4081=DIRECTION('',(-1.,0.,0.));
#4082=DIRECTION('',(0.,0.,-1.));
#4083=DIRECTION('',(-1.,0.,0.));
#4084=DIRECTION('',(0.,0.,-1.));
#4085=DIRECTION('',(-1.,0.,0.));
#4086=DIRECTION('',(0.,0.,1.));
#4087=DIRECTION('',(1.,0.,0.));
#4088=DIRECTION('',(0.,0.,-1.));
#4089=DIRECTION('',(-1.,0.,0.));
#4090=DIRECTION('',(0.,0.,-1.));
#4091=DIRECTION('',(-1.,0.,0.));
#4092=DIRECTION('',(0.,0.,1.));
#4093=DIRECTION('',(1.,0.,0.));
#4094=DIRECTION('',(0.,0.,1.));
#4095=DIRECTION('',(1.,0.,0.));
#4096=DIRECTION('',(0.,0.,1.));
#4097=DIRECTION('',(1.,0.,0.));
#4098=DIRECTION('',(0.,0.,1.));
#4099=DIRECTION('',(1.,0.,0.));
#4100=DIRECTION('',(0.,0.,-1.));
#4101=DIRECTION('',(-1.,0.,0.));
#4102=DIRECTION('',(4.20847504863747E-18,-2.48598892166232E-17,1.));
#4103=DIRECTION('',(1.,8.88178419700125E-16,-4.20847504863744E-18));
#4104=DIRECTION('',(-2.77555756156289E-17,-1.,1.80411241501588E-16));
#4105=DIRECTION('',(1.,-2.77555756156289E-17,-5.55111512312578E-17));
#4106=DIRECTION('',(-2.77555756156289E-17,-1.,1.80411241501588E-16));
#4107=DIRECTION('',(1.,-2.77555756156289E-17,-5.55111512312578E-17));
#4108=DIRECTION('',(0.,0.,1.));
#4109=DIRECTION('',(1.,0.,0.));
#4110=DIRECTION('',(0.,0.,-1.));
#4111=DIRECTION('',(1.,0.,0.));
#4112=DIRECTION('',(0.,0.,-1.));
#4113=DIRECTION('',(1.,0.,0.));
#4114=DIRECTION('',(0.,0.,1.));
#4115=DIRECTION('',(1.,0.,0.));
#4116=DIRECTION('',(0.,0.,-1.));
#4117=DIRECTION('',(-1.,0.,0.));
#4118=DIRECTION('',(0.,0.,-1.));
#4119=DIRECTION('',(1.,0.,0.));
#4120=DIRECTION('',(0.,0.,-1.));
#4121=DIRECTION('',(-1.,0.,0.));
#4122=DIRECTION('',(0.,0.,-1.));
#4123=DIRECTION('',(-1.,0.,0.));
#4124=DIRECTION('',(0.,0.,-1.));
#4125=DIRECTION('',(-1.,0.,0.));
#4126=DIRECTION('',(0.,0.,-1.));
#4127=DIRECTION('',(-1.,0.,0.));
#4128=DIRECTION('',(-6.61674561559503E-17,-3.36344350315916E-16,1.));
#4129=DIRECTION('',(1.,6.66133814775094E-16,6.61674561559506E-17));
#4130=DIRECTION('',(2.21811673004084E-17,3.15939318876487E-16,-1.));
#4131=DIRECTION('',(-1.,-3.33066907387547E-16,-2.21811673004085E-17));
#4132=DIRECTION('',(-1.75270036519335E-15,-1.,0.));
#4133=DIRECTION('',(1.,-1.75270036519335E-15,0.));
#4134=DIRECTION('',(0.,0.,-1.));
#4135=DIRECTION('',(-1.,1.75270036519335E-15,0.));
#4136=DIRECTION('',(0.,0.,-1.));
#4137=DIRECTION('',(-1.,1.75270036519335E-15,0.));
#4138=DIRECTION('',(0.866025403784439,-0.5,0.));
#4139=DIRECTION('',(0.5,0.866025403784439,0.));
#4140=DIRECTION('',(0.,0.,-1.));
#4141=DIRECTION('',(-0.5,-0.866025403784439,0.));
#4142=DIRECTION('',(-0.5,-0.866025403784439,0.));
#4143=DIRECTION('',(0.866025403784438,0.5,0.));
#4144=DIRECTION('',(-0.5,0.866025403784438,0.));
#4145=DIRECTION('',(0.,0.,-1.));
#4146=DIRECTION('',(0.5,-0.866025403784438,0.));
#4147=DIRECTION('',(0.5,-0.866025403784438,0.));
#4148=DIRECTION('',(-2.50385766456193E-16,1.,0.));
#4149=DIRECTION('',(-1.,-2.50385766456193E-16,0.));
#4150=DIRECTION('',(0.,0.,-1.));
#4151=DIRECTION('',(1.,2.50385766456193E-16,0.));
#4152=DIRECTION('',(1.,2.50385766456193E-16,0.));
#4153=DIRECTION('',(-0.86602540378444,0.499999999999997,0.));
#4154=DIRECTION('',(-0.499999999999997,-0.86602540378444,0.));
#4155=DIRECTION('',(0.,0.,-1.));
#4156=DIRECTION('',(0.499999999999997,0.86602540378444,0.));
#4157=DIRECTION('',(0.499999999999997,0.86602540378444,0.));
#4158=DIRECTION('',(-0.866025403784439,-0.5,0.));
#4159=DIRECTION('',(0.5,-0.866025403784439,0.));
#4160=DIRECTION('',(-0.5,0.866025403784439,0.));
#4161=DIRECTION('',(-0.5,0.866025403784439,0.));
#4162=DIRECTION('',(0.,0.,1.));
#4163=DIRECTION('',(1.,0.,0.));
#4164=DIRECTION('',(0.,0.,1.));
#4165=DIRECTION('',(1.,0.,0.));
#4166=DIRECTION('',(0.,0.,1.));
#4167=DIRECTION('',(1.,0.,0.));
#4168=DIRECTION('',(0.,0.,1.));
#4169=DIRECTION('',(1.,0.,0.));
#4170=DIRECTION('',(0.,0.,1.));
#4171=DIRECTION('',(1.,0.,0.));
#4172=DIRECTION('',(0.,0.,1.));
#4173=DIRECTION('',(1.,0.,0.));
#4174=DIRECTION('',(0.,0.,1.));
#4175=DIRECTION('',(1.,0.,0.));
#4176=DIRECTION('',(0.,0.,1.));
#4177=DIRECTION('',(1.,0.,0.));
#4178=DIRECTION('',(0.,0.,1.));
#4179=DIRECTION('',(1.,0.,0.));
#4180=DIRECTION('',(0.,0.,1.));
#4181=DIRECTION('',(1.,0.,0.));
#4182=DIRECTION('',(0.,0.,1.));
#4183=DIRECTION('',(1.,0.,0.));
#4184=DIRECTION('',(0.,0.,1.));
#4185=DIRECTION('',(1.,0.,0.));
#4186=DIRECTION('',(0.,0.,1.));
#4187=DIRECTION('',(1.,0.,0.));
#4188=DIRECTION('',(0.,0.,1.));
#4189=DIRECTION('',(1.,0.,0.));
#4190=DIRECTION('',(0.,0.,1.));
#4191=DIRECTION('',(1.,0.,0.));
#4192=DIRECTION('',(0.,0.,1.));
#4193=DIRECTION('',(1.,0.,0.));
#4194=DIRECTION('',(0.,0.,-1.));
#4195=DIRECTION('',(-1.,0.,0.));
#4196=DIRECTION('',(0.,0.,-1.));
#4197=DIRECTION('',(-1.,0.,0.));
#4198=DIRECTION('',(0.,0.,-1.));
#4199=DIRECTION('',(-1.,0.,0.));
#4200=DIRECTION('',(0.,0.,-1.));
#4201=DIRECTION('',(-1.,0.,0.));
#4202=DIRECTION('',(0.,0.,-1.));
#4203=DIRECTION('',(-1.,0.,0.));
#4204=DIRECTION('',(0.,0.,-1.));
#4205=DIRECTION('',(-1.,0.,0.));
#4206=DIRECTION('',(0.,0.,1.));
#4207=DIRECTION('',(1.,0.,0.));
#4208=DIRECTION('',(0.,0.,1.));
#4209=DIRECTION('',(1.,0.,0.));
#4210=DIRECTION('',(0.,0.,1.));
#4211=DIRECTION('',(1.,0.,0.));
#4212=DIRECTION('',(0.,0.,1.));
#4213=DIRECTION('',(1.,0.,0.));
#4214=DIRECTION('',(0.,0.,1.));
#4215=DIRECTION('',(1.,0.,0.));
#4216=DIRECTION('',(0.,0.,1.));
#4217=DIRECTION('',(1.,0.,0.));
#4218=DIRECTION('',(0.,0.,1.));
#4219=DIRECTION('',(1.,0.,0.));
#4220=DIRECTION('',(0.,0.,1.));
#4221=DIRECTION('',(1.,0.,0.));
#4222=DIRECTION('',(0.,0.,1.));
#4223=DIRECTION('',(1.,0.,0.));
#4224=DIRECTION('',(0.,0.,-1.));
#4225=DIRECTION('',(-1.,0.,0.));
#4226=DIRECTION('',(0.,0.,1.));
#4227=DIRECTION('',(1.,0.,0.));
#4228=DIRECTION('',(-1.53948062752772E-16,3.86197857579539E-16,-1.));
#4229=DIRECTION('',(1.,3.88578058618805E-16,-1.53948062752772E-16));
#4230=DIRECTION('',(-2.77555756156289E-17,-1.,1.80411241501588E-16));
#4231=DIRECTION('',(1.,-2.77555756156289E-17,-5.55111512312578E-17));
#4232=DIRECTION('',(-1.21848098690172E-16,3.65041120984806E-16,-1.));
#4233=DIRECTION('',(1.,3.88578058618805E-16,-1.21848098690172E-16));
#4234=DIRECTION('',(1.53248054634279E-16,-4.51523246120294E-16,1.));
#4235=DIRECTION('',(-1.,-3.88578058618805E-16,1.53248054634279E-16));
#4236=DIRECTION('',(0.,0.,-1.));
#4237=DIRECTION('',(-1.,0.,0.));
#4238=DIRECTION('',(0.,0.,-1.));
#4239=DIRECTION('',(-1.,0.,0.));
#4240=DIRECTION('',(0.,0.,-1.));
#4241=DIRECTION('',(-1.,0.,0.));
#4242=DIRECTION('',(-1.95732803101644E-9,-1.,0.));
#4243=DIRECTION('',(0.,0.,-1.));
#4244=DIRECTION('',(-1.,0.,0.));
#4245=DIRECTION('',(-0.866025403295106,-0.500000000847548,0.));
#4246=DIRECTION('',(0.,0.,-1.));
#4247=DIRECTION('',(-1.,0.,0.));
#4248=DIRECTION('',(-0.866025402805775,0.500000001695095,0.));
#4249=DIRECTION('',(0.,0.,-1.));
#4250=DIRECTION('',(-1.,0.,0.));
#4251=DIRECTION('',(-9.78666519365884E-10,1.,0.));
#4252=DIRECTION('',(0.,0.,-1.));
#4253=DIRECTION('',(-1.,0.,0.));
#4254=DIRECTION('',(0.866025404763104,0.499999998304903,0.));
#4255=DIRECTION('',(0.,0.,-1.));
#4256=DIRECTION('',(-1.,0.,0.));
#4257=DIRECTION('',(0.866025404273773,-0.499999999152449,0.));
#4258=DIRECTION('',(0.,0.,-1.));
#4259=DIRECTION('',(-1.,0.,0.));
#4260=DIRECTION('',(0.,0.,-1.));
#4261=DIRECTION('',(-1.,0.,0.));
#4262=DIRECTION('',(0.,0.,-1.));
#4263=DIRECTION('',(-1.,0.,0.));
#4264=DIRECTION('',(0.,0.,-1.));
#4265=DIRECTION('',(-1.,0.,0.));
#4266=DIRECTION('',(0.,0.,1.));
#4267=DIRECTION('',(1.,0.,0.));
#4268=DIRECTION('',(1.,-1.95732803101644E-9,0.));
#4269=DIRECTION('',(1.95732803101644E-9,1.,0.));
#4270=DIRECTION('',(0.,0.,-1.));
#4271=DIRECTION('',(0.,0.,-1.));
#4272=DIRECTION('',(1.95732803101644E-9,1.,0.));
#4273=DIRECTION('',(0.500000000847548,-0.866025403295106,0.));
#4274=DIRECTION('',(0.866025403295106,0.500000000847548,0.));
#4275=DIRECTION('',(0.,0.,-1.));
#4276=DIRECTION('',(0.866025403295106,0.500000000847548,0.));
#4277=DIRECTION('',(-0.500000001695095,-0.866025402805775,0.));
#4278=DIRECTION('',(0.866025402805775,-0.500000001695095,0.));
#4279=DIRECTION('',(0.,0.,-1.));
#4280=DIRECTION('',(0.866025402805775,-0.500000001695095,0.));
#4281=DIRECTION('',(-1.,-9.78666519365884E-10,0.));
#4282=DIRECTION('',(9.78666519365884E-10,-1.,0.));
#4283=DIRECTION('',(0.,0.,-1.));
#4284=DIRECTION('',(9.78666519365884E-10,-1.,0.));
#4285=DIRECTION('',(-0.499999998304903,0.866025404763104,0.));
#4286=DIRECTION('',(-0.866025404763104,-0.499999998304903,0.));
#4287=DIRECTION('',(0.,0.,-1.));
#4288=DIRECTION('',(-0.866025404763104,-0.499999998304903,0.));
#4289=DIRECTION('',(0.499999999152449,0.866025404273773,0.));
#4290=DIRECTION('',(-0.866025404273773,0.499999999152449,0.));
#4291=DIRECTION('',(-0.866025404273773,0.499999999152449,0.));
#4292=DIRECTION('',(0.,0.,1.));
#4293=DIRECTION('',(1.,0.,0.));
#4294=DIRECTION('',(0.,0.,1.));
#4295=DIRECTION('',(1.,0.,0.));
#4296=DIRECTION('',(0.,0.,1.));
#4297=DIRECTION('',(1.,0.,0.));
#4298=DIRECTION('',(0.,0.,1.));
#4299=DIRECTION('',(1.,0.,0.));
#4300=DIRECTION('',(0.,0.,1.));
#4301=DIRECTION('',(1.,0.,0.));
#4302=DIRECTION('',(0.,0.,1.));
#4303=DIRECTION('',(1.,0.,0.));
#4304=DIRECTION('',(0.,0.,1.));
#4305=DIRECTION('',(1.,0.,0.));
#4306=DIRECTION('',(0.,0.,-1.));
#4307=DIRECTION('',(-1.,0.,0.));
#4308=DIRECTION('',(0.,0.,-1.));
#4309=DIRECTION('',(-1.,0.,0.));
#4310=DIRECTION('',(0.,0.,-1.));
#4311=DIRECTION('',(-1.,0.,0.));
#4312=DIRECTION('',(0.,0.,-1.));
#4313=DIRECTION('',(-1.,0.,0.));
#4314=DIRECTION('',(0.,0.,-1.));
#4315=DIRECTION('',(-1.,0.,0.));
#4316=DIRECTION('',(0.,0.,-1.));
#4317=DIRECTION('',(-1.,0.,0.));
#4318=DIRECTION('',(0.,0.,1.));
#4319=DIRECTION('',(1.,0.,0.));
#4320=DIRECTION('',(0.,0.,1.));
#4321=DIRECTION('',(1.,0.,0.));
#4322=DIRECTION('',(0.,0.,1.));
#4323=DIRECTION('',(1.,0.,0.));
#4324=DIRECTION('',(0.,0.,1.));
#4325=DIRECTION('',(1.,0.,0.));
#4326=DIRECTION('',(0.,0.,1.));
#4327=DIRECTION('',(1.,0.,0.));
#4328=DIRECTION('',(0.,0.,1.));
#4329=DIRECTION('',(1.,0.,0.));
#4330=DIRECTION('',(-6.93889390390723E-17,-1.,3.33066907387547E-16));
#4331=DIRECTION('',(1.,-6.93889390390722E-17,3.2612801348364E-16));
#4332=DIRECTION('',(1.53248054634279E-16,-4.51523246120294E-16,1.));
#4333=DIRECTION('',(-1.,-3.88578058618805E-16,1.53248054634279E-16));
#4334=DIRECTION('',(-5.55111512312579E-17,-1.,6.66133814775094E-16));
#4335=DIRECTION('',(1.,-5.55111512312576E-17,5.27355936696949E-16));
#4336=DIRECTION('',(-1.11022302462516E-16,-1.,1.33226762955019E-15));
#4337=DIRECTION('',(1.,-1.11022302462515E-16,1.0547118733939E-15));
#4338=DIRECTION('',(-8.75214106018924E-17,-1.,-1.3819028046001E-16));
#4339=DIRECTION('',(1.,-8.75214106018927E-17,2.1094237467878E-15));
#4340=DIRECTION('',(-3.50085642407568E-16,-1.,-5.52761121840042E-16));
#4341=DIRECTION('',(1.,-3.50085642407572E-16,8.43769498715119E-15));
#4342=DIRECTION('',(-8.75214106018923E-17,-1.,-1.3819028046001E-16));
#4343=DIRECTION('',(1.,-8.75214106018923E-17,2.0816677489764E-17));
#4344=DIRECTION('',(-1.75042821203785E-16,-1.,-2.7638056092002E-16));
#4345=DIRECTION('',(1.,-1.75042821203785E-16,4.16333549795267E-17));
#4346=DIRECTION('',(-3.5008564240757E-16,-1.,-5.5276112184004E-16));
#4347=DIRECTION('',(1.,-3.5008564240757E-16,8.32667099590534E-17));
#4348=CARTESIAN_POINT('',(0.,0.,0.));
#4349=CARTESIAN_POINT('',(50.,-8.,-40.));
#4350=CARTESIAN_POINT('',(50.,8.,-40.));
#4351=CARTESIAN_POINT('',(50.,8.,-40.));
#4352=CARTESIAN_POINT('',(50.,8.,40.));
#4353=CARTESIAN_POINT('',(50.,-8.,40.));
#4354=CARTESIAN_POINT('',(50.,-8.,40.));
#4355=CARTESIAN_POINT('',(50.,-8.,-40.));
#4356=CARTESIAN_POINT('',(50.,-8.,-40.));
#4357=CARTESIAN_POINT('',(50.,-8.,-40.));
#4358=CARTESIAN_POINT('',(50.,-8.,40.));
#4359=CARTESIAN_POINT('',(50.,8.,40.));
#4360=CARTESIAN_POINT('',(-50.,8.,40.));
#4361=CARTESIAN_POINT('',(-50.,-8.,40.));
#4362=CARTESIAN_POINT('',(-50.,-8.,40.));
#4363=CARTESIAN_POINT('',(50.,-8.,40.));
#4364=CARTESIAN_POINT('',(-50.,-8.,40.));
#4365=CARTESIAN_POINT('',(-50.,8.,40.));
#4366=CARTESIAN_POINT('',(-50.,8.,-40.));
#4367=CARTESIAN_POINT('',(-50.,-8.,-40.));
#4368=CARTESIAN_POINT('',(-50.,-8.,-40.));
#4369=CARTESIAN_POINT('',(-50.,-8.,40.));
#4370=CARTESIAN_POINT('',(-50.,-8.,-40.));
#4371=CARTESIAN_POINT('',(-50.,8.,-40.));
#4372=CARTESIAN_POINT('',(-50.,-8.,-40.));
#4373=CARTESIAN_POINT('',(0.,-8.,0.));
#4374=CARTESIAN_POINT('',(-30.,-8.,-20.));
#4375=CARTESIAN_POINT('',(-24.,-8.,-20.));
#4376=CARTESIAN_POINT('',(15.,-8.,-20.));
#4377=CARTESIAN_POINT('',(21.,-8.,-20.));
#4378=CARTESIAN_POINT('',(15.,-8.,20.));
#4379=CARTESIAN_POINT('',(21.,-8.,20.));
#4380=CARTESIAN_POINT('',(-30.,-8.,20.));
#4381=CARTESIAN_POINT('',(-24.,-8.,20.));
#4382=CARTESIAN_POINT('',(0.,8.,0.));
#4383=CARTESIAN_POINT('',(-30.,8.00000000000001,-20.));
#4384=CARTESIAN_POINT('',(-30.,8.00000000000001,-26.));
#4385=CARTESIAN_POINT('',(15.,8.00000000000001,-20.));
#4386=CARTESIAN_POINT('',(15.,8.00000000000001,-26.));
#4387=CARTESIAN_POINT('',(15.,8.00000000000001,20.));
#4388=CARTESIAN_POINT('',(15.,8.00000000000001,14.));
#4389=CARTESIAN_POINT('',(-30.,8.00000000000001,20.));
#4390=CARTESIAN_POINT('',(-30.,8.00000000000001,14.));
#4391=CARTESIAN_POINT('',(-30.,121.058126439213,20.));
#4392=CARTESIAN_POINT('',(15.,121.058126439213,20.));
#4393=CARTESIAN_POINT('',(15.,121.058126439213,-20.));
#4394=CARTESIAN_POINT('',(-30.,121.058126439213,-20.));
#4395=CARTESIAN_POINT('',(0.,0.,0.));
#4396=CARTESIAN_POINT('',(0.,0.,40.));
#4397=CARTESIAN_POINT('',(0.,0.,40.));
#4398=CARTESIAN_POINT('',(10.8673844268831,0.,40.));
#4399=CARTESIAN_POINT('',(0.,0.,-40.));
#4400=CARTESIAN_POINT('',(10.8673844268831,0.,-40.));
#4401=CARTESIAN_POINT('',(0.,0.,40.));
#4402=CARTESIAN_POINT('',(0.,0.,40.));
#4403=CARTESIAN_POINT('',(20.,0.,40.));
#4404=CARTESIAN_POINT('',(0.,0.,-40.));
#4405=CARTESIAN_POINT('',(20.,0.,-40.));
#4406=CARTESIAN_POINT('',(0.,0.,40.));
#4407=CARTESIAN_POINT('',(0.,0.,-40.));
#4408=CARTESIAN_POINT('',(20.,-28.,-6.93889390390723E-15));
#4409=CARTESIAN_POINT('',(0.,0.,0.));
#4410=CARTESIAN_POINT('',(-17.5,0.,3.));
#4411=CARTESIAN_POINT('',(0.,0.,3.));
#4412=CARTESIAN_POINT('',(-8.55,0.,3.));
#4413=CARTESIAN_POINT('',(0.,0.,3.));
#4414=CARTESIAN_POINT('',(-17.5,0.,3.));
#4415=CARTESIAN_POINT('',(0.,0.,0.));
#4416=CARTESIAN_POINT('',(0.,0.,-3.));
#4417=CARTESIAN_POINT('',(-8.55,0.,-3.));
#4418=CARTESIAN_POINT('',(-8.55,0.,-3.));
#4419=CARTESIAN_POINT('',(0.,0.,-3.));
#4420=CARTESIAN_POINT('',(-10.5,0.,-3.));
#4421=CARTESIAN_POINT('',(0.,0.,0.));
#4422=CARTESIAN_POINT('',(0.,0.,-0.5));
#4423=CARTESIAN_POINT('',(-10.5,0.,-0.5));
#4424=CARTESIAN_POINT('',(-10.5,0.,-0.5));
#4425=CARTESIAN_POINT('',(0.,0.,-0.5));
#4426=CARTESIAN_POINT('',(-17.5,0.,-0.5));
#4427=CARTESIAN_POINT('',(0.,0.,0.));
#4428=CARTESIAN_POINT('',(20.,-28.,-43.));
#4429=CARTESIAN_POINT('',(20.,-28.,-159.5));
#4430=CARTESIAN_POINT('',(80.,-8.,-50.));
#4431=CARTESIAN_POINT('',(80.,8.,-50.));
#4432=CARTESIAN_POINT('',(80.,8.,-50.));
#4433=CARTESIAN_POINT('',(80.,8.,50.));
#4434=CARTESIAN_POINT('',(80.,-8.,50.));
#4435=CARTESIAN_POINT('',(80.,-8.,50.));
#4436=CARTESIAN_POINT('',(80.,-8.,-50.));
#4437=CARTESIAN_POINT('',(80.,-8.,-50.));
#4438=CARTESIAN_POINT('',(80.,-8.,-50.));
#4439=CARTESIAN_POINT('',(80.,-8.,50.));
#4440=CARTESIAN_POINT('',(80.,8.,50.));
#4441=CARTESIAN_POINT('',(-80.,8.,50.));
#4442=CARTESIAN_POINT('',(-80.,-8.,50.));
#4443=CARTESIAN_POINT('',(-80.,-8.,50.));
#4444=CARTESIAN_POINT('',(80.,-8.,50.));
#4445=CARTESIAN_POINT('',(-80.,-8.,50.));
#4446=CARTESIAN_POINT('',(-80.,8.,50.));
#4447=CARTESIAN_POINT('',(-80.,8.,-50.));
#4448=CARTESIAN_POINT('',(-80.,-8.,-50.));
#4449=CARTESIAN_POINT('',(-80.,-8.,-50.));
#4450=CARTESIAN_POINT('',(-80.,-8.,50.));
#4451=CARTESIAN_POINT('',(-80.,-8.,-50.));
#4452=CARTESIAN_POINT('',(-80.,8.,-50.));
#4453=CARTESIAN_POINT('',(-80.,-8.,-50.));
#4454=CARTESIAN_POINT('',(0.,-8.,0.));
#4455=CARTESIAN_POINT('',(-60.,-8.,-30.));
#4456=CARTESIAN_POINT('',(-54.,-8.,-30.));
#4457=CARTESIAN_POINT('',(-15.,-8.,-30.));
#4458=CARTESIAN_POINT('',(-8.99999999999997,-8.,-30.));
#4459=CARTESIAN_POINT('',(-15.,-8.,30.));
#4460=CARTESIAN_POINT('',(-8.99999999999998,-8.,30.));
#4461=CARTESIAN_POINT('',(-60.,-8.,30.));
#4462=CARTESIAN_POINT('',(-54.,-8.,30.));
#4463=CARTESIAN_POINT('',(0.,8.,0.));
#4464=CARTESIAN_POINT('',(-60.,8.00000000000001,-30.));
#4465=CARTESIAN_POINT('',(-60.,8.00000000000001,-36.));
#4466=CARTESIAN_POINT('',(-15.,8.00000000000001,-30.));
#4467=CARTESIAN_POINT('',(-15.,8.00000000000001,-36.));
#4468=CARTESIAN_POINT('',(-15.,8.00000000000001,30.));
#4469=CARTESIAN_POINT('',(-15.,8.00000000000001,24.));
#4470=CARTESIAN_POINT('',(-60.,8.00000000000001,30.));
#4471=CARTESIAN_POINT('',(-60.,8.00000000000001,24.));
#4472=CARTESIAN_POINT('',(-60.,181.356806056714,30.));
#4473=CARTESIAN_POINT('',(-15.,181.356806056714,30.));
#4474=CARTESIAN_POINT('',(-15.,181.356806056714,-30.));
#4475=CARTESIAN_POINT('',(-60.,181.356806056714,-30.));
#4476=CARTESIAN_POINT('',(0.,0.,0.));
#4477=CARTESIAN_POINT('',(0.,0.,50.));
#4478=CARTESIAN_POINT('',(0.,0.,-42.5));
#4479=CARTESIAN_POINT('',(8.7,0.,-42.5));
#4480=CARTESIAN_POINT('',(0.,0.,42.5));
#4481=CARTESIAN_POINT('',(-8.7,0.,42.5));
#4482=CARTESIAN_POINT('',(0.,0.,50.));
#4483=CARTESIAN_POINT('',(0.,0.,50.));
#4484=CARTESIAN_POINT('',(20.,0.,50.));
#4485=CARTESIAN_POINT('',(0.,0.,-50.));
#4486=CARTESIAN_POINT('',(20.,0.,-50.));
#4487=CARTESIAN_POINT('',(0.,0.,50.));
#4488=CARTESIAN_POINT('',(0.,0.,50.));
#4489=CARTESIAN_POINT('',(0.,-15.,50.));
#4490=CARTESIAN_POINT('',(0.,0.,-50.));
#4491=CARTESIAN_POINT('',(0.,0.,-50.));
#4492=CARTESIAN_POINT('',(0.,15.,-50.));
#4493=CARTESIAN_POINT('',(0.,0.,42.5));
#4494=CARTESIAN_POINT('',(0.,0.,42.5));
#4495=CARTESIAN_POINT('',(0.,-15.,42.5));
#4496=CARTESIAN_POINT('',(0.,0.,50.));
#4497=CARTESIAN_POINT('',(0.,0.,-42.5));
#4498=CARTESIAN_POINT('',(0.,0.,-42.5));
#4499=CARTESIAN_POINT('',(0.,15.,-42.5));
#4500=CARTESIAN_POINT('',(0.,0.,-50.));
#4501=CARTESIAN_POINT('',(50.,-28.,-1.38777878078145E-14));
#4502=CARTESIAN_POINT('',(3.5,10.0950423939742,-6.48768980946717));
#4503=CARTESIAN_POINT('',(3.51499999706525,11.0262076694541,-4.73524233001446));
#4504=CARTESIAN_POINT('',(3.50000000000603,11.0395073724362,-4.74230981461771));
#4505=CARTESIAN_POINT('',(3.48500000291062,11.0262242641496,-4.7352511477286));
#4506=CARTESIAN_POINT('',(3.50000000000603,11.0129240479707,-4.72818456892333));
#4507=CARTESIAN_POINT('',(3.51499999706525,11.0262076694541,-4.73524233001446));
#4508=CARTESIAN_POINT('',(3.50000000000603,11.0395073724362,-4.74230981461771));
#4509=CARTESIAN_POINT('',(3.48500000291062,11.0262242641496,-4.7352511477286));
#4510=CARTESIAN_POINT('',(3.5,11.0350769038914,-4.73995545603565));
#4511=CARTESIAN_POINT('',(3.51499999708966,8.88779504570696,-8.06271196124827));
#4512=CARTESIAN_POINT('',(3.49999999999397,8.87584195041072,-8.05354922226871));
#4513=CARTESIAN_POINT('',(3.48500000293447,8.88778013186563,-8.06270052974438));
#4514=CARTESIAN_POINT('',(3.49999999999397,8.89973383791506,-8.07186242562166));
#4515=CARTESIAN_POINT('',(3.51499999708966,8.88779504570696,-8.06271196124827));
#4516=CARTESIAN_POINT('',(3.49999999999397,8.87584195041072,-8.05354922226871));
#4517=CARTESIAN_POINT('',(3.48500000293447,8.88778013186563,-8.06270052974438));
#4518=CARTESIAN_POINT('',(3.5,8.87982382986924,-8.05660156334458));
#4519=CARTESIAN_POINT('',(3.5,4.98498015602263,-10.9155839442542));
#4520=CARTESIAN_POINT('',(3.51499999706525,6.71577087150912,-9.94475726678525));
#4521=CARTESIAN_POINT('',(3.50000000000603,6.72313832297521,-9.95789317546815));
#4522=CARTESIAN_POINT('',(3.48500000291062,6.71578006463919,-9.94477365648818));
#4523=CARTESIAN_POINT('',(3.50000000000603,6.70841169173315,-9.93163823235591));
#4524=CARTESIAN_POINT('',(3.51499999706525,6.71577087150912,-9.94475726678525));
#4525=CARTESIAN_POINT('',(3.50000000000603,6.72313832297521,-9.95789317546815));
#4526=CARTESIAN_POINT('',(3.48500000291062,6.71578006463919,-9.94477365648818));
#4527=CARTESIAN_POINT('',(3.5,6.72068403800819,-9.95351727085767));
#4528=CARTESIAN_POINT('',(3.51499999708966,3.11785779564215,-11.5878897004892));
#4529=CARTESIAN_POINT('',(3.49999999999397,3.11275596268795,-11.5737191827401));
#4530=CARTESIAN_POINT('',(3.48500000293447,3.11785142965805,-11.5878720206648));
#4531=CARTESIAN_POINT('',(3.49999999999397,3.12295423222602,-11.6020421593491));
#4532=CARTESIAN_POINT('',(3.51499999708966,3.11785779564215,-11.5878897004892));
#4533=CARTESIAN_POINT('',(3.49999999999397,3.11275596268795,-11.5737191827401));
#4534=CARTESIAN_POINT('',(3.48500000293447,3.11785142965805,-11.5878720206648));
#4535=CARTESIAN_POINT('',(3.5,3.11445551267534,-11.5784397420191));
#4536=CARTESIAN_POINT('',(3.5,-1.70777805927942,-11.8778573025712));
#4537=CARTESIAN_POINT('',(3.51499999706525,0.273124273229512,-11.9968820376488));
#4538=CARTESIAN_POINT('',(3.50000000000603,0.272220359394975,-12.0119158122185));
#4539=CARTESIAN_POINT('',(3.48500000291062,0.273123146040277,-11.9969007957257));
#4540=CARTESIAN_POINT('',(3.50000000000603,0.27402602274235,-11.9818669306179));
#4541=CARTESIAN_POINT('',(3.51499999706525,0.273124273229512,-11.9968820376488));
#4542=CARTESIAN_POINT('',(3.50000000000603,0.272220359394975,-12.0119158122185));
#4543=CARTESIAN_POINT('',(3.48500000291062,0.273123146040277,-11.9969007957257));
#4544=CARTESIAN_POINT('',(3.5,0.272521476141615,-12.0069076803747));
#4545=CARTESIAN_POINT('',(3.51499999708966,-3.64197727480856,-11.4339943359408));
#4546=CARTESIAN_POINT('',(3.49999999999397,-3.63860804950557,-11.4193150786835));
#4547=CARTESIAN_POINT('',(3.48500000293447,-3.64197307178045,-11.4339760210153));
#4548=CARTESIAN_POINT('',(3.49999999999397,-3.64534127645459,-11.4486554835959));
#4549=CARTESIAN_POINT('',(3.51499999708966,-3.64197727480856,-11.4339943359408));
#4550=CARTESIAN_POINT('',(3.49999999999397,-3.63860804950557,-11.4193150786835));
#4551=CARTESIAN_POINT('',(3.48500000293447,-3.64197307178045,-11.4339760210153));
#4552=CARTESIAN_POINT('',(3.5,-3.63973042410188,-11.4242051119484));
#4553=CARTESIAN_POINT('',(3.5,-7.85832880734342,-9.0689948922511));
#4554=CARTESIAN_POINT('',(3.51499999706525,-6.25623735199657,-10.2400815274768));
#4555=CARTESIAN_POINT('',(3.50000000000603,-6.26512564487601,-10.2522400507309));
#4556=CARTESIAN_POINT('',(3.48500000291062,-6.25624844163049,-10.2400966983707));
#4557=CARTESIAN_POINT('',(3.50000000000603,-6.24736097229379,-10.227937538235));
#4558=CARTESIAN_POINT('',(3.51499999706525,-6.25623735199657,-10.2400815274768));
#4559=CARTESIAN_POINT('',(3.50000000000603,-6.26512564487601,-10.2522400507309));
#4560=CARTESIAN_POINT('',(3.48500000291062,-6.25624844163049,-10.2400966983707));
#4561=CARTESIAN_POINT('',(3.5,-6.26216472885518,-10.2481897381285));
#4562=CARTESIAN_POINT('',(3.51499999708966,-9.24551029348931,-7.64988655847473));
#4563=CARTESIAN_POINT('',(3.49999999999397,-9.23473971515702,-7.63935912216968));
#4564=CARTESIAN_POINT('',(3.48500000293447,-9.24549685588072,-7.64987342330743));
#4565=CARTESIAN_POINT('',(3.49999999999397,-9.25626668661153,-7.66040158413505));
#4566=CARTESIAN_POINT('',(3.51499999708966,-9.24551029348931,-7.64988655847473));
#4567=CARTESIAN_POINT('',(3.49999999999397,-9.23473971515702,-7.63935912216968));
#4568=CARTESIAN_POINT('',(3.48500000293447,-9.24549685588072,-7.64987342330743));
#4569=CARTESIAN_POINT('',(3.5,-9.23832766833302,-7.64286607841015));
#4570=CARTESIAN_POINT('',(3.5,-11.513915683374,-3.38079068209715));
#4571=CARTESIAN_POINT('',(3.51499999706525,-10.7992878224245,-5.23212748528949));
#4572=CARTESIAN_POINT('',(3.50000000000603,-10.8133385241613,-5.23755051200285));
#4573=CARTESIAN_POINT('',(3.48500000291062,-10.7993053536227,-5.23213425234883));
#4574=CARTESIAN_POINT('',(3.50000000000603,-10.7852550003699,-5.22671024461569));
#4575=CARTESIAN_POINT('',(3.51499999706525,-10.7992878224245,-5.23212748528949));
#4576=CARTESIAN_POINT('',(3.50000000000603,-10.8133385241613,-5.23755051200285));
#4577=CARTESIAN_POINT('',(3.48500000291062,-10.7993053536227,-5.23213425234883));
#4578=CARTESIAN_POINT('',(3.5,-10.8086578787821,-5.23574396427496));
#4579=CARTESIAN_POINT('',(3.51499999708966,-11.9136591196413,-1.43699385020842));
#4580=CARTESIAN_POINT('',(3.49999999999397,-11.898906770799,-1.43396062149918));
#4581=CARTESIAN_POINT('',(3.48500000293447,-11.913640713798,-1.43699006512221));
#4582=CARTESIAN_POINT('',(3.49999999999397,-11.9283928254244,-1.4400243075225));
#4583=CARTESIAN_POINT('',(3.51499999708966,-11.9136591196413,-1.43699385020842));
#4584=CARTESIAN_POINT('',(3.49999999999397,-11.898906770799,-1.43396062149918));
#4585=CARTESIAN_POINT('',(3.48500000293447,-11.913640713798,-1.43699006512221));
#4586=CARTESIAN_POINT('',(3.5,-11.9038211527725,-1.43497106688789));
#4587=CARTESIAN_POINT('',(3.5,-11.513915683374,3.38079068209716));
#4588=CARTESIAN_POINT('',(3.51499999706525,-11.9136407133542,1.43699006503096));
#4589=CARTESIAN_POINT('',(3.50000000000603,-11.9283928254244,1.44002430752251));
#4590=CARTESIAN_POINT('',(3.48500000291062,-11.9136591200851,1.4369938502997));
#4591=CARTESIAN_POINT('',(3.50000000000603,-11.898906770799,1.43396062149918));
#4592=CARTESIAN_POINT('',(3.51499999706525,-11.9136407133542,1.43699006503096));
#4593=CARTESIAN_POINT('',(3.50000000000603,-11.9283928254244,1.44002430752251));
#4594=CARTESIAN_POINT('',(3.48500000291062,-11.9136591200851,1.4369938502997));
#4595=CARTESIAN_POINT('',(3.5,-11.9234785225228,1.43901352423678));
#4596=CARTESIAN_POINT('',(3.51499999708966,-10.7993053532,5.23213425218567));
#4597=CARTESIAN_POINT('',(3.49999999999397,-10.7852550003699,5.2267102446157));
#4598=CARTESIAN_POINT('',(3.48500000293447,-10.7992878228472,5.23212748545266));
#4599=CARTESIAN_POINT('',(3.49999999999397,-10.8133385241613,5.23755051200286));
#4600=CARTESIAN_POINT('',(3.51499999708966,-10.7993053532,5.23213425218567));
#4601=CARTESIAN_POINT('',(3.49999999999397,-10.7852550003699,5.2267102446157));
#4602=CARTESIAN_POINT('',(3.48500000293447,-10.7992878228472,5.23212748545266));
#4603=CARTESIAN_POINT('',(3.5,-10.7899355295878,5.22851711935019));
#4604=CARTESIAN_POINT('',(3.5,-7.85832880734342,9.0689948922511));
#4605=CARTESIAN_POINT('',(3.51499999706525,-9.2454968555567,7.64987342299071));
#4606=CARTESIAN_POINT('',(3.50000000000603,-9.25626668661153,7.66040158413504));
#4607=CARTESIAN_POINT('',(3.48500000291062,-9.24551029381333,7.64988655879146));
#4608=CARTESIAN_POINT('',(3.50000000000603,-9.23473971515702,7.63935912216968));
#4609=CARTESIAN_POINT('',(3.51499999706525,-9.2454968555567,7.64987342299071));
#4610=CARTESIAN_POINT('',(3.50000000000603,-9.25626668661153,7.66040158413504));
#4611=CARTESIAN_POINT('',(3.48500000291062,-9.24551029381333,7.64988655879146));
#4612=CARTESIAN_POINT('',(3.5,-9.25267898263602,7.65689438638706));
#4613=CARTESIAN_POINT('',(3.51499999708966,-6.25624844136311,10.2400966980049));
#4614=CARTESIAN_POINT('',(3.49999999999397,-6.24736097229379,10.227937538235));
#4615=CARTESIAN_POINT('',(3.48500000293447,-6.25623735226396,10.2400815278426));
#4616=CARTESIAN_POINT('',(3.49999999999397,-6.26512564487601,10.2522400507309));
#4617=CARTESIAN_POINT('',(3.51499999708966,-6.25624844136311,10.2400966980049));
#4618=CARTESIAN_POINT('',(3.49999999999397,-6.24736097229379,10.227937538235));
#4619=CARTESIAN_POINT('',(3.48500000293447,-6.25623735226396,10.2400815278426));
#4620=CARTESIAN_POINT('',(3.5,-6.25032161380037,10.2319880631312));
#4621=CARTESIAN_POINT('',(3.5,-1.70777805927942,11.8778573025712));
#4622=CARTESIAN_POINT('',(3.51499999706525,-3.64197307167911,11.4339760205736));
#4623=CARTESIAN_POINT('',(3.50000000000603,-3.64534127645459,11.4486554835959));
#4624=CARTESIAN_POINT('',(3.48500000291062,-3.64197727490991,11.4339943363825));
#4625=CARTESIAN_POINT('',(3.50000000000603,-3.63860804950557,11.4193150786835));
#4626=CARTESIAN_POINT('',(3.51499999706525,-3.64197307167911,11.4339760205736));
#4627=CARTESIAN_POINT('',(3.50000000000603,-3.64534127645459,11.4486554835959));
#4628=CARTESIAN_POINT('',(3.48500000291062,-3.64197727490991,11.4339943363825));
#4629=CARTESIAN_POINT('',(3.5,-3.6442192420679,11.4437653818899));
#4630=CARTESIAN_POINT('',(3.51499999708966,0.273123146067454,11.9969007952734));
#4631=CARTESIAN_POINT('',(3.49999999999397,0.27402602274235,11.9818669306179));
#4632=CARTESIAN_POINT('',(3.48500000293447,0.273124273202335,11.9968820381011));
#4633=CARTESIAN_POINT('',(3.49999999999397,0.272220359394975,12.0119158122185));
#4634=CARTESIAN_POINT('',(3.51499999708966,0.273123146067454,11.9969007952734));
#4635=CARTESIAN_POINT('',(3.49999999999397,0.27402602274235,11.9818669306179));
#4636=CARTESIAN_POINT('',(3.48500000293447,0.273124273202335,11.9968820381011));
#4637=CARTESIAN_POINT('',(3.5,0.273725251706531,11.986875092641));
#4638=CARTESIAN_POINT('',(3.5,4.98498015602264,10.9155839442542));
#4639=CARTESIAN_POINT('',(3.51499999706525,3.11785142950455,11.5878720202384));
#4640=CARTESIAN_POINT('',(3.50000000000603,3.12295423222603,11.6020421593491));
#4641=CARTESIAN_POINT('',(3.48500000291062,3.11785779579566,11.5878897009155));
#4642=CARTESIAN_POINT('',(3.50000000000603,3.11275596268797,11.5737191827401));
#4643=CARTESIAN_POINT('',(3.51499999706525,3.11785142950455,11.5878720202384));
#4644=CARTESIAN_POINT('',(3.50000000000603,3.12295423222603,11.6020421593491));
#4645=CARTESIAN_POINT('',(3.48500000291062,3.11785779579566,11.5878897009155));
#4646=CARTESIAN_POINT('',(3.5,3.12125435903405,11.5973217264251));
#4647=CARTESIAN_POINT('',(3.51499999708966,6.71578006441754,9.94477365609299));
#4648=CARTESIAN_POINT('',(3.49999999999397,6.70841169173316,9.9316382323559));
#4649=CARTESIAN_POINT('',(3.48500000293447,6.71577087173079,9.94475726718043));
#4650=CARTESIAN_POINT('',(3.49999999999397,6.72313832297521,9.95789317546814));
#4651=CARTESIAN_POINT('',(3.51499999708966,6.71578006441754,9.94477365609299));
#4652=CARTESIAN_POINT('',(3.49999999999397,6.70841169173316,9.9316382323559));
#4653=CARTESIAN_POINT('',(3.48500000293447,6.71577087173079,9.94475726718043));
#4654=CARTESIAN_POINT('',(3.5,6.71086628384683,9.93601397544951));
#4655=CARTESIAN_POINT('',(3.5,10.0950423939742,6.48768980946717));
#4656=CARTESIAN_POINT('',(3.51499999706525,8.88778013150601,8.06270052946873));
#4657=CARTESIAN_POINT('',(3.50000000000603,8.89973383791506,8.07186242562166));
#4658=CARTESIAN_POINT('',(3.48500000291062,8.88779504606658,8.06271196152391));
#4659=CARTESIAN_POINT('',(3.50000000000603,8.87584195041072,8.05354922226871));
#4660=CARTESIAN_POINT('',(3.51499999706525,8.88778013150601,8.06270052946873));
#4661=CARTESIAN_POINT('',(3.50000000000603,8.89973383791506,8.07186242562166));
#4662=CARTESIAN_POINT('',(3.48500000291062,8.88779504606658,8.06271196152391));
#4663=CARTESIAN_POINT('',(3.5,8.89575175487214,8.06881036557988));
#4664=CARTESIAN_POINT('',(3.51499999708966,11.0262242637495,4.73525114751598));
#4665=CARTESIAN_POINT('',(3.49999999999397,11.0129240479707,4.72818456892333));
#4666=CARTESIAN_POINT('',(3.48500000293447,11.0262076698542,4.73524233022707));
#4667=CARTESIAN_POINT('',(3.49999999999397,11.0395073724362,4.74230981461771));
#4668=CARTESIAN_POINT('',(3.51499999708966,11.0262242637495,4.73525114751598));
#4669=CARTESIAN_POINT('',(3.49999999999397,11.0129240479707,4.72818456892333));
#4670=CARTESIAN_POINT('',(3.48500000293447,11.0262076698542,4.73524233022707));
#4671=CARTESIAN_POINT('',(3.5,11.0173546875811,4.73053862557273));
#4672=CARTESIAN_POINT('',(3.5,12.,0.));
#4673=CARTESIAN_POINT('',(3.51499999706525,11.8359014398079,1.97767858891239));
#4674=CARTESIAN_POINT('',(3.50000000000603,11.8509108325805,1.97892340481386));
#4675=CARTESIAN_POINT('',(3.48500000291062,11.8359201673703,1.97768014274899));
#4676=CARTESIAN_POINT('',(3.50000000000603,11.8209108325805,1.97643428738664));
#4677=CARTESIAN_POINT('',(3.51499999706525,11.8359014398079,1.97767858891239));
#4678=CARTESIAN_POINT('',(3.50000000000603,11.8509108325805,1.97892340481386));
#4679=CARTESIAN_POINT('',(3.48500000291062,11.8359201673703,1.97768014274899));
#4680=CARTESIAN_POINT('',(3.5,11.8459108229167,1.97850872515281));
#4681=CARTESIAN_POINT('',(3.51499999708966,11.8359201669187,-1.97768014271152));
#4682=CARTESIAN_POINT('',(3.49999999999397,11.8209108325805,-1.97643428738664));
#4683=CARTESIAN_POINT('',(3.48500000293447,11.8359014402594,-1.97767858894986));
#4684=CARTESIAN_POINT('',(3.49999999999397,11.8509108325805,-1.97892340481386));
#4685=CARTESIAN_POINT('',(3.51499999708966,11.8359201669187,-1.97768014271152));
#4686=CARTESIAN_POINT('',(3.49999999999397,11.8209108325805,-1.97643428738664));
#4687=CARTESIAN_POINT('',(3.48500000293447,11.8359014402594,-1.97767858894986));
#4688=CARTESIAN_POINT('',(3.5,11.8259108229167,-1.97684931353466));
#4689=CARTESIAN_POINT('',(3.5,0.,0.));
#4690=CARTESIAN_POINT('',(3.5,0.,0.));
#4691=CARTESIAN_POINT('',(3.5,0.,0.));
#4692=CARTESIAN_POINT('',(3.5,0.,0.));
#4693=CARTESIAN_POINT('',(3.5,0.,0.));
#4694=CARTESIAN_POINT('',(3.5,0.,0.));
#4695=CARTESIAN_POINT('',(3.5,0.,0.));
#4696=CARTESIAN_POINT('',(3.5,0.,0.));
#4697=CARTESIAN_POINT('',(3.5,0.,0.));
#4698=CARTESIAN_POINT('',(3.5,0.,0.));
#4699=CARTESIAN_POINT('',(3.5,0.,0.));
#4700=CARTESIAN_POINT('',(-1.2367223130999E-16,9.5,0.));
#4701=CARTESIAN_POINT('',(0.,0.,0.));
#4702=CARTESIAN_POINT('',(0.,8.8,0.));
#4703=CARTESIAN_POINT('',(0.,0.,0.));
#4704=CARTESIAN_POINT('',(0.,10.2,0.));
#4705=CARTESIAN_POINT('',(7.,9.5,0.));
#4706=CARTESIAN_POINT('',(7.,0.,0.));
#4707=CARTESIAN_POINT('',(7.,8.8,0.));
#4708=CARTESIAN_POINT('',(7.,0.,0.));
#4709=CARTESIAN_POINT('',(7.,10.2,0.));
#4710=CARTESIAN_POINT('',(6.7,0.,0.));
#4711=CARTESIAN_POINT('',(6.7,0.,0.));
#4712=CARTESIAN_POINT('',(6.7,8.5,0.));
#4713=CARTESIAN_POINT('',(3.5,0.,0.));
#4714=CARTESIAN_POINT('',(0.3,0.,0.));
#4715=CARTESIAN_POINT('',(0.3,8.5,0.));
#4716=CARTESIAN_POINT('',(0.3,0.,0.));
#4717=CARTESIAN_POINT('',(1.33219614350751,0.,0.));
#4718=CARTESIAN_POINT('',(2.66439228701502,0.,0.));
#4719=CARTESIAN_POINT('',(2.66439228701502,10.2,0.));
#4720=CARTESIAN_POINT('',(5.66780385649249,0.,0.));
#4721=CARTESIAN_POINT('',(4.33560771298498,0.,0.));
#4722=CARTESIAN_POINT('',(4.33560771298498,10.2,0.));
#4723=CARTESIAN_POINT('',(3.5,0.,0.));
#4724=CARTESIAN_POINT('',(7.,14.275,0.));
#4725=CARTESIAN_POINT('',(7.,0.,0.));
#4726=CARTESIAN_POINT('',(7.,13.85,0.));
#4727=CARTESIAN_POINT('',(7.,0.,0.));
#4728=CARTESIAN_POINT('',(7.,14.7,0.));
#4729=CARTESIAN_POINT('',(-1.92556338712499E-16,14.275,0.));
#4730=CARTESIAN_POINT('',(0.,0.,0.));
#4731=CARTESIAN_POINT('',(0.,13.85,0.));
#4732=CARTESIAN_POINT('',(0.,0.,0.));
#4733=CARTESIAN_POINT('',(0.,14.7,0.));
#4734=CARTESIAN_POINT('',(6.4014843001664,0.,0.));
#4735=CARTESIAN_POINT('',(6.45334229433732,0.,0.));
#4736=CARTESIAN_POINT('',(6.45334229433732,13.8882025990867,0.));
#4737=CARTESIAN_POINT('',(6.34962630599548,0.,0.));
#4738=CARTESIAN_POINT('',(6.34962630599548,13.3,0.));
#4739=CARTESIAN_POINT('',(5.67451980396197,0.,0.));
#4740=CARTESIAN_POINT('',(4.99941330192846,0.,0.));
#4741=CARTESIAN_POINT('',(4.99941330192846,13.3,0.));
#4742=CARTESIAN_POINT('',(1.32548019603803,0.,0.));
#4743=CARTESIAN_POINT('',(2.00058669807154,0.,0.));
#4744=CARTESIAN_POINT('',(2.00058669807154,13.3,0.));
#4745=CARTESIAN_POINT('',(0.650373694004519,0.,0.));
#4746=CARTESIAN_POINT('',(0.650373694004519,13.3,0.));
#4747=CARTESIAN_POINT('',(0.598515699833602,0.,0.));
#4748=CARTESIAN_POINT('',(0.546657705662684,0.,0.));
#4749=CARTESIAN_POINT('',(0.546657705662684,13.8882025990867,0.));
#4750=CARTESIAN_POINT('',(0.0549999999999997,0.,0.));
#4751=CARTESIAN_POINT('',(0.109999999999999,0.,0.));
#4752=CARTESIAN_POINT('',(0.109999999999999,13.85,0.));
#4753=CARTESIAN_POINT('',(0.3,0.,0.));
#4754=CARTESIAN_POINT('',(0.3,0.,0.));
#4755=CARTESIAN_POINT('',(0.3,15.,0.));
#4756=CARTESIAN_POINT('',(3.5,0.,0.));
#4757=CARTESIAN_POINT('',(6.7,0.,0.));
#4758=CARTESIAN_POINT('',(6.7,15.,0.));
#4759=CARTESIAN_POINT('',(6.7,0.,0.));
#4760=CARTESIAN_POINT('',(6.945,0.,0.));
#4761=CARTESIAN_POINT('',(6.89,0.,0.));
#4762=CARTESIAN_POINT('',(6.89,13.85,0.));
#4763=CARTESIAN_POINT('',(3.5,0.,0.));
#4764=CARTESIAN_POINT('',(0.329999999999999,0.,0.));
#4765=CARTESIAN_POINT('',(6.67,0.,0.));
#4766=CARTESIAN_POINT('',(50.,-28.,42.5));
#4767=CARTESIAN_POINT('',(50.,-28.,-42.5));
#4768=CARTESIAN_POINT('',(70.,3.46944695195361E-15,-93.5));
#4769=CARTESIAN_POINT('',(10.9362959268054,6.,7.02833062692277));
#4770=CARTESIAN_POINT('',(12.3138033872014,6.01499999758061,4.16773633370302));
#4771=CARTESIAN_POINT('',(12.3274273231776,6.00000000001111,4.1742977230858));
#4772=CARTESIAN_POINT('',(12.3138187834175,5.98500000237495,4.16774374773892));
#4773=CARTESIAN_POINT('',(12.30019417536,6.00000000001111,4.16118362226428));
#4774=CARTESIAN_POINT('',(12.3138033872014,6.01499999758061,4.16773633370302));
#4775=CARTESIAN_POINT('',(12.3274273231776,6.00000000001111,4.1742977230858));
#4776=CARTESIAN_POINT('',(12.3138187834175,5.98500000237495,4.16774374773892));
#4777=CARTESIAN_POINT('',(12.3228885772215,6.,4.17211182896419));
#4778=CARTESIAN_POINT('',(8.90645825066659,6.01499999762558,9.46970022663006));
#4779=CARTESIAN_POINT('',(8.89483108463969,5.99999999998889,9.46003202243453));
#4780=CARTESIAN_POINT('',(8.9064451122667,5.98500000241886,9.46968930285805));
#4781=CARTESIAN_POINT('',(8.91807314879198,5.99999999998889,9.47935637066034));
#4782=CARTESIAN_POINT('',(8.90645825066659,6.01499999762558,9.46970022663006));
#4783=CARTESIAN_POINT('',(8.89483108463969,5.99999999998889,9.46003202243453));
#4784=CARTESIAN_POINT('',(8.9064451122667,5.98500000241886,9.46968930285805));
#4785=CARTESIAN_POINT('',(8.89870461691535,6.,9.46325293653771));
#4786=CARTESIAN_POINT('',(5.40039516902452,6.,11.8252159396087));
#4787=CARTESIAN_POINT('',(8.10578222367911,6.01499999758061,10.1634676438806));
#4788=CARTESIAN_POINT('',(8.11369605303063,6.00000000001111,10.1763530917623));
#4789=CARTESIAN_POINT('',(8.10579116746991,5.98500000237495,10.1634822047874));
#4790=CARTESIAN_POINT('',(8.09787608940732,6.00000000001111,10.1505974568183));
#4791=CARTESIAN_POINT('',(8.10578222367911,6.01499999758061,10.1634676438806));
#4792=CARTESIAN_POINT('',(8.11369605303063,6.00000000001111,10.1763530917623));
#4793=CARTESIAN_POINT('',(8.10579116746991,5.98500000237495,10.1634822047874));
#4794=CARTESIAN_POINT('',(8.11105960054526,6.,10.1720603692862));
#4795=CARTESIAN_POINT('',(2.37288299680193,6.01499999762558,12.7816136397793));
#4796=CARTESIAN_POINT('',(2.3683286281246,5.99999999998889,12.7671941082982));
#4797=CARTESIAN_POINT('',(2.37287784991364,5.98500000241885,12.7815973469623));
#4798=CARTESIAN_POINT('',(2.3774335652814,5.99999999998889,12.7960163930755));
#4799=CARTESIAN_POINT('',(2.37288299680193,6.01499999762558,12.7816136397793));
#4800=CARTESIAN_POINT('',(2.3683286281246,5.99999999998889,12.7671941082982));
#4801=CARTESIAN_POINT('',(2.37287784991364,5.98500000241885,12.7815973469623));
#4802=CARTESIAN_POINT('',(2.36984589320233,6.,12.7719979033224));
#4803=CARTESIAN_POINT('',(-1.85009289755271,6.,12.8676787444521));
#4804=CARTESIAN_POINT('',(1.3242324768591,6.0149999975806,12.9323697887569));
#4805=CARTESIAN_POINT('',(1.32392361468325,6.00000000001111,12.9474882564793));
#4806=CARTESIAN_POINT('',(1.32423212863416,5.98500000237495,12.9323868735495));
#4807=CARTESIAN_POINT('',(1.32453956192608,6.00000000001111,12.9172683195269));
#4808=CARTESIAN_POINT('',(1.3242324768591,6.0149999975806,12.9323697887569));
#4809=CARTESIAN_POINT('',(1.32392361468325,6.00000000001111,12.9474882564793));
#4810=CARTESIAN_POINT('',(1.32423212863416,5.98500000237495,12.9323868735495));
#4811=CARTESIAN_POINT('',(1.32402651070437,6.,12.9424516147039));
#4812=CARTESIAN_POINT('',(-4.91406584255725,6.01499999762558,12.035455032865));
#4813=CARTESIAN_POINT('',(-4.91010143400961,5.99999999998889,12.0208622734601));
#4814=CARTESIAN_POINT('',(-4.91406136383328,5.98500000241886,12.0354385438572));
#4815=CARTESIAN_POINT('',(-4.91802437706317,5.99999999998889,12.0500316230206));
#4816=CARTESIAN_POINT('',(-4.91406584255725,6.01499999762558,12.035455032865));
#4817=CARTESIAN_POINT('',(-4.91010143400961,5.99999999998889,12.0208622734601));
#4818=CARTESIAN_POINT('',(-4.91406136383328,5.98500000241886,12.0354385438572));
#4819=CARTESIAN_POINT('',(-4.9114221570715,6.,12.0257237784271));
#4820=CARTESIAN_POINT('',(-8.51318954128871,6.,9.82474446660536));
#4821=CARTESIAN_POINT('',(-5.87775172478408,6.0149999975806,11.5953359014613));
#4822=CARTESIAN_POINT('',(-5.8861852169288,6.00000000001111,11.6078873823445));
#4823=CARTESIAN_POINT('',(-5.8777612544658,5.98500000237495,11.5953500858389));
#4824=CARTESIAN_POINT('',(-5.86932891771733,6.00000000001111,11.5827977598423));
#4825=CARTESIAN_POINT('',(-5.87775172478408,6.0149999975806,11.5953359014613));
#4826=CARTESIAN_POINT('',(-5.8861852169288,6.00000000001111,11.6078873823445));
#4827=CARTESIAN_POINT('',(-5.8777612544658,5.98500000237495,11.5953500858389));
#4828=CARTESIAN_POINT('',(-5.88337564116085,6.,11.6037059194464));
#4829=CARTESIAN_POINT('',(-10.6408334980346,6.01499999762559,7.46812449147776));
#4830=CARTESIAN_POINT('',(-10.6296089839646,5.99999999998889,7.45799160215251));
#4831=CARTESIAN_POINT('',(-10.6408208156615,5.98500000241886,7.46811304142268));
#4832=CARTESIAN_POINT('',(-10.6520443287899,5.99999999998889,7.47824695411152));
#4833=CARTESIAN_POINT('',(-10.6408334980346,6.01499999762559,7.46812449147776));
#4834=CARTESIAN_POINT('',(-10.6296089839646,5.99999999998889,7.45799160215251));
#4835=CARTESIAN_POINT('',(-10.6408208156615,5.98500000241886,7.46811304142268));
#4836=CARTESIAN_POINT('',(-10.6333483749258,6.,7.46136732358508));
#4837=CARTESIAN_POINT('',(-12.4734086569885,6.,3.66252323893858));
#4838=CARTESIAN_POINT('',(-11.2135912840175,6.01499999758061,6.57686479418023));
#4839=CARTESIAN_POINT('',(-11.2274718319633,6.00000000001111,6.58286428172838));
#4840=CARTESIAN_POINT('',(-11.2136069695494,5.98500000237495,6.57687157470304));
#4841=CARTESIAN_POINT('',(-11.1997269366819,6.00000000001111,6.57087075154593));
#4842=CARTESIAN_POINT('',(-11.2135912840175,6.01499999758061,6.57686479418023));
#4843=CARTESIAN_POINT('',(-11.2274718319633,6.00000000001111,6.58286428172838));
#4844=CARTESIAN_POINT('',(-11.2136069695494,5.98500000237495,6.57687157470304));
#4845=CARTESIAN_POINT('',(-11.2228475969033,6.,6.5808655826328));
#4846=CARTESIAN_POINT('',(-12.9892117024227,6.01499999762558,0.52971719129241));
#4847=CARTESIAN_POINT('',(-12.974290786739,5.99999999998889,0.527261292812062));
#4848=CARTESIAN_POINT('',(-12.9891948429644,5.98500000241886,0.529714415501643));
#4849=CARTESIAN_POINT('',(-13.0041154698745,5.99999999998889,0.532171716040096));
#4850=CARTESIAN_POINT('',(-12.9892117024227,6.01499999762558,0.52971719129241));
#4851=CARTESIAN_POINT('',(-12.974290786739,5.99999999998889,0.527261292812062));
#4852=CARTESIAN_POINT('',(-12.9891948429644,5.98500000241886,0.529714415501643));
#4853=CARTESIAN_POINT('',(-12.9792616153905,6.,0.52807946300705));
#4854=CARTESIAN_POINT('',(-12.4734086569885,6.,-3.66252323893859));
#4855=CARTESIAN_POINT('',(-12.9891948420252,6.01499999758061,-0.529714415347013));
#4856=CARTESIAN_POINT('',(-13.0041154698746,6.00000000001111,-0.532171716040114));
#4857=CARTESIAN_POINT('',(-12.9892117033617,5.98500000237495,-0.529717191447024));
#4858=CARTESIAN_POINT('',(-12.9742907867391,6.00000000001111,-0.527261292812081));
#4859=CARTESIAN_POINT('',(-12.9891948420252,6.01499999758061,-0.529714415347013));
#4860=CARTESIAN_POINT('',(-13.0041154698746,6.00000000001111,-0.532171716040114));
#4861=CARTESIAN_POINT('',(-12.9892117033617,5.98500000237495,-0.529717191447024));
#4862=CARTESIAN_POINT('',(-12.9991447374809,6.,-0.531353078492416));
#4863=CARTESIAN_POINT('',(-11.2136069686758,6.01499999762559,-6.57687157432543));
#4864=CARTESIAN_POINT('',(-11.1997269366819,5.99999999998889,-6.57087075154592));
#4865=CARTESIAN_POINT('',(-11.2135912848912,5.98500000241886,-6.57686479455793));
#4866=CARTESIAN_POINT('',(-11.2274718319632,5.99999999998889,-6.58286428172837));
#4867=CARTESIAN_POINT('',(-11.2136069686758,6.01499999762559,-6.57687157432543));
#4868=CARTESIAN_POINT('',(-11.1997269366819,5.99999999998889,-6.57087075154592));
#4869=CARTESIAN_POINT('',(-11.2135912848912,5.98500000241886,-6.57686479455793));
#4870=CARTESIAN_POINT('',(-11.2043510000491,6.,-6.57286989584451));
#4871=CARTESIAN_POINT('',(-8.51318954128871,6.,-9.82474446660536));
#4872=CARTESIAN_POINT('',(-10.640820814955,6.01499999758061,-7.4681130407848));
#4873=CARTESIAN_POINT('',(-10.6520443287899,6.00000000001111,-7.47824695411156));
#4874=CARTESIAN_POINT('',(-10.6408334987409,5.98500000237495,-7.46812449211549));
#4875=CARTESIAN_POINT('',(-10.6296089839647,6.00000000001111,-7.45799160215255));
#4876=CARTESIAN_POINT('',(-10.640820814955,6.01499999758061,-7.4681130407848));
#4877=CARTESIAN_POINT('',(-10.6520443287899,6.00000000001111,-7.47824695411156));
#4878=CARTESIAN_POINT('',(-10.6408334987409,5.98500000237495,-7.46812449211549));
#4879=CARTESIAN_POINT('',(-10.648305271476,6.,-7.47487089155776));
#4880=CARTESIAN_POINT('',(-5.87776125393508,6.01499999762559,-11.5953500850489));
#4881=CARTESIAN_POINT('',(-5.86932891771731,5.99999999998889,-11.5827977598423));
#4882=CARTESIAN_POINT('',(-5.87775172531492,5.98500000241886,-11.5953359022514));
#4883=CARTESIAN_POINT('',(-5.88618521692877,5.99999999998889,-11.6078873823445));
#4884=CARTESIAN_POINT('',(-5.87776125393508,6.01499999762559,-11.5953500850489));
#4885=CARTESIAN_POINT('',(-5.86932891771731,5.99999999998889,-11.5827977598423));
#4886=CARTESIAN_POINT('',(-5.87775172531492,5.98500000241886,-11.5953359022514));
#4887=CARTESIAN_POINT('',(-5.8721381083532,6.,-11.5869795044449));
#4888=CARTESIAN_POINT('',(-1.85009289755271,6.,-12.8676787444521));
#4889=CARTESIAN_POINT('',(-4.91406136358377,6.01499999758061,-12.0354385429386));
#4890=CARTESIAN_POINT('',(-4.91802437706318,6.00000000001111,-12.0500316230206));
#4891=CARTESIAN_POINT('',(-4.91406584280671,5.98500000237495,-12.0354550337834));
#4892=CARTESIAN_POINT('',(-4.91010143400962,6.00000000001111,-12.0208622734601));
#4893=CARTESIAN_POINT('',(-4.91406136358377,6.01499999758061,-12.0354385429386));
#4894=CARTESIAN_POINT('',(-4.91802437706318,6.00000000001111,-12.0500316230206));
#4895=CARTESIAN_POINT('',(-4.91406584280671,5.98500000237495,-12.0354550337834));
#4896=CARTESIAN_POINT('',(-4.91670411910721,6.,-12.0451700114674));
#4897=CARTESIAN_POINT('',(1.32423212865356,6.01499999762558,-12.932386872598));
#4898=CARTESIAN_POINT('',(1.32453956192609,5.99999999998889,-12.9172683195268));
#4899=CARTESIAN_POINT('',(1.3242324768397,5.98500000241886,-12.9323697897086));
#4900=CARTESIAN_POINT('',(1.32392361468325,5.99999999998889,-12.9474882564792));
#4901=CARTESIAN_POINT('',(1.32423212865356,6.01499999762558,-12.932386872598));
#4902=CARTESIAN_POINT('',(1.32453956192609,5.99999999998889,-12.9172683195268));
#4903=CARTESIAN_POINT('',(1.3242324768397,5.98500000241886,-12.9323697897086));
#4904=CARTESIAN_POINT('',(1.3244371421996,6.,-12.922304990069));
#4905=CARTESIAN_POINT('',(5.40039516902452,6.,-11.8252159396087));
#4906=CARTESIAN_POINT('',(2.37287784962691,6.01499999758061,-12.7815973460546));
#4907=CARTESIAN_POINT('',(2.37743356528142,6.00000000001111,-12.7960163930755));
#4908=CARTESIAN_POINT('',(2.3728829970886,5.98500000237495,-12.7816136406868));
#4909=CARTESIAN_POINT('',(2.36832862812462,6.00000000001111,-12.7671941082983));
#4910=CARTESIAN_POINT('',(2.37287784962691,6.01499999758061,-12.7815973460546));
#4911=CARTESIAN_POINT('',(2.37743356528142,6.00000000001111,-12.7960163930755));
#4912=CARTESIAN_POINT('',(2.3728829970886,5.98500000237495,-12.7816136406868));
#4913=CARTESIAN_POINT('',(2.37591585130686,6.,-12.7912127598406));
#4914=CARTESIAN_POINT('',(8.10579116697182,6.01499999762559,-10.1634822039764));
#4915=CARTESIAN_POINT('',(8.09787608940729,5.99999999998889,-10.1505974568182));
#4916=CARTESIAN_POINT('',(8.10578222417731,5.98500000241886,-10.1634676446917));
#4917=CARTESIAN_POINT('',(8.1136960530306,5.99999999998889,-10.1763530917622));
#4918=CARTESIAN_POINT('',(8.10579116697182,6.01499999762559,-10.1634822039764));
#4919=CARTESIAN_POINT('',(8.09787608940729,5.99999999998889,-10.1505974568182));
#4920=CARTESIAN_POINT('',(8.10578222417731,5.98500000241886,-10.1634676446917));
#4921=CARTESIAN_POINT('',(8.10051295812971,6.,-10.1548899459902));
#4922=CARTESIAN_POINT('',(10.9362959268054,6.,-7.02833062692277));
#4923=CARTESIAN_POINT('',(8.90644511153476,6.01499999758061,-9.46968930224949));
#4924=CARTESIAN_POINT('',(8.91807314879202,6.00000000001111,-9.47935637066037));
#4925=CARTESIAN_POINT('',(8.90645825139836,5.98500000237495,-9.46970022723849));
#4926=CARTESIAN_POINT('',(8.89483108463974,6.00000000001111,-9.46003202243456));
#4927=CARTESIAN_POINT('',(8.90644511153476,6.01499999758061,-9.46968930224949));
#4928=CARTESIAN_POINT('',(8.91807314879202,6.00000000001111,-9.47935637066037));
#4929=CARTESIAN_POINT('',(8.90645825139836,5.98500000237495,-9.46970022723849));
#4930=CARTESIAN_POINT('',(8.9141993263502,6.,-9.47613583535491));
#4931=CARTESIAN_POINT('',(12.3138187825601,6.01499999762559,-4.16774374732602));
#4932=CARTESIAN_POINT('',(12.30019417536,5.99999999998889,-4.16118362226425));
#4933=CARTESIAN_POINT('',(12.313803388059,5.98500000241886,-4.16773633411601));
#4934=CARTESIAN_POINT('',(12.3274273231775,5.99999999998889,-4.17429772308578));
#4935=CARTESIAN_POINT('',(12.3138187825601,6.01499999762559,-4.16774374732602));
#4936=CARTESIAN_POINT('',(12.30019417536,5.99999999998889,-4.16118362226425));
#4937=CARTESIAN_POINT('',(12.313803388059,5.98500000241886,-4.16773633411601));
#4938=CARTESIAN_POINT('',(12.3047331453431,6.,-4.16336909508317));
#4939=CARTESIAN_POINT('',(13.,6.,0.));
#4940=CARTESIAN_POINT('',(12.6122789804643,6.01499999758061,-3.15122181460749));
#4941=CARTESIAN_POINT('',(12.6272875196549,6.00000000001111,-3.1530676784921));
#4942=CARTESIAN_POINT('',(12.612295940916,5.98500000237495,-3.15122390134648));
#4943=CARTESIAN_POINT('',(12.5972875196549,6.00000000001111,-3.14937661084012));
#4944=CARTESIAN_POINT('',(12.6122789804643,6.01499999758061,-3.15122181460749));
#4945=CARTESIAN_POINT('',(12.6272875196549,6.00000000001111,-3.1530676784921));
#4946=CARTESIAN_POINT('',(12.612295940916,5.98500000237495,-3.15122390134648));
#4947=CARTESIAN_POINT('',(12.6222875,6.,-3.15245273832039));
#4948=CARTESIAN_POINT('',(12.6122959399714,6.01499999762558,3.15122390123027));
#4949=CARTESIAN_POINT('',(12.5972875196549,5.99999999998889,3.14937661084011));
#4950=CARTESIAN_POINT('',(12.6122789814091,5.98500000241886,3.15122181472373));
#4951=CARTESIAN_POINT('',(12.6272875196549,5.99999999998889,3.15306767849209));
#4952=CARTESIAN_POINT('',(12.6122959399714,6.01499999762558,3.15122390123027));
#4953=CARTESIAN_POINT('',(12.5972875196549,5.99999999998889,3.14937661084011));
#4954=CARTESIAN_POINT('',(12.6122789814091,5.98500000241886,3.15122181472373));
#4955=CARTESIAN_POINT('',(12.6022875,6.,3.14999202655241));
#4956=CARTESIAN_POINT('',(0.,6.,0.));
#4957=CARTESIAN_POINT('',(0.,6.,0.));
#4958=CARTESIAN_POINT('',(0.,6.,0.));
#4959=CARTESIAN_POINT('',(0.,6.,0.));
#4960=CARTESIAN_POINT('',(0.,6.,0.));
#4961=CARTESIAN_POINT('',(0.,6.,0.));
#4962=CARTESIAN_POINT('',(0.,6.,0.));
#4963=CARTESIAN_POINT('',(0.,6.,0.));
#4964=CARTESIAN_POINT('',(0.,6.,0.));
#4965=CARTESIAN_POINT('',(0.,6.,0.));
#4966=CARTESIAN_POINT('',(0.,6.,0.));
#4967=CARTESIAN_POINT('',(13.,12.,-7.34763812293426E-16));
#4968=CARTESIAN_POINT('',(0.,12.,-7.34763812293426E-16));
#4969=CARTESIAN_POINT('',(9.1,12.,-7.34763812293426E-16));
#4970=CARTESIAN_POINT('',(0.,12.,-7.34763812293426E-16));
#4971=CARTESIAN_POINT('',(16.9,12.,-7.34763812293426E-16));
#4972=CARTESIAN_POINT('',(10.0975,8.54,-3.11050013870884E-16));
#4973=CARTESIAN_POINT('',(0.,8.54,-3.11050013870884E-16));
#4974=CARTESIAN_POINT('',(11.095,8.54,-3.11050013870884E-16));
#4975=CARTESIAN_POINT('',(0.,8.54,-3.11050013870884E-16));
#4976=CARTESIAN_POINT('',(9.1,8.54,-3.11050013870884E-16));
#4977=CARTESIAN_POINT('',(15.9025,8.54,-3.11050013870884E-16));
#4978=CARTESIAN_POINT('',(0.,8.54,-3.11050013870884E-16));
#4979=CARTESIAN_POINT('',(16.9,8.54,-3.11050013870884E-16));
#4980=CARTESIAN_POINT('',(0.,8.54,-3.11050013870884E-16));
#4981=CARTESIAN_POINT('',(14.905,8.54,-3.11050013870884E-16));
#4982=CARTESIAN_POINT('',(0.,11.4,-6.61287431064084E-16));
#4983=CARTESIAN_POINT('',(0.,11.4,-6.61287431064084E-16));
#4984=CARTESIAN_POINT('',(17.5,11.4,-6.61287431064084E-16));
#4985=CARTESIAN_POINT('',(0.,10.27,-5.22906913082155E-16));
#4986=CARTESIAN_POINT('',(0.,9.14,-3.84526395100226E-16));
#4987=CARTESIAN_POINT('',(17.5,9.14,-3.84526395100226E-16));
#4988=CARTESIAN_POINT('',(0.,8.84,-3.47788204485555E-16));
#4989=CARTESIAN_POINT('',(0.,6.,0.));
#4990=CARTESIAN_POINT('',(0.,8.84,-3.47788204485555E-16));
#4991=CARTESIAN_POINT('',(0.,9.14,-3.84526395100227E-16));
#4992=CARTESIAN_POINT('',(8.5,9.14,-3.84526395100227E-16));
#4993=CARTESIAN_POINT('',(0.,10.27,-5.22906913082155E-16));
#4994=CARTESIAN_POINT('',(0.,11.4,-6.61287431064084E-16));
#4995=CARTESIAN_POINT('',(8.5,11.4,-6.61287431064084E-16));
#4996=CARTESIAN_POINT('',(0.,11.4,-6.61287431064084E-16));
#4997=CARTESIAN_POINT('',(13.5,0.,0.));
#4998=CARTESIAN_POINT('',(0.,0.,0.));
#4999=CARTESIAN_POINT('',(10.1,0.,0.));
#5000=CARTESIAN_POINT('',(0.,0.,0.));
#5001=CARTESIAN_POINT('',(16.9,0.,0.));
#5002=CARTESIAN_POINT('',(10.5975,3.46,0.));
#5003=CARTESIAN_POINT('',(0.,3.46,0.));
#5004=CARTESIAN_POINT('',(11.095,3.46,0.));
#5005=CARTESIAN_POINT('',(0.,3.46,0.));
#5006=CARTESIAN_POINT('',(10.1,3.46,0.));
#5007=CARTESIAN_POINT('',(15.9025,3.46,0.));
#5008=CARTESIAN_POINT('',(0.,3.46,0.));
#5009=CARTESIAN_POINT('',(16.9,3.46,0.));
#5010=CARTESIAN_POINT('',(0.,3.46,0.));
#5011=CARTESIAN_POINT('',(14.905,3.46,0.));
#5012=CARTESIAN_POINT('',(0.,0.6,0.));
#5013=CARTESIAN_POINT('',(0.,0.6,0.));
#5014=CARTESIAN_POINT('',(17.5,0.6,0.));
#5015=CARTESIAN_POINT('',(0.,1.73,0.));
#5016=CARTESIAN_POINT('',(0.,2.86,0.));
#5017=CARTESIAN_POINT('',(17.5,2.86,0.));
#5018=CARTESIAN_POINT('',(0.,3.16,0.));
#5019=CARTESIAN_POINT('',(0.,6.,0.));
#5020=CARTESIAN_POINT('',(0.,3.16,0.));
#5021=CARTESIAN_POINT('',(0.,2.86,0.));
#5022=CARTESIAN_POINT('',(9.5,2.86,0.));
#5023=CARTESIAN_POINT('',(0.,1.73,0.));
#5024=CARTESIAN_POINT('',(0.,0.6,0.));
#5025=CARTESIAN_POINT('',(9.5,0.6,0.));
#5026=CARTESIAN_POINT('',(0.,0.6,0.));
#5027=CARTESIAN_POINT('',(20.,-27.9999999999999,-159.));
#5028=CARTESIAN_POINT('',(20.,-28.,-146.5));
#5029=CARTESIAN_POINT('',(-2.94902990916057E-14,3.98986399474666E-14,-202.5));
#5030=CARTESIAN_POINT('',(0.,0.,1.25));
#5031=CARTESIAN_POINT('',(0.,0.,-0.75));
#5032=CARTESIAN_POINT('',(-5.25,0.,-0.75));
#5033=CARTESIAN_POINT('',(0.,0.,0.75));
#5034=CARTESIAN_POINT('',(-5.25,0.,0.75));
#5035=CARTESIAN_POINT('',(0.,0.,1.25));
#5036=CARTESIAN_POINT('',(0.,0.,0.75));
#5037=CARTESIAN_POINT('',(-10.5,0.,0.75));
#5038=CARTESIAN_POINT('',(0.,0.,-1.25));
#5039=CARTESIAN_POINT('',(10.5,0.,-1.25));
#5040=CARTESIAN_POINT('',(0.,0.,1.25));
#5041=CARTESIAN_POINT('',(0.,0.,1.25));
#5042=CARTESIAN_POINT('',(-5.75,0.,1.25));
#5043=CARTESIAN_POINT('',(0.,0.,1.25));
#5044=CARTESIAN_POINT('',(-10.,0.,1.25));
#5045=CARTESIAN_POINT('',(0.,0.,-1.25));
#5046=CARTESIAN_POINT('',(0.,0.,-1.25));
#5047=CARTESIAN_POINT('',(-5.75,0.,-1.25));
#5048=CARTESIAN_POINT('',(0.,0.,-0.75));
#5049=CARTESIAN_POINT('',(0.,0.,1.25));
#5050=CARTESIAN_POINT('',(0.,0.,0.75));
#5051=CARTESIAN_POINT('',(-30.,-9.24999999999999,20.));
#5052=CARTESIAN_POINT('',(-30.,-9.24999999999994,-222.5));
#5053=CARTESIAN_POINT('',(85.,-9.24999999999999,-123.5));
#5054=CARTESIAN_POINT('',(-30.,-9.24999999999994,-182.5));
#5055=CARTESIAN_POINT('',(130.,-9.25000000000002,-63.5));
#5056=CARTESIAN_POINT('',(3.46944695195361E-14,0.,-182.25));
#5057=CARTESIAN_POINT('',(3.46944695195361E-14,0.,-182.25));
#5058=CARTESIAN_POINT('',(-7.,0.,-182.25));
#5059=CARTESIAN_POINT('',(3.46944695195361E-14,0.,182.25));
#5060=CARTESIAN_POINT('',(3.46944695195361E-14,0.,-181.25));
#5061=CARTESIAN_POINT('',(-8.,0.,-181.25));
#5062=CARTESIAN_POINT('',(3.46944695195361E-14,0.,-137.25));
#5063=CARTESIAN_POINT('',(-7.99999999999999,0.,-137.25));
#5064=CARTESIAN_POINT('',(-7.99999999999999,0.,-137.25));
#5065=CARTESIAN_POINT('',(3.46944695195361E-14,0.,-137.25));
#5066=CARTESIAN_POINT('',(-8.49999999999998,0.,-137.25));
#5067=CARTESIAN_POINT('',(3.46944695195361E-14,0.,182.25));
#5068=CARTESIAN_POINT('',(3.46944695195361E-14,0.,137.25));
#5069=CARTESIAN_POINT('',(-8.49999999999998,0.,137.25));
#5070=CARTESIAN_POINT('',(-8.49999999999998,0.,137.25));
#5071=CARTESIAN_POINT('',(3.46944695195361E-14,0.,137.25));
#5072=CARTESIAN_POINT('',(-7.99999999999999,0.,137.25));
#5073=CARTESIAN_POINT('',(3.46944695195361E-14,0.,182.25));
#5074=CARTESIAN_POINT('',(3.46944695195361E-14,0.,181.25));
#5075=CARTESIAN_POINT('',(8.00000000000007,0.,181.25));
#5076=CARTESIAN_POINT('',(-8.,0.,182.25));
#5077=CARTESIAN_POINT('',(3.46944695195361E-14,0.,182.25));
#5078=CARTESIAN_POINT('',(7.00000000000007,0.,182.25));
#5079=CARTESIAN_POINT('',(3.46944695195361E-14,0.,-182.25));
#5080=CARTESIAN_POINT('',(3.46944695195361E-14,0.,181.25));
#5081=CARTESIAN_POINT('',(20.,-27.9999999999999,-101.25));
#5082=CARTESIAN_POINT('',(130.,-9.25000000000001,-123.5));
#5083=CARTESIAN_POINT('',(-30.,-9.25,-20.));
#5084=CARTESIAN_POINT('',(0.,0.,-3.));
#5085=CARTESIAN_POINT('',(0.,0.,-3.));
#5086=CARTESIAN_POINT('',(8.75,0.,-3.));
#5087=CARTESIAN_POINT('',(0.,0.,0.));
#5088=CARTESIAN_POINT('',(8.75,0.,0.));
#5089=CARTESIAN_POINT('',(0.,0.,-3.));
#5090=CARTESIAN_POINT('',(0.,0.,-0.5));
#5091=CARTESIAN_POINT('',(-15.,0.,-0.5));
#5092=CARTESIAN_POINT('',(0.,0.,-3.));
#5093=CARTESIAN_POINT('',(15.,0.,-3.));
#5094=CARTESIAN_POINT('',(0.,0.,-3.));
#5095=CARTESIAN_POINT('',(0.,0.,0.));
#5096=CARTESIAN_POINT('',(0.,0.,0.));
#5097=CARTESIAN_POINT('',(-14.5,0.,0.));
#5098=CARTESIAN_POINT('',(0.,0.,-0.5));
#5099=CARTESIAN_POINT('',(20.,-28.,43.));
#5100=CARTESIAN_POINT('',(20.,-27.9999999999999,-245.5));
#5101=CARTESIAN_POINT('',(6.92820323027552,12.,6.5));
#5102=CARTESIAN_POINT('',(-6.92820323027553,12.,-5.50000000000001));
#5103=CARTESIAN_POINT('',(-6.1761854685044,12.,-5.87600888088558));
#5104=CARTESIAN_POINT('',(-5.40184956579908,12.,-6.21719252130107));
#5105=CARTESIAN_POINT('',(-4.61380397057549,12.,-6.5));
#5106=CARTESIAN_POINT('',(-6.92820323027552,12.,-5.5));
#5107=CARTESIAN_POINT('',(-4.61380397057548,12.,-6.5));
#5108=CARTESIAN_POINT('',(-6.92820323027552,12.,6.5));
#5109=CARTESIAN_POINT('',(-6.92820323027552,12.,5.5));
#5110=CARTESIAN_POINT('',(-4.61380397057553,12.,6.50000000000011));
#5111=CARTESIAN_POINT('',(-5.40752452691058,12.,6.21515593680229));
#5112=CARTESIAN_POINT('',(-6.1762971194388,12.,5.87595305541836));
#5113=CARTESIAN_POINT('',(-6.92820323027553,12.,5.5));
#5114=CARTESIAN_POINT('',(-4.61380397057548,12.,6.5));
#5115=CARTESIAN_POINT('',(6.92820323027552,12.,6.5));
#5116=CARTESIAN_POINT('',(4.61380397057552,12.,6.5));
#5117=CARTESIAN_POINT('',(6.92820323027552,12.,5.50000000000004));
#5118=CARTESIAN_POINT('',(6.1761854685044,12.,5.8760088808856));
#5119=CARTESIAN_POINT('',(5.4018495657991,12.,6.21719252130108));
#5120=CARTESIAN_POINT('',(4.61380397057553,12.,6.5));
#5121=CARTESIAN_POINT('',(6.9282032302755,12.,5.5));
#5122=CARTESIAN_POINT('',(6.92820323027552,12.,6.5));
#5123=CARTESIAN_POINT('',(6.9282032302755,12.,-5.5));
#5124=CARTESIAN_POINT('',(4.61380397057558,12.,-6.50000000000011));
#5125=CARTESIAN_POINT('',(5.40752452691061,12.,-6.2151559368023));
#5126=CARTESIAN_POINT('',(6.1762971194388,12.,-5.87595305541838));
#5127=CARTESIAN_POINT('',(6.92820323027552,12.,-5.50000000000002));
#5128=CARTESIAN_POINT('',(4.61380397057552,12.,-6.5));
#5129=CARTESIAN_POINT('',(6.92820323027552,12.,-6.5));
#5130=CARTESIAN_POINT('',(-6.92820323027552,12.,6.5));
#5131=CARTESIAN_POINT('',(-13.856406460551,-7.13320495614298E-16,-5.5));
#5132=CARTESIAN_POINT('',(-13.4798203676255,0.65226624637086,-5.87658609292552));
#5133=CARTESIAN_POINT('',(-13.0953095645624,1.31825849333531,-6.21569965964392));
#5134=CARTESIAN_POINT('',(-12.699206830701,2.00432855340014,-6.5));
#5135=CARTESIAN_POINT('',(-13.856406460551,0.,-5.5));
#5136=CARTESIAN_POINT('',(-12.699206830701,2.00432855340014,-6.5));
#5137=CARTESIAN_POINT('',(-13.856406460551,0.,6.5));
#5138=CARTESIAN_POINT('',(-13.856406460551,0.,5.5));
#5139=CARTESIAN_POINT('',(-12.699206830701,2.00432855340013,6.50000000000002));
#5140=CARTESIAN_POINT('',(-13.0960563214043,1.31696507254417,6.21516367943937));
#5141=CARTESIAN_POINT('',(-13.4827889922849,0.647124437632282,5.87361746826619));
#5142=CARTESIAN_POINT('',(-13.856406460551,-1.0951409325155E-14,5.5));
#5143=CARTESIAN_POINT('',(-12.699206830701,2.00432855340014,6.5));
#5144=CARTESIAN_POINT('',(-6.92820323027552,12.,6.5));
#5145=CARTESIAN_POINT('',(-8.08540286012555,9.99567144659988,6.5));
#5146=CARTESIAN_POINT('',(-6.92820323027552,12.,5.5));
#5147=CARTESIAN_POINT('',(-7.30478932320105,11.3477337536292,5.87658609292552));
#5148=CARTESIAN_POINT('',(-7.68930012626417,10.6817415066647,6.21569965964392));
#5149=CARTESIAN_POINT('',(-8.08540286012554,9.99567144659988,6.5));
#5150=CARTESIAN_POINT('',(-8.08540286012554,9.99567144659989,-6.50000000000002));
#5151=CARTESIAN_POINT('',(-7.68855336942223,10.6830349274559,-6.21516367943937));
#5152=CARTESIAN_POINT('',(-7.30182069854172,11.3528755623677,-5.8736174682662));
#5153=CARTESIAN_POINT('',(-6.92820323027553,12.,-5.50000000000001));
#5154=CARTESIAN_POINT('',(-8.08540286012555,9.99567144659988,-6.5));
#5155=CARTESIAN_POINT('',(-6.92820323027552,12.,-6.5));
#5156=CARTESIAN_POINT('',(-13.856406460551,-8.67361737988404E-16,6.5));
#5157=CARTESIAN_POINT('',(-6.92820323027553,-12.,-5.50000000000001));
#5158=CARTESIAN_POINT('',(-7.30478932320105,-11.3477337536291,-5.87658609292553));
#5159=CARTESIAN_POINT('',(-7.68930012626417,-10.6817415066647,-6.21569965964392));
#5160=CARTESIAN_POINT('',(-8.08540286012554,-9.99567144659988,-6.5));
#5161=CARTESIAN_POINT('',(-6.92820323027554,-12.,-5.5));
#5162=CARTESIAN_POINT('',(-8.08540286012554,-9.99567144659988,-6.5));
#5163=CARTESIAN_POINT('',(-6.92820323027552,-12.,6.5));
#5164=CARTESIAN_POINT('',(-6.92820323027554,-12.,5.5));
#5165=CARTESIAN_POINT('',(-8.08540286012554,-9.99567144659989,6.50000000000002));
#5166=CARTESIAN_POINT('',(-7.68855336942223,-10.6830349274559,6.21516367943937));
#5167=CARTESIAN_POINT('',(-7.30182069854171,-11.3528755623677,5.8736174682662));
#5168=CARTESIAN_POINT('',(-6.92820323027552,-12.,5.50000000000001));
#5169=CARTESIAN_POINT('',(-8.08540286012554,-9.99567144659988,6.5));
#5170=CARTESIAN_POINT('',(-13.856406460551,-8.67361737988404E-16,6.5));
#5171=CARTESIAN_POINT('',(-12.699206830701,-2.00432855340015,6.5));
#5172=CARTESIAN_POINT('',(-13.856406460551,-3.36057971351093E-15,5.5));
#5173=CARTESIAN_POINT('',(-13.4798203676255,-0.652266246370865,5.87658609292552));
#5174=CARTESIAN_POINT('',(-13.0953095645624,-1.31825849333532,6.21569965964392));
#5175=CARTESIAN_POINT('',(-12.699206830701,-2.00432855340015,6.5));
#5176=CARTESIAN_POINT('',(-12.699206830701,-2.00432855340014,-6.50000000000002));
#5177=CARTESIAN_POINT('',(-13.0960563214043,-1.31696507254417,-6.21516367943937));
#5178=CARTESIAN_POINT('',(-13.4827889922849,-0.647124437632292,-5.87361746826619));
#5179=CARTESIAN_POINT('',(-13.856406460551,1.77325083213099E-15,-5.5));
#5180=CARTESIAN_POINT('',(-12.699206830701,-2.00432855340015,-6.5));
#5181=CARTESIAN_POINT('',(-13.856406460551,-8.67361737988404E-16,-6.5));
#5182=CARTESIAN_POINT('',(-6.92820323027552,-12.,6.5));
#5183=CARTESIAN_POINT('',(6.92820323027552,-12.,-5.50000000000003));
#5184=CARTESIAN_POINT('',(6.1761854685044,-12.,-5.87600888088559));
#5185=CARTESIAN_POINT('',(5.40184956579908,-12.,-6.21719252130108));
#5186=CARTESIAN_POINT('',(4.6138039705755,-12.,-6.50000000000001));
#5187=CARTESIAN_POINT('',(6.92820323027551,-12.,-5.5));
#5188=CARTESIAN_POINT('',(4.61380397057551,-12.,-6.5));
#5189=CARTESIAN_POINT('',(6.92820323027552,-12.,6.5));
#5190=CARTESIAN_POINT('',(6.92820323027551,-12.,5.5));
#5191=CARTESIAN_POINT('',(4.61380397057556,-12.,6.50000000000012));
#5192=CARTESIAN_POINT('',(5.4075245269106,-12.,6.2151559368023));
#5193=CARTESIAN_POINT('',(6.1762971194388,-12.,5.87595305541837));
#5194=CARTESIAN_POINT('',(6.92820323027552,-12.,5.50000000000001));
#5195=CARTESIAN_POINT('',(4.61380397057551,-12.,6.5));
#5196=CARTESIAN_POINT('',(-6.92820323027552,-12.,6.5));
#5197=CARTESIAN_POINT('',(-4.6138039705755,-12.,6.5));
#5198=CARTESIAN_POINT('',(-6.92820323027555,-12.,5.50000000000001));
#5199=CARTESIAN_POINT('',(-6.17618546850441,-12.,5.87600888088558));
#5200=CARTESIAN_POINT('',(-5.40184956579909,-12.,6.21719252130107));
#5201=CARTESIAN_POINT('',(-4.61380397057551,-12.,6.5));
#5202=CARTESIAN_POINT('',(-4.61380397057555,-12.,-6.50000000000011));
#5203=CARTESIAN_POINT('',(-5.4075245269106,-12.,-6.21515593680229));
#5204=CARTESIAN_POINT('',(-6.17629711943881,-12.,-5.87595305541836));
#5205=CARTESIAN_POINT('',(-6.92820323027554,-12.,-5.5));
#5206=CARTESIAN_POINT('',(-4.6138039705755,-12.,-6.5));
#5207=CARTESIAN_POINT('',(-6.92820323027552,-12.,-6.5));
#5208=CARTESIAN_POINT('',(6.92820323027552,-12.,6.5));
#5209=CARTESIAN_POINT('',(13.856406460551,1.78652589239658E-14,-5.50000000000005));
#5210=CARTESIAN_POINT('',(13.4798203676255,-0.65226624637081,-5.87658609292555));
#5211=CARTESIAN_POINT('',(13.0953095645624,-1.31825849333523,-6.21569965964393));
#5212=CARTESIAN_POINT('',(12.699206830701,-2.00432855340002,-6.50000000000001));
#5213=CARTESIAN_POINT('',(13.856406460551,-3.64291929955129E-14,-5.5));
#5214=CARTESIAN_POINT('',(12.699206830701,-2.00432855340002,-6.5));
#5215=CARTESIAN_POINT('',(13.856406460551,3.64291929955129E-14,6.5));
#5216=CARTESIAN_POINT('',(13.856406460551,-3.64291929955129E-14,5.5));
#5217=CARTESIAN_POINT('',(12.699206830701,-2.00432855340001,6.50000000000002));
#5218=CARTESIAN_POINT('',(13.0960563214043,-1.31696507254408,6.21516367943938));
#5219=CARTESIAN_POINT('',(13.4827889922848,-0.647124437632236,5.87361746826622));
#5220=CARTESIAN_POINT('',(13.856406460551,2.53231626356881E-14,5.50000000000005));
#5221=CARTESIAN_POINT('',(12.699206830701,-2.00432855340002,6.5));
#5222=CARTESIAN_POINT('',(6.92820323027552,-12.,6.5));
#5223=CARTESIAN_POINT('',(8.08540286012551,-9.9956714465999,6.5));
#5224=CARTESIAN_POINT('',(6.92820323027551,-12.,5.5));
#5225=CARTESIAN_POINT('',(7.30478932320103,-11.3477337536292,5.87658609292552));
#5226=CARTESIAN_POINT('',(7.68930012626415,-10.6817415066647,6.21569965964392));
#5227=CARTESIAN_POINT('',(8.08540286012551,-9.9956714465999,6.5));
#5228=CARTESIAN_POINT('',(8.08540286012551,-9.99567144659991,-6.50000000000003));
#5229=CARTESIAN_POINT('',(7.68855336942221,-10.6830349274559,-6.21516367943937));
#5230=CARTESIAN_POINT('',(7.30182069854169,-11.3528755623677,-5.87361746826619));
#5231=CARTESIAN_POINT('',(6.92820323027551,-12.,-5.5));
#5232=CARTESIAN_POINT('',(8.08540286012551,-9.9956714465999,-6.5));
#5233=CARTESIAN_POINT('',(6.92820323027552,-12.,-6.5));
#5234=CARTESIAN_POINT('',(13.856406460551,3.51089595349855E-14,6.5));
#5235=CARTESIAN_POINT('',(6.9282032302755,12.,-5.5));
#5236=CARTESIAN_POINT('',(7.30478932320102,11.3477337536292,-5.87658609292552));
#5237=CARTESIAN_POINT('',(7.68930012626415,10.6817415066647,-6.21569965964392));
#5238=CARTESIAN_POINT('',(8.08540286012552,9.9956714465999,-6.50000000000001));
#5239=CARTESIAN_POINT('',(8.08540286012552,9.9956714465999,-6.5));
#5240=CARTESIAN_POINT('',(8.08540286012552,9.9956714465999,6.50000000000003));
#5241=CARTESIAN_POINT('',(7.68855336942221,10.6830349274559,6.21516367943937));
#5242=CARTESIAN_POINT('',(7.30182069854169,11.3528755623677,5.87361746826619));
#5243=CARTESIAN_POINT('',(6.9282032302755,12.,5.5));
#5244=CARTESIAN_POINT('',(8.08540286012552,9.9956714465999,6.5));
#5245=CARTESIAN_POINT('',(13.856406460551,3.51089595349855E-14,6.5));
#5246=CARTESIAN_POINT('',(12.699206830701,2.0043285534001,6.5));
#5247=CARTESIAN_POINT('',(13.856406460551,-3.58329066207792E-14,5.5));
#5248=CARTESIAN_POINT('',(13.4798203676255,0.652266246370823,5.87658609292552));
#5249=CARTESIAN_POINT('',(13.0953095645624,1.31825849333527,6.21569965964392));
#5250=CARTESIAN_POINT('',(12.699206830701,2.0043285534001,6.50000000000001));
#5251=CARTESIAN_POINT('',(12.699206830701,2.00432855340009,-6.50000000000003));
#5252=CARTESIAN_POINT('',(13.0960563214043,1.31696507254413,-6.21516367943937));
#5253=CARTESIAN_POINT('',(13.4827889922849,0.647124437632263,-5.87361746826619));
#5254=CARTESIAN_POINT('',(13.856406460551,-2.73592149179766E-14,-5.5));
#5255=CARTESIAN_POINT('',(12.699206830701,2.0043285534001,-6.5));
#5256=CARTESIAN_POINT('',(13.856406460551,3.51089595349855E-14,-6.5));
#5257=CARTESIAN_POINT('',(0.,0.,6.5));
#5258=CARTESIAN_POINT('',(-1.94605534281813E-18,3.37066672810222E-18,6.5));
#5259=CARTESIAN_POINT('',(7.9175,3.37066672810222E-18,6.5));
#5260=CARTESIAN_POINT('',(0.,0.,6.5));
#5261=CARTESIAN_POINT('',(0.,0.,6.5));
#5262=CARTESIAN_POINT('',(0.,0.,6.5));
#5263=CARTESIAN_POINT('',(0.,0.,6.5));
#5264=CARTESIAN_POINT('',(0.,0.,6.5));
#5265=CARTESIAN_POINT('',(0.,0.,6.5));
#5266=CARTESIAN_POINT('',(0.,0.,-6.5));
#5267=CARTESIAN_POINT('',(-1.94605534281813E-18,3.37066672810222E-18,-6.5));
#5268=CARTESIAN_POINT('',(7.9175,3.37066672810222E-18,-6.5));
#5269=CARTESIAN_POINT('',(0.,0.,-6.5));
#5270=CARTESIAN_POINT('',(0.,0.,-6.5));
#5271=CARTESIAN_POINT('',(0.,0.,-6.5));
#5272=CARTESIAN_POINT('',(0.,0.,-6.5));
#5273=CARTESIAN_POINT('',(0.,0.,-6.5));
#5274=CARTESIAN_POINT('',(0.,0.,-6.5));
#5275=CARTESIAN_POINT('',(0.,0.,5.5));
#5276=CARTESIAN_POINT('',(0.,0.,5.5));
#5277=CARTESIAN_POINT('',(0.,0.,5.5));
#5278=CARTESIAN_POINT('',(0.,0.,5.5));
#5279=CARTESIAN_POINT('',(0.,0.,5.5));
#5280=CARTESIAN_POINT('',(0.,0.,5.5));
#5281=CARTESIAN_POINT('',(0.,0.,-6.5));
#5282=CARTESIAN_POINT('',(0.,0.,-6.5));
#5283=CARTESIAN_POINT('',(0.,0.,-6.5));
#5284=CARTESIAN_POINT('',(0.,0.,-6.5));
#5285=CARTESIAN_POINT('',(0.,0.,-6.5));
#5286=CARTESIAN_POINT('',(0.,0.,-6.5));
#5287=CARTESIAN_POINT('',(-1.94605534281813E-18,3.37066672810222E-18,-32.3973006775535));
#5288=CARTESIAN_POINT('',(-1.94605534281813E-18,3.37066672810222E-18,-5.5));
#5289=CARTESIAN_POINT('',(6.9175,3.37066672810222E-18,-5.5));
#5290=CARTESIAN_POINT('',(-1.94605534281813E-18,3.37066672810222E-18,5.5));
#5291=CARTESIAN_POINT('',(6.9175,3.37066672810222E-18,5.5));
#5292=CARTESIAN_POINT('',(-1.94605534281813E-18,3.37066672810222E-18,-6.5));
#5293=CARTESIAN_POINT('',(-1.94605534281813E-18,3.37066672810222E-18,5.5));
#5294=CARTESIAN_POINT('',(20.,-27.9999999999999,-252.));
#5295=CARTESIAN_POINT('',(85.,-9.25,-63.5));
#5296=CARTESIAN_POINT('',(20.,-27.9999999999999,-265.));
#5297=CARTESIAN_POINT('',(20.,-28.,49.5));
#5298=CARTESIAN_POINT('',(-5.,0.,12.5));
#5299=CARTESIAN_POINT('',(2.14402198791223E-15,0.,12.5));
#5300=CARTESIAN_POINT('',(-5.,0.,12.5));
#5301=CARTESIAN_POINT('',(0.,0.,12.5));
#5302=CARTESIAN_POINT('',(-5.09985882116865,-5.71584918371496,12.5));
#5303=CARTESIAN_POINT('',(-7.50000000940747,-1.55868269564871,12.5));
#5304=CARTESIAN_POINT('',(-7.50000000635661,4.89332008998308E-9,12.5));
#5305=CARTESIAN_POINT('',(-7.50000000330576,1.55868272500863,12.5));
#5306=CARTESIAN_POINT('',(0.,0.,12.5));
#5307=CARTESIAN_POINT('',(-5.0998588323564,5.71584917373291,12.5));
#5308=CARTESIAN_POINT('',(-7.50000000529718,4.33012701831053,12.5));
#5309=CARTESIAN_POINT('',(-2.40014118671345,7.27453188670367,12.5));
#5310=CARTESIAN_POINT('',(0.,0.,12.5));
#5311=CARTESIAN_POINT('',(2.40014119383273,7.27453188435475,12.5));
#5312=CARTESIAN_POINT('',(2.43669936658697E-8,8.66025404090272,12.5));
#5313=CARTESIAN_POINT('',(5.0998588379503,5.71584916874185,12.5));
#5314=CARTESIAN_POINT('',(0.,0.,12.5));
#5315=CARTESIAN_POINT('',(7.50000000483119,1.55868271766865,12.5));
#5316=CARTESIAN_POINT('',(7.50000000635662,1.22333314982946E-8,12.5));
#5317=CARTESIAN_POINT('',(7.50000000788205,-1.55868270298865,12.5));
#5318=CARTESIAN_POINT('',(0.,0.,12.5));
#5319=CARTESIAN_POINT('',(5.09985881557479,-5.71584918870599,12.5));
#5320=CARTESIAN_POINT('',(-1.80104178099105E-8,-8.66025404579602,12.5));
#5321=CARTESIAN_POINT('',(2.40014116535535,-7.27453189375051,12.5));
#5322=CARTESIAN_POINT('',(0.,0.,12.5));
#5323=CARTESIAN_POINT('',(-2.40014117247468,-7.27453189140158,12.5));
#5324=CARTESIAN_POINT('',(-7.50000000105942,-4.33012703054384,12.5));
#5325=CARTESIAN_POINT('',(3.70455656742074E-15,0.,-17.5));
#5326=CARTESIAN_POINT('',(2.14402198791223E-15,0.,-17.5));
#5327=CARTESIAN_POINT('',(-4.5,0.,-17.5));
#5328=CARTESIAN_POINT('',(2.14402198791223E-15,0.,8.75));
#5329=CARTESIAN_POINT('',(2.14402198791223E-15,0.,-17.));
#5330=CARTESIAN_POINT('',(-5.,0.,-17.));
#5331=CARTESIAN_POINT('',(2.14402198791223E-15,0.,-17.5));
#5332=CARTESIAN_POINT('',(-7.49999999788113,4.33012702259219,28.9441969502118));
#5333=CARTESIAN_POINT('',(-7.49999999788113,4.33012702259219,28.9441969502118));
#5334=CARTESIAN_POINT('',(-7.49999999682164,4.33012702442721,16.5));
#5335=CARTESIAN_POINT('',(-7.49999999788113,4.33012702259219,13.5));
#5336=CARTESIAN_POINT('',(-7.49999999788113,4.33012702259219,13.5));
#5337=CARTESIAN_POINT('',(-7.49999999960916,3.44727597042972,13.0585744761212));
#5338=CARTESIAN_POINT('',(-7.5000000014137,2.52533396974252,12.6966909415061));
#5339=CARTESIAN_POINT('',(-7.50000000330576,1.55868272500863,12.5));
#5340=CARTESIAN_POINT('',(-7.50000000940747,-1.55868269564871,12.5));
#5341=CARTESIAN_POINT('',(-7.50000001129678,-2.52393718100486,12.6964067336094));
#5342=CARTESIAN_POINT('',(-7.50000001311407,-3.45238962673164,13.0611313162129));
#5343=CARTESIAN_POINT('',(-7.50000001483209,-4.33012702910012,13.500000017934));
#5344=CARTESIAN_POINT('',(-7.49999998940559,-4.33012703727218,13.5));
#5345=CARTESIAN_POINT('',(-7.50000001483209,-4.33012702259219,28.9441969502118));
#5346=CARTESIAN_POINT('',(-7.49999998834616,-4.33012703910717,16.5));
#5347=CARTESIAN_POINT('',(-7.50000001483209,-4.33012702779421,16.499999982719));
#5348=CARTESIAN_POINT('',(-7.50000001310406,-3.44727596514943,16.9414255144815));
#5349=CARTESIAN_POINT('',(-7.50000001129952,-2.52533395345643,17.3033090558337));
#5350=CARTESIAN_POINT('',(-7.50000000940747,-1.55868269564875,17.5));
#5351=CARTESIAN_POINT('',(-7.50000000940746,-1.55868269564874,17.5));
#5352=CARTESIAN_POINT('',(-7.50000000635661,-4.89332006509912E-9,17.5));
#5353=CARTESIAN_POINT('',(-7.50000000330576,1.55868272500867,17.5));
#5354=CARTESIAN_POINT('',(-7.50000000330576,1.55868272500867,17.5));
#5355=CARTESIAN_POINT('',(-7.50000000141644,2.52393719834307,17.3035932688367));
#5356=CARTESIAN_POINT('',(-7.49999999959915,3.45238963204228,16.9388686931989));
#5357=CARTESIAN_POINT('',(-7.49999999788113,4.33012702408669,16.4999999992527));
#5358=CARTESIAN_POINT('',(4.2377245110326E-9,8.66025405252435,28.9441969502118));
#5359=CARTESIAN_POINT('',(4.23772562180291E-9,8.66025405252435,28.9441969502118));
#5360=CARTESIAN_POINT('',(3.17830904868686E-8,8.66025403784436,16.5));
#5361=CARTESIAN_POINT('',(4.23772562180291E-9,8.66025405252435,13.50000001468));
#5362=CARTESIAN_POINT('',(4.23772554889829E-9,8.66025405252435,13.50000001468));
#5363=CARTESIAN_POINT('',(-0.762121502919768,8.22024299421729,13.0599889570766));
#5364=CARTESIAN_POINT('',(-1.56467335631298,7.75688946457484,12.6962969923022));
#5365=CARTESIAN_POINT('',(-2.40014118671344,7.27453188670367,12.5));
#5366=CARTESIAN_POINT('',(-5.0998588323564,5.71584917373291,12.5));
#5367=CARTESIAN_POINT('',(-5.93428180652451,5.23409484389011,12.6960514985461));
#5368=CARTESIAN_POINT('',(-6.74160954888806,4.76798395345879,13.0621430720602));
#5369=CARTESIAN_POINT('',(-7.49999999788115,4.33012702259218,13.5));
#5370=CARTESIAN_POINT('',(-7.49999999657099,4.3301270233486,16.5000000007564));
#5371=CARTESIAN_POINT('',(-6.73787849747044,4.77013807700398,16.9400110513553));
#5372=CARTESIAN_POINT('',(-5.93532665330807,5.233491601317,17.3037030099178));
#5373=CARTESIAN_POINT('',(-5.09985883235643,5.71584917373289,17.5));
#5374=CARTESIAN_POINT('',(-5.09985883235642,5.71584917373289,17.5));
#5375=CARTESIAN_POINT('',(-11.2500000010594,2.16506350640277,17.5));
#5376=CARTESIAN_POINT('',(-2.40014118671342,7.27453188670369,17.5));
#5377=CARTESIAN_POINT('',(-2.40014118671342,7.27453188670369,17.5));
#5378=CARTESIAN_POINT('',(-1.56571820132829,7.75628622302263,17.3039484988184));
#5379=CARTESIAN_POINT('',(-0.758390448963234,8.22239711922832,16.9378569183434));
#5380=CARTESIAN_POINT('',(9.11937209531358E-9,8.66025405534277,16.4999999825016));
#5381=CARTESIAN_POINT('',(7.50000000211887,4.33012701525221,28.9441969502118));
#5382=CARTESIAN_POINT('',(7.50000000211887,4.33012701525221,28.9441969502118));
#5383=CARTESIAN_POINT('',(7.5000000031783,4.33012701341716,16.5));
#5384=CARTESIAN_POINT('',(7.50000000211887,4.33012701525221,13.5));
#5385=CARTESIAN_POINT('',(7.50000000211887,4.33012701525221,13.5));
#5386=CARTESIAN_POINT('',(6.73787850306352,4.77013806987598,13.0599889490633));
#5387=CARTESIAN_POINT('',(5.9353266588713,5.23349159525346,12.6962969901859));
#5388=CARTESIAN_POINT('',(5.0998588379503,5.71584916874185,12.5));
#5389=CARTESIAN_POINT('',(2.40014119383273,7.27453188435475,12.5));
#5390=CARTESIAN_POINT('',(1.56571821072121,7.75628622044985,12.6960515007582));
#5391=CARTESIAN_POINT('',(0.758390460431231,8.22239711651096,13.0621430801089));
#5392=CARTESIAN_POINT('',(4.23770595633348E-9,8.66025405252436,13.50000001468));
#5393=CARTESIAN_POINT('',(3.097430531456E-8,8.66025403708798,16.5000000007564));
#5394=CARTESIAN_POINT('',(0.762121529488407,8.2202429827767,16.9400110512653));
#5395=CARTESIAN_POINT('',(1.56467337371155,7.75688945738136,17.303703010002));
#5396=CARTESIAN_POINT('',(2.40014119383271,7.27453188435476,17.5));
#5397=CARTESIAN_POINT('',(2.40014119383272,7.27453188435476,17.5));
#5398=CARTESIAN_POINT('',(-3.74999996715753,10.8253175552571,17.5));
#5399=CARTESIAN_POINT('',(5.09985883795032,5.71584916874185,17.5));
#5400=CARTESIAN_POINT('',(5.09985883795032,5.71584916874184,17.5));
#5401=CARTESIAN_POINT('',(5.93428181207977,5.23409483783254,17.3039485013522));
#5402=CARTESIAN_POINT('',(6.74160955441508,4.76798394636406,16.937856927549));
#5403=CARTESIAN_POINT('',(7.50000000333121,4.33012701455226,16.4999999993001));
#5404=CARTESIAN_POINT('',(7.50000001059437,-4.33012702993214,28.9441969502118));
#5405=CARTESIAN_POINT('',(7.50000001059437,-4.33012702993214,28.9441969502118));
#5406=CARTESIAN_POINT('',(7.49999998410843,-4.33012704644713,16.5));
#5407=CARTESIAN_POINT('',(7.50000001059437,-4.33012702993214,13.50000001468));
#5408=CARTESIAN_POINT('',(7.50000001059437,-4.33012702993214,13.50000001468));
#5409=CARTESIAN_POINT('',(7.50000000973035,-3.44727596882519,13.0585744840841));
#5410=CARTESIAN_POINT('',(7.50000000882808,-2.52533395889775,12.69669094378));
#5411=CARTESIAN_POINT('',(7.50000000788205,-1.55868270298865,12.5));
#5412=CARTESIAN_POINT('',(7.50000000483119,1.55868271766865,12.5));
#5413=CARTESIAN_POINT('',(7.50000000388653,2.52393719045523,12.6964067310518));
#5414=CARTESIAN_POINT('',(7.50000000297788,3.4523896236638,13.0611313063955));
#5415=CARTESIAN_POINT('',(7.50000000211887,4.33012701525222,13.5));
#5416=CARTESIAN_POINT('',(7.50000000211887,4.33012701386968,16.5000000006912));
#5417=CARTESIAN_POINT('',(7.50000000298288,3.44727596211593,16.94142552426));
#5418=CARTESIAN_POINT('',(7.50000000388516,2.52533396189797,17.3033090585966));
#5419=CARTESIAN_POINT('',(7.50000000483119,1.55868271766868,17.5));
#5420=CARTESIAN_POINT('',(7.50000000483118,1.55868271766868,17.5));
#5421=CARTESIAN_POINT('',(7.50000000635662,1.7126664095124E-8,17.5));
#5422=CARTESIAN_POINT('',(7.50000000788205,-1.55868270298868,17.5));
#5423=CARTESIAN_POINT('',(7.50000000788205,-1.55868270298868,17.5));
#5424=CARTESIAN_POINT('',(7.50000000882671,-2.52393718889266,17.3035932662791));
#5425=CARTESIAN_POINT('',(7.50000000973536,-3.45238963511009,16.9388686833815));
#5426=CARTESIAN_POINT('',(7.50000001059437,-4.33012703793457,16.4999999813188));
#5427=CARTESIAN_POINT('',(-4.23773577040681E-9,-8.66025403784436,28.9441969502118));
#5428=CARTESIAN_POINT('',(-4.23773516278203E-9,-8.66025403784436,28.9441969502118));
#5429=CARTESIAN_POINT('',(-5.30270106023005E-16,-8.66025403784436,16.5));
#5430=CARTESIAN_POINT('',(-4.23773516278203E-9,-8.66025403784436,13.5));
#5431=CARTESIAN_POINT('',(-4.23773503886457E-9,-8.66025403784436,13.5));
#5432=CARTESIAN_POINT('',(0.762121496580958,-8.22024298618044,13.0599889490397));
#5433=CARTESIAN_POINT('',(1.56467334245207,-7.75688946402261,12.696296990208));
#5434=CARTESIAN_POINT('',(2.40014116535535,-7.27453189375051,12.5));
#5435=CARTESIAN_POINT('',(5.09985881557479,-5.71584918870598,12.5));
#5436=CARTESIAN_POINT('',(5.93428180060192,-5.23409485586021,12.6960515007652));
#5437=CARTESIAN_POINT('',(6.74160955266429,-4.76798396298969,13.0621430800959));
#5438=CARTESIAN_POINT('',(7.50000001059439,-4.33012702993213,13.50000001468));
#5439=CARTESIAN_POINT('',(7.49999998385779,-4.33012704536851,16.5000000007564));
#5440=CARTESIAN_POINT('',(6.73787848358032,-4.77013809671994,16.9400110512889));
#5441=CARTESIAN_POINT('',(5.93532663767827,-5.23349161889565,17.3037030099799));
#5442=CARTESIAN_POINT('',(5.09985881557481,-5.71584918870597,17.5));
#5443=CARTESIAN_POINT('',(5.09985881557481,-5.71584918870597,17.5));
#5444=CARTESIAN_POINT('',(-3.75000002648591,-10.8253175503638,17.5));
#5445=CARTESIAN_POINT('',(2.40014116535532,-7.27453189375053,17.5));
#5446=CARTESIAN_POINT('',(2.40014116535532,-7.27453189375052,17.5));
#5447=CARTESIAN_POINT('',(1.56571819064414,-7.75628622064038,17.3039485016586));
#5448=CARTESIAN_POINT('',(0.758390447758062,-8.22239710821297,16.9378569287189));
#5449=CARTESIAN_POINT('',(-1.81311455285629E-9,-8.6602540364445,16.5000000013999));
#5450=CARTESIAN_POINT('',(-7.50000001483209,-4.33012702259219,28.9441969502118));
#5451=CARTESIAN_POINT('',(-7.49999998940559,-4.33012703727218,13.5));
#5452=CARTESIAN_POINT('',(-6.73787848917334,-4.77013808959199,13.0599889491297));
#5453=CARTESIAN_POINT('',(-5.93532664324145,-5.23349161283215,12.6962969901238));
#5454=CARTESIAN_POINT('',(-5.09985882116865,-5.71584918371496,12.5));
#5455=CARTESIAN_POINT('',(-2.40014117247468,-7.27453189140158,12.5));
#5456=CARTESIAN_POINT('',(-1.56571819735751,-7.75628621961465,12.6960514985476));
#5457=CARTESIAN_POINT('',(-0.758390454092454,-8.22239710845951,13.0621430720575));
#5458=CARTESIAN_POINT('',(-4.23771368353051E-9,-8.66025403784437,13.5));
#5459=CARTESIAN_POINT('',(-1.61757109961538E-9,-8.66025403935711,16.4999999984872));
#5460=CARTESIAN_POINT('',(-0.762121502792665,-8.22024298649295,16.9400110501325));
#5461=CARTESIAN_POINT('',(-1.56467334912332,-7.75688946302256,17.3037030095758));
#5462=CARTESIAN_POINT('',(-2.40014117247465,-7.27453189140159,17.5));
#5463=CARTESIAN_POINT('',(-2.40014117247464,-7.27453189140159,17.5));
#5464=CARTESIAN_POINT('',(-11.2500000052972,-2.16506352352941,17.5));
#5465=CARTESIAN_POINT('',(-5.09985882116868,-5.71584918371494,17.5));
#5466=CARTESIAN_POINT('',(-5.09985882116868,-5.71584918371495,17.5));
#5467=CARTESIAN_POINT('',(-5.9342817959427,-5.23409485569998,17.303948501533));
#5468=CARTESIAN_POINT('',(-6.74160953862215,-4.76798396719323,16.9378569283726));
#5469=CARTESIAN_POINT('',(-7.4999999881933,-4.3301270379721,16.5000000007));
#5470=CARTESIAN_POINT('',(-10.,0.,17.5));
#5471=CARTESIAN_POINT('',(0.,0.,17.5));
#5472=CARTESIAN_POINT('',(0.,0.,17.5));
#5473=CARTESIAN_POINT('',(0.,0.,17.5));
#5474=CARTESIAN_POINT('',(0.,0.,17.5));
#5475=CARTESIAN_POINT('',(0.,0.,17.5));
#5476=CARTESIAN_POINT('',(0.,0.,17.5));
#5477=CARTESIAN_POINT('',(0.,0.,17.5));
#5478=CARTESIAN_POINT('',(0.,0.,17.5));
#5479=CARTESIAN_POINT('',(0.,0.,17.5));
#5480=CARTESIAN_POINT('',(0.,0.,17.5));
#5481=CARTESIAN_POINT('',(0.,0.,17.5));
#5482=CARTESIAN_POINT('',(0.,0.,17.5));
#5483=CARTESIAN_POINT('',(0.,0.,13.5));
#5484=CARTESIAN_POINT('',(0.,0.,13.5));
#5485=CARTESIAN_POINT('',(0.,0.,13.5));
#5486=CARTESIAN_POINT('',(0.,0.,13.5));
#5487=CARTESIAN_POINT('',(0.,0.,13.5));
#5488=CARTESIAN_POINT('',(0.,0.,13.5));
#5489=CARTESIAN_POINT('',(-30.,1.99999944806354,20.));
#5490=CARTESIAN_POINT('',(20.,-28.,62.5));
#5491=CARTESIAN_POINT('',(-30.,2.00000237473189,-20.));
#5492=CARTESIAN_POINT('',(130.,2.00000235800605,-63.5));
#5493=CARTESIAN_POINT('',(85.,2.00000326490728,-63.5));
#5494=CARTESIAN_POINT('',(130.,1.99999999999999,-123.499995846376));
#5495=CARTESIAN_POINT('',(85.,2.00000070121943,-123.5));
#5496=CARTESIAN_POINT('',(-29.9999999999999,1.99999750859699,-182.5));
#5497=CARTESIAN_POINT('',(-30.,2.00000018921237,-222.5));
#5498=MECHANICAL_DESIGN_GEOMETRIC_PRESENTATION_REPRESENTATION('',(#2695,
#2696,#2697,#2698,#2699,#2700,#2701,#2702,#2703,#2704,#2705,#2706,#2707,
#2708,#2709,#2710,#2711,#2712,#2713,#2714,#2715,#2716,#2717,#2718,#2719,
#2720,#2721,#2722,#2723,#2724,#2725,#2726,#2727,#2728,#2729,#2730,#2731,
#2732,#2733,#2734,#2735,#2736,#2737,#2738,#2739,#2740,#2741,#2742,#2743,
#2744,#2745,#2746,#2747,#2748,#2749,#2750,#2751,#2752,#2753,#2754,#2755,
#2756,#2757,#2758,#2759,#2760,#2761,#2762),#5499);
#5499=(
GEOMETRIC_REPRESENTATION_CONTEXT(3)
GLOBAL_UNCERTAINTY_ASSIGNED_CONTEXT((#5514))
GLOBAL_UNIT_ASSIGNED_CONTEXT((#5531,#5530,#5529))
REPRESENTATION_CONTEXT('Fabricated_Hing-1','TOP_LEVEL_ASSEMBLY_PART')
);
#5500=(
GEOMETRIC_REPRESENTATION_CONTEXT(3)
GLOBAL_UNCERTAINTY_ASSIGNED_CONTEXT((#5515))
GLOBAL_UNIT_ASSIGNED_CONTEXT((#5531,#5530,#5529))
REPRESENTATION_CONTEXT('Hing Plate-1 (180x80x16mm.)','COMPONENT_PART')
);
#5501=(
GEOMETRIC_REPRESENTATION_CONTEXT(3)
GLOBAL_UNCERTAINTY_ASSIGNED_CONTEXT((#5516))
GLOBAL_UNIT_ASSIGNED_CONTEXT((#5531,#5530,#5529))
REPRESENTATION_CONTEXT('Hing Plate-1 (180x80x16mm.)','COMPONENT_PART')
);
#5502=(
GEOMETRIC_REPRESENTATION_CONTEXT(3)
GLOBAL_UNCERTAINTY_ASSIGNED_CONTEXT((#5517))
GLOBAL_UNIT_ASSIGNED_CONTEXT((#5531,#5530,#5529))
REPRESENTATION_CONTEXT('Pipe-ÿ40xÿ17x80mm. LG.','COMPONENT_PART')
);
#5503=(
GEOMETRIC_REPRESENTATION_CONTEXT(3)
GLOBAL_UNCERTAINTY_ASSIGNED_CONTEXT((#5518))
GLOBAL_UNIT_ASSIGNED_CONTEXT((#5531,#5530,#5529))
REPRESENTATION_CONTEXT('STEP BUSH','COMPONENT_PART')
);
#5504=(
GEOMETRIC_REPRESENTATION_CONTEXT(3)
GLOBAL_UNCERTAINTY_ASSIGNED_CONTEXT((#5519))
GLOBAL_UNIT_ASSIGNED_CONTEXT((#5531,#5530,#5529))
REPRESENTATION_CONTEXT('Hing Plate-2 (180x80x16mm.)','COMPONENT_PART')
);
#5505=(
GEOMETRIC_REPRESENTATION_CONTEXT(3)
GLOBAL_UNCERTAINTY_ASSIGNED_CONTEXT((#5520))
GLOBAL_UNIT_ASSIGNED_CONTEXT((#5531,#5530,#5529))
REPRESENTATION_CONTEXT('Hing Plate-1 (180x100x16mm.)','COMPONENT_PART')
);
#5506=(
GEOMETRIC_REPRESENTATION_CONTEXT(3)
GLOBAL_UNCERTAINTY_ASSIGNED_CONTEXT((#5521))
GLOBAL_UNIT_ASSIGNED_CONTEXT((#5531,#5530,#5529))
REPRESENTATION_CONTEXT('Pipe-ÿ40xÿ17x100mm. LG.','COMPONENT_PART')
);
#5507=(
GEOMETRIC_REPRESENTATION_CONTEXT(3)
GLOBAL_UNCERTAINTY_ASSIGNED_CONTEXT((#5522))
GLOBAL_UNIT_ASSIGNED_CONTEXT((#5531,#5530,#5529))
REPRESENTATION_CONTEXT('Ball Bearing-61903(ID=17, OD=30, THK=7).par2',
'COMPONENT_PART')
);
#5508=(
GEOMETRIC_REPRESENTATION_CONTEXT(3)
GLOBAL_UNCERTAINTY_ASSIGNED_CONTEXT((#5523))
GLOBAL_UNIT_ASSIGNED_CONTEXT((#5531,#5530,#5529))
REPRESENTATION_CONTEXT(
'THRUST BALL BEARING_51203(ID=17, OD=35, THK=12)','COMPONENT_PART')
);
#5509=(
GEOMETRIC_REPRESENTATION_CONTEXT(3)
GLOBAL_UNCERTAINTY_ASSIGNED_CONTEXT((#5524))
GLOBAL_UNIT_ASSIGNED_CONTEXT((#5531,#5530,#5529))
REPRESENTATION_CONTEXT('Washer M10-1','COMPONENT_PART')
);
#5510=(
GEOMETRIC_REPRESENTATION_CONTEXT(3)
GLOBAL_UNCERTAINTY_ASSIGNED_CONTEXT((#5525))
GLOBAL_UNIT_ASSIGNED_CONTEXT((#5531,#5530,#5529))
REPRESENTATION_CONTEXT('Stud M16x364.5mm. Lg','COMPONENT_PART')
);
#5511=(
GEOMETRIC_REPRESENTATION_CONTEXT(3)
GLOBAL_UNCERTAINTY_ASSIGNED_CONTEXT((#5526))
GLOBAL_UNIT_ASSIGNED_CONTEXT((#5531,#5530,#5529))
REPRESENTATION_CONTEXT('Washer M16','COMPONENT_PART')
);
#5512=(
GEOMETRIC_REPRESENTATION_CONTEXT(3)
GLOBAL_UNCERTAINTY_ASSIGNED_CONTEXT((#5527))
GLOBAL_UNIT_ASSIGNED_CONTEXT((#5531,#5530,#5529))
REPRESENTATION_CONTEXT('Hex Nut M16','COMPONENT_PART')
);
#5513=(
GEOMETRIC_REPRESENTATION_CONTEXT(3)
GLOBAL_UNCERTAINTY_ASSIGNED_CONTEXT((#5528))
GLOBAL_UNIT_ASSIGNED_CONTEXT((#5531,#5530,#5529))
REPRESENTATION_CONTEXT('Hex Hd. Bolt - M10x30','COMPONENT_PART')
);
#5514=UNCERTAINTY_MEASURE_WITH_UNIT(LENGTH_MEASURE(0.005),#5531,
'DISTANCE_ACCURACY_VALUE','Maximum Tolerance applied to model');
#5515=UNCERTAINTY_MEASURE_WITH_UNIT(LENGTH_MEASURE(0.005),#5531,
'DISTANCE_ACCURACY_VALUE','Maximum Tolerance applied to model');
#5516=UNCERTAINTY_MEASURE_WITH_UNIT(LENGTH_MEASURE(0.005),#5531,
'DISTANCE_ACCURACY_VALUE','Maximum Tolerance applied to model');
#5517=UNCERTAINTY_MEASURE_WITH_UNIT(LENGTH_MEASURE(0.005),#5531,
'DISTANCE_ACCURACY_VALUE','Maximum Tolerance applied to model');
#5518=UNCERTAINTY_MEASURE_WITH_UNIT(LENGTH_MEASURE(0.005),#5531,
'DISTANCE_ACCURACY_VALUE','Maximum Tolerance applied to model');
#5519=UNCERTAINTY_MEASURE_WITH_UNIT(LENGTH_MEASURE(0.005),#5531,
'DISTANCE_ACCURACY_VALUE','Maximum Tolerance applied to model');
#5520=UNCERTAINTY_MEASURE_WITH_UNIT(LENGTH_MEASURE(0.005),#5531,
'DISTANCE_ACCURACY_VALUE','Maximum Tolerance applied to model');
#5521=UNCERTAINTY_MEASURE_WITH_UNIT(LENGTH_MEASURE(0.005),#5531,
'DISTANCE_ACCURACY_VALUE','Maximum Tolerance applied to model');
#5522=UNCERTAINTY_MEASURE_WITH_UNIT(LENGTH_MEASURE(0.005),#5531,
'DISTANCE_ACCURACY_VALUE','Maximum Tolerance applied to model');
#5523=UNCERTAINTY_MEASURE_WITH_UNIT(LENGTH_MEASURE(0.005),#5531,
'DISTANCE_ACCURACY_VALUE','Maximum Tolerance applied to model');
#5524=UNCERTAINTY_MEASURE_WITH_UNIT(LENGTH_MEASURE(0.005),#5531,
'DISTANCE_ACCURACY_VALUE','Maximum Tolerance applied to model');
#5525=UNCERTAINTY_MEASURE_WITH_UNIT(LENGTH_MEASURE(0.005),#5531,
'DISTANCE_ACCURACY_VALUE','Maximum Tolerance applied to model');
#5526=UNCERTAINTY_MEASURE_WITH_UNIT(LENGTH_MEASURE(0.005),#5531,
'DISTANCE_ACCURACY_VALUE','Maximum Tolerance applied to model');
#5527=UNCERTAINTY_MEASURE_WITH_UNIT(LENGTH_MEASURE(0.005),#5531,
'DISTANCE_ACCURACY_VALUE','Maximum Tolerance applied to model');
#5528=UNCERTAINTY_MEASURE_WITH_UNIT(LENGTH_MEASURE(0.005),#5531,
'DISTANCE_ACCURACY_VALUE','Maximum Tolerance applied to model');
#5529=(
NAMED_UNIT(*)
SI_UNIT($,.STERADIAN.)
SOLID_ANGLE_UNIT()
);
#5530=(
NAMED_UNIT(*)
PLANE_ANGLE_UNIT()
SI_UNIT($,.RADIAN.)
);
#5531=(
LENGTH_UNIT()
NAMED_UNIT(*)
SI_UNIT(.MILLI.,.METRE.)
);
#5532=PRODUCT_DEFINITION_SHAPE('','',#5583);
#5533=PRODUCT_DEFINITION_SHAPE('','',#5584);
#5534=PRODUCT_DEFINITION_SHAPE('','',#5585);
#5535=PRODUCT_DEFINITION_SHAPE(' ','NAUO PRDDFN',#251);
#5536=PRODUCT_DEFINITION_SHAPE('','',#5586);
#5537=PRODUCT_DEFINITION_SHAPE(' ','NAUO PRDDFN',#252);
#5538=PRODUCT_DEFINITION_SHAPE(' ','NAUO PRDDFN',#253);
#5539=PRODUCT_DEFINITION_SHAPE('','',#5587);
#5540=PRODUCT_DEFINITION_SHAPE(' ','NAUO PRDDFN',#254);
#5541=PRODUCT_DEFINITION_SHAPE(' ','NAUO PRDDFN',#255);
#5542=PRODUCT_DEFINITION_SHAPE('','',#5588);
#5543=PRODUCT_DEFINITION_SHAPE('','',#5589);
#5544=PRODUCT_DEFINITION_SHAPE(' ','NAUO PRDDFN',#256);
#5545=PRODUCT_DEFINITION_SHAPE('','',#5590);
#5546=PRODUCT_DEFINITION_SHAPE(' ','NAUO PRDDFN',#257);
#5547=PRODUCT_DEFINITION_SHAPE('','',#5591);
#5548=PRODUCT_DEFINITION_SHAPE(' ','NAUO PRDDFN',#258);
#5549=PRODUCT_DEFINITION_SHAPE(' ','NAUO PRDDFN',#259);
#5550=PRODUCT_DEFINITION_SHAPE(' ','NAUO PRDDFN',#260);
#5551=PRODUCT_DEFINITION_SHAPE('','',#5592);
#5552=PRODUCT_DEFINITION_SHAPE(' ','NAUO PRDDFN',#261);
#5553=PRODUCT_DEFINITION_SHAPE(' ','NAUO PRDDFN',#262);
#5554=PRODUCT_DEFINITION_SHAPE(' ','NAUO PRDDFN',#263);
#5555=PRODUCT_DEFINITION_SHAPE('','',#5593);
#5556=PRODUCT_DEFINITION_SHAPE(' ','NAUO PRDDFN',#264);
#5557=PRODUCT_DEFINITION_SHAPE(' ','NAUO PRDDFN',#265);
#5558=PRODUCT_DEFINITION_SHAPE(' ','NAUO PRDDFN',#266);
#5559=PRODUCT_DEFINITION_SHAPE(' ','NAUO PRDDFN',#267);
#5560=PRODUCT_DEFINITION_SHAPE(' ','NAUO PRDDFN',#268);
#5561=PRODUCT_DEFINITION_SHAPE('','',#5594);
#5562=PRODUCT_DEFINITION_SHAPE(' ','NAUO PRDDFN',#269);
#5563=PRODUCT_DEFINITION_SHAPE(' ','NAUO PRDDFN',#270);
#5564=PRODUCT_DEFINITION_SHAPE(' ','NAUO PRDDFN',#271);
#5565=PRODUCT_DEFINITION_SHAPE('','',#5595);
#5566=PRODUCT_DEFINITION_SHAPE(' ','NAUO PRDDFN',#272);
#5567=PRODUCT_DEFINITION_SHAPE(' ','NAUO PRDDFN',#273);
#5568=PRODUCT_DEFINITION_SHAPE('','',#5596);
#5569=PRODUCT_DEFINITION_SHAPE(' ','NAUO PRDDFN',#274);
#5570=PRODUCT_DEFINITION_SHAPE(' ','NAUO PRDDFN',#275);
#5571=PRODUCT_DEFINITION_SHAPE(' ','NAUO PRDDFN',#276);
#5572=PRODUCT_DEFINITION_SHAPE(' ','NAUO PRDDFN',#277);
#5573=PRODUCT_DEFINITION_SHAPE('','',#5597);
#5574=PRODUCT_DEFINITION_SHAPE(' ','NAUO PRDDFN',#278);
#5575=PRODUCT_DEFINITION_SHAPE(' ','NAUO PRDDFN',#279);
#5576=PRODUCT_DEFINITION_SHAPE(' ','NAUO PRDDFN',#280);
#5577=PRODUCT_DEFINITION_SHAPE(' ','NAUO PRDDFN',#281);
#5578=PRODUCT_DEFINITION_SHAPE(' ','NAUO PRDDFN',#282);
#5579=PRODUCT_DEFINITION_SHAPE(' ','NAUO PRDDFN',#283);
#5580=PRODUCT_DEFINITION_SHAPE(' ','NAUO PRDDFN',#284);
#5581=PRODUCT_DEFINITION_SHAPE(' ','NAUO PRDDFN',#285);
#5582=PRODUCT_DEFINITION_SHAPE(' ','NAUO PRDDFN',#286);
#5583=PRODUCT_DEFINITION('','',#5613,#5598);
#5584=PRODUCT_DEFINITION('','',#5614,#5599);
#5585=PRODUCT_DEFINITION('','',#5615,#5600);
#5586=PRODUCT_DEFINITION('','',#5616,#5601);
#5587=PRODUCT_DEFINITION('','',#5617,#5602);
#5588=PRODUCT_DEFINITION('','',#5618,#5603);
#5589=PRODUCT_DEFINITION('','',#5619,#5604);
#5590=PRODUCT_DEFINITION('','',#5620,#5605);
#5591=PRODUCT_DEFINITION('','',#5621,#5606);
#5592=PRODUCT_DEFINITION('','',#5622,#5607);
#5593=PRODUCT_DEFINITION('','',#5623,#5608);
#5594=PRODUCT_DEFINITION('','',#5624,#5609);
#5595=PRODUCT_DEFINITION('','',#5625,#5610);
#5596=PRODUCT_DEFINITION('','',#5626,#5611);
#5597=PRODUCT_DEFINITION('','',#5627,#5612);
#5598=PRODUCT_DEFINITION_CONTEXT('',#5689,'design');
#5599=PRODUCT_DEFINITION_CONTEXT('',#5689,'design');
#5600=PRODUCT_DEFINITION_CONTEXT('',#5689,'design');
#5601=PRODUCT_DEFINITION_CONTEXT('',#5689,'design');
#5602=PRODUCT_DEFINITION_CONTEXT('',#5689,'design');
#5603=PRODUCT_DEFINITION_CONTEXT('',#5689,'design');
#5604=PRODUCT_DEFINITION_CONTEXT('',#5689,'design');
#5605=PRODUCT_DEFINITION_CONTEXT('',#5689,'design');
#5606=PRODUCT_DEFINITION_CONTEXT('',#5689,'design');
#5607=PRODUCT_DEFINITION_CONTEXT('',#5689,'design');
#5608=PRODUCT_DEFINITION_CONTEXT('',#5689,'design');
#5609=PRODUCT_DEFINITION_CONTEXT('',#5689,'design');
#5610=PRODUCT_DEFINITION_CONTEXT('',#5689,'design');
#5611=PRODUCT_DEFINITION_CONTEXT('',#5689,'design');
#5612=PRODUCT_DEFINITION_CONTEXT('',#5689,'design');
#5613=PRODUCT_DEFINITION_FORMATION_WITH_SPECIFIED_SOURCE('','',#5643,
 .NOT_KNOWN.);
#5614=PRODUCT_DEFINITION_FORMATION_WITH_SPECIFIED_SOURCE('','',#5644,
 .NOT_KNOWN.);
#5615=PRODUCT_DEFINITION_FORMATION_WITH_SPECIFIED_SOURCE('','',#5645,
 .NOT_KNOWN.);
#5616=PRODUCT_DEFINITION_FORMATION_WITH_SPECIFIED_SOURCE('','',#5646,
 .NOT_KNOWN.);
#5617=PRODUCT_DEFINITION_FORMATION_WITH_SPECIFIED_SOURCE('','',#5647,
 .NOT_KNOWN.);
#5618=PRODUCT_DEFINITION_FORMATION_WITH_SPECIFIED_SOURCE('','',#5648,
 .NOT_KNOWN.);
#5619=PRODUCT_DEFINITION_FORMATION_WITH_SPECIFIED_SOURCE('','',#5649,
 .NOT_KNOWN.);
#5620=PRODUCT_DEFINITION_FORMATION_WITH_SPECIFIED_SOURCE('','',#5650,
 .NOT_KNOWN.);
#5621=PRODUCT_DEFINITION_FORMATION_WITH_SPECIFIED_SOURCE('','',#5651,
 .NOT_KNOWN.);
#5622=PRODUCT_DEFINITION_FORMATION_WITH_SPECIFIED_SOURCE('','',#5652,
 .NOT_KNOWN.);
#5623=PRODUCT_DEFINITION_FORMATION_WITH_SPECIFIED_SOURCE('','',#5653,
 .NOT_KNOWN.);
#5624=PRODUCT_DEFINITION_FORMATION_WITH_SPECIFIED_SOURCE('','',#5654,
 .NOT_KNOWN.);
#5625=PRODUCT_DEFINITION_FORMATION_WITH_SPECIFIED_SOURCE('','',#5655,
 .NOT_KNOWN.);
#5626=PRODUCT_DEFINITION_FORMATION_WITH_SPECIFIED_SOURCE('','',#5656,
 .NOT_KNOWN.);
#5627=PRODUCT_DEFINITION_FORMATION_WITH_SPECIFIED_SOURCE('','',#5657,
 .NOT_KNOWN.);
#5628=PRODUCT_RELATED_PRODUCT_CATEGORY('','',(#5643));
#5629=PRODUCT_RELATED_PRODUCT_CATEGORY('','',(#5644));
#5630=PRODUCT_RELATED_PRODUCT_CATEGORY('','',(#5645));
#5631=PRODUCT_RELATED_PRODUCT_CATEGORY('','',(#5646));
#5632=PRODUCT_RELATED_PRODUCT_CATEGORY('','',(#5647));
#5633=PRODUCT_RELATED_PRODUCT_CATEGORY('','',(#5648));
#5634=PRODUCT_RELATED_PRODUCT_CATEGORY('','',(#5649));
#5635=PRODUCT_RELATED_PRODUCT_CATEGORY('','',(#5650));
#5636=PRODUCT_RELATED_PRODUCT_CATEGORY('','',(#5651));
#5637=PRODUCT_RELATED_PRODUCT_CATEGORY('','',(#5652));
#5638=PRODUCT_RELATED_PRODUCT_CATEGORY('','',(#5653));
#5639=PRODUCT_RELATED_PRODUCT_CATEGORY('','',(#5654));
#5640=PRODUCT_RELATED_PRODUCT_CATEGORY('','',(#5655));
#5641=PRODUCT_RELATED_PRODUCT_CATEGORY('','',(#5656));
#5642=PRODUCT_RELATED_PRODUCT_CATEGORY('','',(#5657));
#5643=PRODUCT('Fabricated_Hing-1','Fabricated_Hing-1',
'Fabricated_Hing-1',(#5673));
#5644=PRODUCT('Hing Plate-1 (180x80x16mm.)',
'Hing Plate-1 (180x80x16mm.)','Hing Plate-1 (180x80x16mm.)',(#5674));
#5645=PRODUCT('Hing Plate-1 (180x80x16mm.)',
'Hing Plate-1 (180x80x16mm.)','Hing Plate-1 (180x80x16mm.)',(#5675));
#5646=PRODUCT('Pipe-ÿ40xÿ17x80mm. LG.','Pipe-ÿ40xÿ17x80mm. LG.',
'Pipe-ÿ40xÿ17x80mm. LG.',(#5676));
#5647=PRODUCT('STEP BUSH','STEP BUSH','STEP BUSH',(#5677));
#5648=PRODUCT('Hing Plate-2 (180x80x16mm.)',
'Hing Plate-2 (180x80x16mm.)','Hing Plate-2 (180x80x16mm.)',(#5678));
#5649=PRODUCT('Hing Plate-1 (180x100x16mm.)',
'Hing Plate-1 (180x100x16mm.)','Hing Plate-1 (180x100x16mm.)',(#5679));
#5650=PRODUCT('Pipe-ÿ40xÿ17x100mm. LG.','Pipe-ÿ40xÿ17x100mm. LG.',
'Pipe-ÿ40xÿ17x100mm. LG.',(#5680));
#5651=PRODUCT('Ball Bearing-61903(ID=17, OD=30, THK=7).par2',
'Ball Bearing-61903(ID=17, OD=30, THK=7).par2',
'Ball Bearing-61903(ID=17, OD=30, THK=7).par2',(#5681));
#5652=PRODUCT('THRUST BALL BEARING_51203(ID=17, OD=35, THK=12)',
'THRUST BALL BEARING_51203(ID=17, OD=35, THK=12)',
'THRUST BALL BEARING_51203(ID=17, OD=35, THK=12)',(#5682));
#5653=PRODUCT('Washer M10-1','Washer M10-1','Washer M10-1',(#5683));
#5654=PRODUCT('Stud M16x364.5mm. Lg','Stud M16x364.5mm. Lg',
'Stud M16x364.5mm. Lg',(#5684));
#5655=PRODUCT('Washer M16','Washer M16','Washer M16',(#5685));
#5656=PRODUCT('Hex Nut M16','Hex Nut M16','Hex Nut M16',(#5686));
#5657=PRODUCT('Hex Hd. Bolt - M10x30','Hex Hd. Bolt - M10x30',
'Hex Hd. Bolt - M10x30',(#5687));
#5658=PRODUCT_CATEGORY('','');
#5659=PRODUCT_CATEGORY('','');
#5660=PRODUCT_CATEGORY('','');
#5661=PRODUCT_CATEGORY('','');
#5662=PRODUCT_CATEGORY('','');
#5663=PRODUCT_CATEGORY('','');
#5664=PRODUCT_CATEGORY('','');
#5665=PRODUCT_CATEGORY('','');
#5666=PRODUCT_CATEGORY('','');
#5667=PRODUCT_CATEGORY('','');
#5668=PRODUCT_CATEGORY('','');
#5669=PRODUCT_CATEGORY('','');
#5670=PRODUCT_CATEGORY('','');
#5671=PRODUCT_CATEGORY('','');
#5672=PRODUCT_CATEGORY('','');
#5673=PRODUCT_CONTEXT('',#5689,'mechanical');
#5674=PRODUCT_CONTEXT('',#5689,'mechanical');
#5675=PRODUCT_CONTEXT('',#5689,'mechanical');
#5676=PRODUCT_CONTEXT('',#5689,'mechanical');
#5677=PRODUCT_CONTEXT('',#5689,'mechanical');
#5678=PRODUCT_CONTEXT('',#5689,'mechanical');
#5679=PRODUCT_CONTEXT('',#5689,'mechanical');
#5680=PRODUCT_CONTEXT('',#5689,'mechanical');
#5681=PRODUCT_CONTEXT('',#5689,'mechanical');
#5682=PRODUCT_CONTEXT('',#5689,'mechanical');
#5683=PRODUCT_CONTEXT('',#5689,'mechanical');
#5684=PRODUCT_CONTEXT('',#5689,'mechanical');
#5685=PRODUCT_CONTEXT('',#5689,'mechanical');
#5686=PRODUCT_CONTEXT('',#5689,'mechanical');
#5687=PRODUCT_CONTEXT('',#5689,'mechanical');
#5688=APPLICATION_PROTOCOL_DEFINITION('international standard',
'automotive_design',2010,#5689);
#5689=APPLICATION_CONTEXT(
'core data for automotive mechanical design processes');
ENDSEC;
END-ISO-10303-21;
